date,n_total,n_total_liq,classifiable_pct,adv,dec,unch,rana,adv_pct,adv_liq,dec_liq,unch_liq,rana_liq,osc,osc_liq
2018-05-01,6003,3483,0.5846497972878513,0,0,0,0.0,0.0,0,0,0,0.0,0.0,0.0
2018-05-02,6032,3591,0.5807622504537205,2802,2627,285,0.032234297292319025,0.5161171486461595,1562,1629,95,-0.020996552804763396,1.6117148646159514,-1.0498276402381699
2018-05-03,5954,3528,0.5855754331595999,2105,3351,218,-0.2283724340175953,0.38581378299120234,1267,1949,78,-0.21206467661691542,-10.04866406595621,-11.495587325048216
2018-05-04,6018,3512,0.5817442512619181,4066,1407,192,0.48583957610085876,0.7429197880504294,2485,707,65,0.5570175438596491,15.742555774657083,18.084877104892662
2018-05-07,6047,3595,0.5784928262989274,3372,2118,230,0.2284153005464481,0.614207650273224,2120,1097,64,0.31799813490829965,24.844122181787625,31.33477935940017
2018-05-08,6004,3572,0.5829596412556054,2865,2625,232,0.04371584699453552,0.5218579234972678,1764,1487,70,0.08520455244540141,23.266768171379677,30.867092767062182
2018-05-09,6047,3608,0.5799748988983405,3438,2041,233,0.2549735353166636,0.6274867676583318,2149,1130,63,0.3107654772796584,32.36468106773039,41.590931508490755
2018-05-10,6038,3543,0.5827187978294143,3562,1981,197,0.28522460761320584,0.642612303806603,2186,1068,68,0.3435771358328211,41.494126803598704,52.19244190252786
2018-05-11,6062,3524,0.5794587092297016,3023,2487,248,0.09727767695099819,0.5486388384754991,1697,1478,87,0.06897637795275591,39.69498574063774,47.26573318591369
2018-05-14,6025,3572,0.581924849839363,2449,3061,243,-0.11107078039927405,0.44446460980036295,1441,1760,77,-0.09965635738831616,27.54082233558931,34.3854318002254
2018-05-15,6014,3619,0.5846475924633636,2329,3183,216,-0.1549346879535559,0.42253265602322204,1505,1755,76,-0.07668711656441718,14.818113134880871,24.34930899765573
2018-05-16,6020,3677,0.5845788517949434,3607,1858,243,0.3200365965233303,0.6600182982616651,2302,1013,75,0.38883861236802414,27.61467042644506,38.92296390309245
2018-05-17,5957,3585,0.5869227510238667,3119,2331,253,0.14458715596330277,0.5722935779816514,1929,1356,83,0.17442922374429223,29.645181530598837,40.46835459653879
2018-05-18,5975,3612,0.5879538418238108,2722,2654,292,0.012648809523809524,0.5063244047619048,1594,1653,91,-0.018170619032953497,24.63612529502267,31.957329727590437
2018-05-21,5959,3512,0.5864746576309473,3545,1878,239,0.30739443112668263,0.6536972155633414,2152,1050,81,0.34415990006246094,34.96748266727358,42.637142770772364
2018-05-22,6014,3555,0.5846925972396487,2217,3220,251,-0.18447673349273497,0.4077616332536325,1260,1940,65,-0.2125,19.032397576240868,23.722202205716012
2018-05-23,6038,3510,0.5812691344280545,2822,2634,263,0.0344574780058651,0.5172287390029325,1651,1531,75,0.03771213073538655,16.259448410456685,19.941923548333573
2018-05-24,6049,3517,0.5825688073394495,2618,2855,250,-0.04330348985930934,0.47834825507034534,1459,1699,78,-0.0759974667511083,9.919231238400217,10.92459580420517
2018-05-25,5999,3444,0.5879960734819801,2713,2766,259,-0.009673298047088885,0.4951633509764556,1458,1652,85,-0.062379421221864954,6.13025899071095,3.841059880416525
2018-05-29,6109,3648,0.582122292295037,2144,3412,227,-0.22822174226061914,0.3858891288696904,1226,1947,72,-0.22722975102426726,-8.067385786693439,-10.477085123944963
2018-05-30,6039,3677,0.5853624599972171,4147,1428,232,0.48771300448430494,0.7438565022421525,2631,704,69,0.5778110944527736,15.630702194805481,17.585328596797734
2018-05-31,6070,3669,0.5828943720543388,1983,3572,242,-0.28604860486048606,0.356975697569757,985,2370,79,-0.4128166915052161,-2.8736665592265163,-8.04062361285074
2018-06-01,6075,3690,0.5849917081260365,3866,1671,258,0.396424056348203,0.6982120281741016,2349,995,86,0.4049043062200957,15.443099549306707,10.975440252229664
2018-06-04,6059,3628,0.5838543837710157,3304,2264,229,0.1867816091954023,0.5933908045977011,2151,1191,66,0.2872531418312388,20.544596716716054,21.296739436169414
2018-06-05,6075,3626,0.5827457486520116,3385,2124,272,0.22889816663641313,0.6144490833182066,2029,1264,88,0.2323109626480413,26.909481683318,27.267857582097182
2018-06-06,6084,3664,0.5822295805739515,3435,2134,231,0.23361465254085115,0.6168073262704256,2211,1105,77,0.3335343787696019,32.452735216567966,37.29799511503297
2018-06-07,6076,3534,0.5829886958919217,2664,2889,255,-0.04051863857374392,0.47974068071312803,1441,1809,83,-0.11323076923076923,23.32328875568411,23.349015330099352
2018-06-08,6014,3571,0.5844174010351098,2959,2510,266,0.08209910404095813,0.5410495520204791,1911,1299,90,0.19065420560747665,21.531882718585095,26.50014127924291
2018-06-11,6030,3661,0.5869413893916191,2983,2503,240,0.08749544294567992,0.54374772147284,1788,1510,65,0.08429351121892056,20.162388088508592,23.743818539936623
2018-06-12,6008,3631,0.5876836948915325,2807,2670,255,0.025013693627898483,0.5125068468139492,1866,1482,70,0.11469534050179211,15.766570773461567,22.78853496927365
2018-06-13,6024,3692,0.5864567367981051,2078,3339,276,-0.23278567472770906,0.38360716263614547,1228,2090,98,-0.2597950572634117,-0.9606543025513226,3.133304953250246
2018-06-14,5973,3682,0.589747191011236,2960,2480,261,0.08823529411764706,0.5441176470588235,1925,1453,80,0.13972764949674363,0.7934199712382253,6.28855210279175
2018-06-15,5977,3901,0.5898442979379998,2535,2883,254,-0.06423034330011074,0.4678848283499446,1606,1802,91,-0.057511737089201875,-5.334095495415796,-0.9071236741615002
2018-06-18,5989,3660,0.5896464646464646,2895,2560,231,0.0614115490375802,0.5307057745187901,1927,1502,93,0.12394284047827354,-4.264356125043355,2.017838033288047
2018-06-19,6006,3725,0.5893255295429208,2356,3108,237,-0.1376281112737921,0.431185944363104,1458,1930,82,-0.13931523022432113,-13.280390198318319,-8.65431243213876
2018-06-20,5986,3670,0.5897830650804758,3470,2012,229,0.2659613279824881,0.6329806639912441,2169,1209,72,0.2841918294849023,-0.7432254171628114,3.4396234675431874
2018-06-21,5987,3702,0.5898082038359233,1588,3891,194,-0.4203321774046359,0.28983391129768205,866,2502,70,-0.4857482185273159,-24.33490867154524,-24.73426185617738
2018-06-22,5964,3972,0.5898085585585585,3186,2255,213,0.1711082521595295,0.5855541260797648,1937,1527,71,0.11836027713625866,-14.812101832476218,-18.49383771549884
2018-06-25,6040,3773,0.5878200692041522,1291,4234,177,-0.5326696832579185,0.23366515837104074,702,2815,56,-0.6007961330679557,-41.784938246782225,-49.02362639685192
2018-06-26,6001,3681,0.5885562395075545,3236,2243,229,0.1812374520897974,0.5906187260448987,2011,1390,72,0.18259335489561893,-28.942431922394157,-35.71200318924581
2018-06-27,6065,3733,0.5871332139413142,1296,4241,198,-0.5318764674011197,0.23406176629944014,601,2814,44,-0.6480234260614934,-53.47307282997625,-65.68284437865198
2018-06-28,6071,3703,0.5841611479028698,2914,2589,270,0.059058695257132476,0.5295293476285662,1932,1418,106,0.15343283582089554,-44.63264730889644,-50.90668627958154
2018-06-29,6096,3724,0.5840683572216097,3169,2416,223,0.13482542524619517,0.5674127126230976,1763,1619,80,0.04257835600236547,-33.062583752375595,-43.56126166440492
2018-07-02,6044,3596,0.5899031811894883,3096,2468,214,0.11286843997124371,0.5564342199856218,1945,1377,75,0.17098133654425046,-24.102715756535957,-30.642968283012628
2018-07-03,5919,3250,0.5905276632058029,3189,2214,276,0.1804553026096613,0.5902276513048307,1739,1297,76,0.14558629776021081,-12.94217190938951,-20.71436453970914
2018-07-05,6104,3610,0.5847632120796157,3822,1645,217,0.39820742637644047,0.6991037131882202,2300,753,66,0.5067147068457255,7.552410127806615,5.934583937789624
2018-07-06,6100,3566,0.5817480011028399,3974,1578,266,0.4315561959654179,0.715778097982709,2447,811,77,0.5021485573971762,26.704954198419145,28.461454493934653
2018-07-09,6135,3606,0.5822957996990012,3532,2074,228,0.2600784873349982,0.6300392436674991,2143,1118,62,0.31432076050291324,34.372969176279774,38.18823170225583
2018-07-10,6117,3601,0.5828626532580246,2450,3110,300,-0.11870503597122302,0.44064748201438847,1396,1869,75,-0.14486983154670752,21.81808097115815,23.35415545437812
2018-07-11,6062,3566,0.5830790568654647,1814,3730,261,-0.34559884559884557,0.3272005772005772,996,2272,71,-0.390452876376989,-0.37012933045776214,-1.724902756343287
2018-07-12,6088,3518,0.5793046128272614,3206,2336,252,0.1569830386142187,0.5784915193071093,1980,1219,80,0.2378868396373867,5.7898957189661395,8.258112787990415
2018-07-13,6032,3485,0.5830078125,2519,2950,279,-0.07880782592795758,0.46059608703602123,1449,1703,97,-0.08058375634517767,-0.7617755694800734,0.8287707153275605
2018-07-16,6053,3574,0.5857717376230759,1972,3514,247,-0.2810791104629967,0.35946044476850164,1057,2126,85,-0.335846685516808,-16.47320987000614,-18.290607068957332
2018-07-17,6083,3566,0.5838277908099904,3131,2388,248,0.134625838014133,0.5673129190070665,1975,1248,77,0.22556624263108904,-9.038872723749407,-6.475575631781281
2018-07-18,6070,3557,0.5842805655669532,3042,2477,280,0.10237361840913209,0.5511868092045661,1791,1427,83,0.11311373523927906,-4.249931080331202,-1.9639712444273483
2018-07-19,6107,3608,0.583047121857398,3132,2388,282,0.13478260869565217,0.5673913043478261,1868,1349,97,0.16133043207957726,1.4863131945190289,4.314105204997309
2018-07-20,6024,3551,0.5863947478698143,2539,2927,287,-0.07098426637394804,0.46450786681302597,1315,1908,96,-0.183990071362085,-3.904973269936635,-7.605735128852702
2018-07-23,6005,3501,0.5887232845894264,2515,2921,252,-0.07468727005150846,0.4626563649742458,1513,1665,73,-0.04782882315921964,-8.680148514574562,-10.951107528506935
2018-07-24,6069,3581,0.5888185072982649,2119,3383,223,-0.22973464194838242,0.3851326790258088,1143,2087,72,-0.29226006191950465,-20.47189120101082,-25.97820733058302
2018-07-25,6094,3565,0.585936424934636,3126,2363,278,0.13900528329386044,0.5695026416469302,1944,1306,84,0.1963076923076923,-12.014475479796616,-14.26809891334531
2018-07-26,6042,3549,0.5885460105643592,3257,2210,255,0.1915127126394732,0.5957563563197366,1974,1246,78,0.22608695652173913,-2.097941193478857,-2.695652511338003
2018-07-27,5965,3630,0.5930577113023846,1437,4018,210,-0.4731439046746104,0.2634280476626948,731,2545,48,-0.5537240537240538,-26.841645538413957,-31.778283087354705
2018-07-30,5983,3558,0.5905178495837449,2175,3228,243,-0.1948917268184342,0.4025541365907829,1240,2027,66,-0.2408937863483318,-33.95069563283259,-40.84352744562612
2018-07-31,6024,3646,0.5892982210393612,3614,1819,233,0.3303883673845021,0.665194183692251,2280,990,72,0.3944954128440367,-13.595175275249543,-16.62063377510162
2018-08-01,5995,3533,0.5902514398089619,2355,3081,241,-0.1335540838852097,0.43322295805739514,1376,1863,78,-0.150355047854276,-19.32035205662538,-23.069479552843298
2018-08-02,5957,3486,0.592482690405539,3126,2291,226,0.15414436034705556,0.5770721801735278,1933,1248,68,0.21534108770826785,-9.733854232805331,-10.183088516921027
2018-08-03,5949,3485,0.5940650291069147,2610,2803,218,-0.035654904858673564,0.48217254757066325,1531,1651,55,-0.03771213073538655,-10.978692582561616,-11.766969660805598
2018-08-06,5990,3467,0.5903139518513304,3223,2143,256,0.20126723816623182,0.600633619083116,1904,1225,79,0.21700223713646533,-0.14202875744516105,-0.3266347969302849
2018-08-07,5979,3532,0.5925873731679819,2904,2484,267,0.0779510022271715,0.5389755011135857,1781,1392,68,0.12259691144027735,2.9582171598636178,4.736218400858364
2018-08-08,5958,3554,0.5936040752794679,2653,2696,273,-0.00803888577304169,0.49598055711347916,1527,1675,93,-0.0462211118051218,1.2946419333526444,0.6003756306934074
2018-08-09,5929,3517,0.5932203389830508,2722,2613,274,0.020431115276476102,0.510215557638238,1637,1553,74,0.026332288401253918,1.2893119574948901,0.6888981943676888
2018-08-10,5957,3532,0.5918136908962597,1938,3393,268,-0.27293190770962295,0.3635340461451885,1135,2059,88,-0.28929242329367566,-13.389842880955918,-15.02009508940912
2018-08-13,5990,3567,0.5930541940904636,1822,3578,244,-0.3251851851851852,0.33740740740740743,988,2214,88,-0.3828856964397252,-28.486234927204695,-33.05584752889373
2018-08-14,5975,3572,0.5921219822109276,3572,1866,226,0.31371827877896286,0.6568591393894814,2272,937,79,0.4160174509192895,-9.30604575390397,-8.365979259057855
2018-08-15,6038,3641,0.5915961725142144,1466,4008,190,-0.464377055169894,0.267811472415053,782,2487,58,-0.5215662282043438,-31.76522047940518,-34.09349594823457
2018-08-16,5983,3497,0.5931441416128126,3894,1574,215,0.4242867593269934,0.7121433796634967,2409,825,62,0.4897959183673469,-6.37579804246731,-5.351947909154943
2018-08-17,5962,3539,0.5950063478628862,3349,2011,287,0.2496268656716418,0.6248134328358209,2090,1044,96,0.3337587747287811,6.631042448559326,11.446978221875622
2018-08-20,6034,3492,0.5887040402628267,3406,2015,237,0.2565947242206235,0.6282973621103117,1990,1159,59,0.26389329946014606,18.06712878359339,22.259551409365628
2018-08-21,6061,3530,0.5880227872724746,3593,1874,241,0.314432046826413,0.6572160234132065,2206,957,69,0.394878280113816,30.646513086419024,37.94225276030625
2018-08-22,6012,3458,0.5898766124509254,3048,2360,305,0.12721893491124261,0.5636094674556213,1776,1361,82,0.1322919987248964,31.88799850414433,38.031937082112975
2018-08-23,5962,3408,0.5917411664538101,1943,3457,268,-0.2803703703703704,0.3598148148148148,1058,2021,77,-0.3127638843780448,12.410563279698087,15.665663336700101
2018-08-24,6030,3464,0.5884750527055517,3496,1901,275,0.29553455623494534,0.6477672781174727,2101,982,102,0.3629581576386636,24.49054967666385,30.250273068524006
2018-08-27,6078,3574,0.5855693034895036,3249,2213,274,0.1896741120468693,0.5948370560234346,1989,1174,80,0.2576667720518495,29.40346308828246,37.30429374455013
2018-08-28,6064,3465,0.5872838817624094,2568,2894,302,-0.05968509703405346,0.4701574514829733,1493,1663,88,-0.053865652724968315,20.989026285728823,27.572338714988813
2018-08-29,6054,3430,0.5895087427144047,3320,2121,310,0.22036390369417386,0.6101819518470869,1924,1161,90,0.2473257698541329,27.692187724528175,34.173226600094004
2018-08-30,5993,3473,0.5953378001116695,1973,3450,276,-0.2723584731698322,0.3638207634150839,1046,2070,76,-0.3286264441591784,8.64881097287868,10.84850890819291
2018-08-31,5982,3509,0.5925457102672292,3079,2327,269,0.13910469848316684,0.5695523492415834,1882,1241,90,0.2052513608709574,12.89663837800392,17.5455229885833
2018-09-04,6117,3588,0.5874691527282698,2139,3358,229,-0.2217573221757322,0.3891213389121339,1246,1959,81,-0.22246489859594384,-1.5790534154489708,1.7979294390291085
2018-09-05,6067,3576,0.5879166666666666,2290,3260,246,-0.17477477477477477,0.4126126126126126,1449,1793,86,-0.10610734114743985,-11.598747261726079,-5.857374820609676
2018-09-06,6061,3541,0.5904314159292036,2032,3511,221,-0.2668230200252571,0.3665884899873715,1185,2054,53,-0.2682926829268293,-24.710004026508486,-20.482640177467257
2018-09-07,6052,3501,0.5884961884961885,2223,3240,281,-0.18616144975288304,0.40691927512355847,1346,1823,99,-0.15052066898075103,-31.763500026646213,-26.996228159389243
2018-09-10,6040,3521,0.5914261931187569,3029,2463,255,0.10305899490167517,0.5515294974508376,1764,1380,81,0.12213740458015267,-23.174399373902816,-18.797461065090406
2018-09-11,6045,3530,0.5910796165068779,2659,2829,287,-0.03097667638483965,0.48451166180758015,1613,1571,90,0.013190954773869347,-22.416629883263447,-17.140850384453618
2018-09-12,6044,3586,0.5913321294624253,2817,2689,259,0.023247366509262624,0.5116236832546313,1580,1645,65,-0.020155038759689922,-18.945451674645348,-17.306043677264856
2018-09-13,6078,3536,0.5887980036046028,2807,2715,242,0.01666063020644694,0.5083303151032235,1737,1477,71,0.08089607965152458,-16.212203863044437,-12.308197803671417
2018-09-14,6052,3588,0.5891839288196858,2838,2663,267,0.03181239774586439,0.5159061988729322,1804,1419,70,0.11945392491467577,-13.03662758783956,-6.04560632957311
2018-09-17,6100,3638,0.5876345569969639,1978,3537,255,-0.28268359020852224,0.3586582048957389,1112,2165,55,-0.32133048519987795,-25.981126132319524,-22.700083093298876
2018-09-18,6122,3570,0.5841720667310079,3164,2394,256,0.1385390428211587,0.5692695214105793,2008,1237,68,0.23759630200308166,-15.857635105704249,-8.879820950669933
2018-09-19,6134,3668,0.5865661411925976,2549,3037,255,-0.08736126029359112,0.4563193698532044,1582,1695,83,-0.034482758620689655,-18.41777725815716,-10.623050745157402
2018-09-20,6122,3681,0.5888812628689087,3876,1735,247,0.38157191231509535,0.6907859561575477,2495,857,74,0.4886634844868735,2.9320487182207136,14.09691518965976
2018-09-21,6068,4012,0.5912054376473852,2639,2941,217,-0.05412186379928315,0.4729390681003584,1531,1878,84,-0.10178938105016133,-0.6131991212862337,5.639358211128396
2018-09-24,6055,3604,0.5931474545706755,1959,3580,221,-0.2926521032677379,0.3536739483661311,1197,2178,73,-0.2906666666666667,-15.56783200188098,-11.063914077396836
2018-09-25,6116,3627,0.5834601023371595,2600,2902,284,-0.05488913122500909,0.4725554343874955,1594,1661,85,-0.020583717357910907,-16.388055352643644,-11.785744848261135
2018-09-26,6120,3639,0.5892172961138479,2012,3574,245,-0.2796276405298962,0.3601861797350519,1038,2255,68,-0.36957181901002123,-28.24433150602686,-29.793386515714325
2018-09-27,6106,3584,0.5890203632361035,2766,2767,284,-0.0001807337791433219,0.49990963311042835,1600,1640,100,-0.012345679012345678,-24.26788062210173,-27.17964620892445
2018-09-28,6179,3698,0.5864692297242222,3075,2489,271,0.10531991373112869,0.5526599568655644,1871,1378,95,0.15173899661434287,-15.471643337721636,-16.604766234240056
2018-10-01,6214,3769,0.5845841784989858,2176,3557,180,-0.24088609802895516,0.3795569509855224,1181,2208,44,-0.30303924461493065,-25.18380283089224,-30.21913208617738
2018-10-02,6190,3698,0.5864172427816186,2119,3617,187,-0.2611576011157601,0.36942119944211993,1177,2234,55,-0.30987980064497217,-34.375355337738895,-42.05034703065498
2018-10-03,6238,3689,0.5824707621992203,3241,2519,163,0.12534722222222222,0.5626736111111111,2137,1250,47,0.26188367286684383,-22.737014787504975,-23.367610397439257
2018-10-04,6245,3738,0.5860136127051915,1217,4603,147,-0.5817869415807561,0.209106529209622,744,2658,31,-0.562610229276896,-48.029256733266365,-48.5017276312396
2018-10-05,6175,3685,0.5876218851570965,1898,3849,186,-0.33948146859230904,0.3302592657038455,1056,2333,56,-0.37680731779285925,-57.29870366380367,-60.45874365378087
2018-10-08,6152,3655,0.5872647941096264,2576,3129,174,-0.09693251533742331,0.45153374233128835,1574,1775,51,-0.06001791579575993,-52.81013960834975,-54.54022853492978
2018-10-09,6087,3730,0.5922971114167813,2483,3156,194,-0.11934740202163505,0.44032629898918246,1356,2018,61,-0.1962062833432128,-49.8291109771055,-56.016615343010095
2018-10-10,6238,3892,0.5880394246137454,653,5095,148,-0.7727905358385525,0.11360473208072373,309,3205,27,-0.8241320432555492,-79.70334263335202,-88.39513098282055
2018-10-11,6329,3904,0.5826018603432465,1514,4332,184,-0.4820390010263428,0.2589804994868286,831,2772,46,-0.5387177352206495,-90.30971724566552,-101.36607079819939
2018-10-12,6202,3852,0.5891826600456315,3244,2573,173,0.11535155578476879,0.5576757778923844,2051,1498,47,0.15581854043392504,-69.05709111240968,-77.22258020362857
2018-10-15,6173,3626,0.5880119338215352,3234,2514,166,0.12526096033402923,0.5626304801670147,2014,1391,52,0.18296622613803232,-50.045340085450874,-54.836398559047026
2018-10-16,6165,3681,0.5875783165350041,4749,987,142,0.6558577405857741,0.827928870292887,2989,385,35,0.7717842323651453,-7.010227244386602,-5.981130948778918
2018-10-17,6112,3585,0.5930375426621161,2207,3447,194,-0.2193137601697913,0.39034311991510434,1295,2019,53,-0.2184671092335546,-13.938729666832975,-13.692538567190777
2018-10-18,6079,3685,0.5952970297029703,1262,4368,169,-0.5516873889875666,0.2241563055062167,554,2772,44,-0.666867107636801,-36.41158703057923,-42.6373293082593
2018-10-19,6123,3717,0.5912900123643358,2220,3418,181,-0.21248669741042922,0.3937566512947854,1182,2185,59,-0.29789129789129787,-38.483787562572495,-48.723148258056405
2018-10-22,6093,3638,0.5926383738497459,2236,3408,167,-0.2076541459957477,0.39617292700212614,1324,2036,46,-0.2119047619047619,-39.82147250887981,-49.383580919515865
2018-10-23,6154,3744,0.5910876337532168,1797,3855,156,-0.3641188959660297,0.3179405520169851,1068,2315,51,-0.3686077446053798,-48.58932327394226,-57.53648207549701
2018-10-24,6121,3789,0.5931579664713098,1107,4618,123,-0.6132751091703057,0.19336244541484715,457,3033,20,-0.73810888252149,-68.30069972191474,-82.69458704928893
2018-10-25,6100,3747,0.5948394180620368,3865,1759,171,0.3744665718349929,0.6872332859174964,2609,838,50,0.5137800986364955,-35.42533903605674,-41.19684480873527
2018-10-26,6097,3729,0.5953259532595326,1810,3828,134,-0.3579283433841788,0.3210358283079106,1072,2374,34,-0.3778293673824724,-43.75952471542644,-50.09076426996664
2018-10-29,6122,3745,0.5958690039407528,2316,3362,128,-0.1842197957027122,0.4078901021486439,1360,2076,38,-0.20838183934807916,-41.981028463637074,-48.97223518624996
2018-10-30,6101,3685,0.5937200054847114,3806,1836,164,0.3491669620701879,0.6745834810350939,2640,766,50,0.5502055196711685,-13.581171137393975,-9.841663692778571
2018-10-31,6159,3864,0.5914974792206023,3374,2303,148,0.18865598027127004,0.594327990135635,2079,1385,42,0.20034642032332564,2.7430636422849513,6.171228285211217
2018-11-01,6053,3788,0.5960686600221484,4270,1373,139,0.5133794081162503,0.7566897040581251,2766,747,44,0.5747224594363791,32.92274045294804,38.5501967406191
2018-11-02,6042,3713,0.6006901311249138,2768,2822,147,-0.00966010733452594,0.49516994633273703,1802,1671,49,0.037719550820616184,32.40977465126142,39.19131835550161
2018-11-05,6047,3704,0.5979481491751005,3071,2503,165,0.10190168640114819,0.5509508432005741,1901,1506,56,0.11593777516877019,37.38722970434676,43.45443196185634
2018-11-06,6025,3583,0.5980242103798525,3384,2141,187,0.22497737556561087,0.6124886877828054,2058,1266,66,0.23826714801444043,47.60980208443613,52.99859057776388
2018-11-07,6101,3751,0.5942307692307692,4067,1525,131,0.45457796852646637,0.7272889842632332,2523,841,34,0.5,67.59208210703314,73.98049584075396
2018-11-08,6078,3682,0.5975810885101704,2583,3000,183,-0.07469102632993015,0.4626544868350349,1500,1877,65,-0.1116375481196328,57.875521372998584,60.96824495542509
2018-11-09,6032,3672,0.5994180407371484,1482,4126,126,-0.4714693295292439,0.26426533523537804,837,2535,47,-0.50355871886121,29.43956917856836,29.94187068661292
2018-11-12,6087,3691,0.5971499040833105,1351,4219,163,-0.5149012567324955,0.24254937163375223,633,2757,37,-0.6265486725663717,2.808035846275085,-2.884886351912641
2018-11-13,6096,3749,0.5950786056049214,2690,2876,189,-0.033417175709665826,0.4832914121451671,1647,1762,57,-0.03373423291287768,4.098238719074443,-1.2966172054177383
2018-11-14,6140,3770,0.5963439404197698,1914,3721,152,-0.3206743566992014,0.3396628216503993,1252,2214,52,-0.2775533756491633,-9.181988067754263,-12.123121135951779
2018-11-15,6190,3744,0.5920150557870681,3594,2103,155,0.26171669299631384,0.630858346498157,2447,1029,34,0.4079401611047181,8.628880454621735,12.955510446815442
2018-11-16,6124,3748,0.5940054495912807,2900,2741,196,0.028186491756780712,0.5140932458783903,1892,1518,77,0.10967741935483871,12.137518577003451,19.419825810353366
2018-11-19,6189,3716,0.591123701605288,1522,4159,163,-0.46417884175321245,0.2679105791233938,810,2608,53,-0.5260386190754828,-9.541550096744858,-6.936085604389554
2018-11-20,6259,3811,0.5896822231086292,1134,4642,151,-0.6073407202216067,0.1963296398891967,664,2795,40,-0.6160740098294305,-35.18753998573563,-33.937478973670196
2018-11-21,6090,3536,0.5981922760887428,4210,1483,171,0.4790093096785526,0.7395046548392763,2638,704,39,0.5786953919808497,-2.621422145886121,2.8844871809772243
2018-11-23,5780,3055,0.6093885830194147,2667,2723,180,-0.01038961038961039,0.4948051948051948,1420,1485,54,-0.022375215146299483,0.7657697145064951,4.2993154509384235
2018-11-26,6221,3695,0.5905480005385755,3380,2066,177,0.24127800220345208,0.620639001101726,2048,893,43,0.3927235634138048,16.24137053622277,26.24243597250577
2018-11-27,6155,3644,0.5930200977729495,2114,3578,189,-0.2572030920590302,0.3713984539704849,1214,2146,49,-0.2773809523809524,4.46774767298496,11.367366048845467
2018-11-28,6247,3791,0.5914707054603427,4544,1205,151,0.5807966602887459,0.7903983301443729,2897,497,40,0.7071302298173247,36.278949003940504,47.81790354378553
2018-11-29,6262,3662,0.5885180240320427,2707,3068,187,-0.06251082251082252,0.46874458874458874,1430,1957,50,-0.15559492175966932,31.13075725690938,35.60776600539066
2018-11-30,6240,3859,0.5889513108614233,3096,2705,174,0.06740217203930357,0.5337010860196518,2043,1365,58,0.198943661971831,33.06904925441953,42.71698876661111
2018-12-03,6194,3772,0.5937834941050375,3960,1807,143,0.3733310213282469,0.6866655106641235,2412,1063,51,0.3882014388489209,49.85738613046577,58.04467812747604
2018-12-04,6268,3873,0.5903980954900145,847,4972,110,-0.7088846880907372,0.14555765595463138,300,3226,31,-0.8298355076574021,9.851341757883777,9.95778181506202
2018-12-06,6348,3931,0.586752025084923,2225,3658,140,-0.2435832058473568,0.3782083970763216,1527,2058,40,-0.14811715481171547,-1.1380087772942318,2.879614201157052
2018-12-07,6218,3790,0.5936,1736,4080,201,-0.4030261348005502,0.2984869325997249,720,2816,58,-0.5927601809954751,-18.500359888644624,-25.418768488925465
2018-12-10,6297,3842,0.5885842341154759,2108,3694,164,-0.2733540158566012,0.36332299207169944,1250,2233,53,-0.28222796439850706,-26.769062342208535,-33.96018101665299
2018-12-11,6226,3775,0.5925333333333334,2552,3223,196,-0.11619047619047619,0.4419047619047619,1486,1984,78,-0.1435158501440922,-25.846780644988396,-34.15768211005603
2018-12-12,6202,3824,0.5908113917248791,3825,1923,171,0.33089770354906056,0.6654488517745303,2470,1013,52,0.4183175423485501,-2.574586903663391,-6.064087509733216
2018-12-13,6225,3766,0.5908360128617364,1646,4131,155,-0.43015405920027694,0.28492297039986153,943,2534,51,-0.457578372159908,-20.71657645777908,-25.808539414331463
2018-12-14,6220,3779,0.5925529065095098,1267,4524,150,-0.5624244517354515,0.2187877741322742,638,2814,50,-0.6303592120509849,-42.73791427101782,-51.20004509024515
2018-12-17,6363,4091,0.5864769612322152,973,4936,99,-0.6706718564900999,0.16466407175495007,501,3089,29,-0.7208913649025069,-66.76483876771428,-77.18038986027622
2018-12-18,6315,4001,0.5871801635452387,2476,3432,167,-0.16181448882870683,0.41909275558564657,1625,2081,59,-0.12304371289800324,-61.531166635481526,-69.11530008912625
2018-12-19,6324,4051,0.5898074151709681,1649,4247,161,-0.4406377204884668,0.27968113975576664,788,2937,46,-0.5769127516778524,-70.68988271223311,-84.56752377333984
2018-12-20,6407,4257,0.5867662203913491,1296,4706,114,-0.5681439520159947,0.21592802399200267,821,2993,45,-0.5694808599895124,-84.54244712067094,-96.98474282005878
2018-12-21,6375,4318,0.5865209471766849,1351,4667,121,-0.5510136257892988,0.22449318710535063,668,3262,37,-0.6600508905852417,-95.10716114294715,-111.64504292068966
2018-12-24,6159,3646,0.5973362034171936,1427,4419,123,-0.5118029421826891,0.2440985289086555,702,2800,43,-0.5990862364363221,-101.70392164594807,-120.5731415846796
2018-12-26,6372,4133,0.5887474012474012,4849,1024,104,0.6512855440149838,0.8256427720074919,3199,318,27,0.8191640602786465,-48.68120795790051,-56.691285398719174
2018-12-27,6361,4112,0.5896767466110532,3049,2895,189,0.025908479138627188,0.5129542395693136,2034,1733,82,0.07990443323599682,-34.372234958648164,-38.7518232848619
2018-12-28,6398,4061,0.5866044824459127,3865,2117,159,0.29220996322300236,0.6461049816115012,2244,1488,76,0.20257234726688103,-8.651127665275371,-17.08642835954541
2018-12-31,6376,4141,0.5888456549935149,4022,2002,129,0.3353253652058433,0.6676626826029216,2551,1200,59,0.3601706211676886,15.539444808026756,9.40283013843829
2019-01-02,6287,3841,0.5923289837880585,4112,1841,110,0.38148832521417775,0.6907441626070888,2343,1270,33,0.29698311652366455,38.45283504907668,28.84475677132097
2019-01-03,6236,3745,0.5948527460864951,2177,3691,141,-0.2580095432856169,0.37099522835719156,1042,2450,54,-0.4032073310423826,25.876626104939252,10.313857880276709
2019-01-04,6274,3887,0.591852929506679,5175,713,85,0.7578125,0.87890625,3269,257,25,0.8542257515598412,65.7856864914579,57.290024169143656
2019-01-07,6292,3866,0.5899736147757256,4583,1315,107,0.5540861308918278,0.7770430654459138,2818,758,33,0.5760626398210291,89.39268623406544,83.26004063833858
2019-01-08,6244,3795,0.5925581395348837,4191,1662,145,0.43208610968733985,0.7160430548436699,2615,893,50,0.4908779931584949,103.02970652260016,100.78887218318185
2019-01-09,6233,3794,0.5950413223140496,3884,1912,162,0.34023464458247066,0.6701173222912353,2413,1058,53,0.390377412849323,109.5816370814409,110.24704977764831
2019-01-10,6195,3649,0.595004699879146,3231,2536,175,0.12051326512918328,0.5602566325645917,2031,1359,60,0.19823008849557522,103.64956055117817,108.17519015434154
2019-01-11,6135,3663,0.5995112679880532,3108,2571,202,0.09455890121500264,0.5472794506075013,1786,1555,59,0.06914097575576175,96.7616691193386,99.40841858865184
2019-01-14,6176,3676,0.5978422117329737,1895,3831,150,-0.33810688089416696,0.3309465595529165,1050,2309,46,-0.37481393271807084,68.75542449406059,69.21804138335227
2019-01-15,6166,3650,0.597843665768194,3718,2005,181,0.2993185392276778,0.6496592696138389,2260,1070,62,0.35735735735735735,76.33757922306984,79.6677431696758
2019-01-16,6166,3715,0.5962498313773101,3500,2209,191,0.22613417411105272,0.6130670870555264,2083,1244,72,0.2521791403666967,78.77941536442613,82.94498863160099
2019-01-17,6189,3764,0.5959161740999462,3725,1960,196,0.31046613896218117,0.6552330694810906,2451,947,71,0.442613301942319,84.68988643102004,94.85401663717013
2019-01-18,6229,3757,0.5963743001866169,4111,1651,159,0.42693509198195073,0.7134675459909754,2594,842,52,0.509895227008149,95.14333741179125,107.92606175203743
2019-01-22,6179,3837,0.5990092381844959,1343,4437,126,-0.5352941176470588,0.2323529411764706,644,2849,36,-0.6312625250501002,55.493860831841175,61.50514241357631
2019-01-23,6105,3661,0.6014699877501021,2764,2890,190,-0.022285107888220728,0.48885744605588966,1543,1862,67,-0.09368575624082232,46.96653953976656,48.38656910758806
2019-01-24,6121,3529,0.5978720501977902,3577,2048,181,0.27182222222222224,0.6359111111111111,2115,1132,70,0.302740991684632,54.14621364286608,56.74959348170289
2019-01-25,6120,3601,0.5992912634591795,4234,1426,154,0.496113074204947,0.7480565371024736,2524,706,45,0.5628482972136223,71.22864653193807,76.62159663061206
2019-01-28,6253,3632,0.5922575495543435,2241,3453,188,-0.21285563751317177,0.39357218124341414,1256,2039,55,-0.23763277693474963,50.029547833529,53.204997632357745
2019-01-29,6118,3584,0.5995357728017476,2929,2731,217,0.03498233215547703,0.5174911660777385,1597,1676,61,-0.02413687748243202,44.046069190654045,43.5925754733044
2019-01-30,6255,3717,0.5945874237198195,4209,1522,152,0.468853603210609,0.7344268016053045,2479,844,45,0.4920252783629251,60.40352815779927,60.96409944221512
2019-01-31,6338,3852,0.5900287882753206,3829,2028,156,0.3074953047635308,0.6537476523817654,2269,1184,51,0.3142195192586157,66.01922301156556,66.62164398320725
2019-02-01,6220,3676,0.596957160016015,3313,2512,185,0.1375107296137339,0.568755364806867,1966,1419,66,0.16159527326440176,61.99131723898804,63.494524046128795
2019-02-04,6180,3616,0.5989283322170127,3886,1837,177,0.35802900576620655,0.6790145028831033,2348,953,58,0.42259921235989095,69.26341502486297,73.55356083447052
2019-02-05,6251,3620,0.5932811047669632,3362,2337,205,0.17985611510791366,0.5899280575539568,1997,1297,63,0.21250758955676988,66.22609702374707,71.28168834417427
2019-02-06,6177,3565,0.5969868173258004,2533,3210,191,-0.11788263973532996,0.441058680132335,1390,1870,56,-0.147239263803681,48.41112190551207,50.99548625522758
2019-02-07,6145,3621,0.6017176596886742,1801,3892,172,-0.367293167047251,0.3163534164763745,1007,2276,52,-0.3865367042339324,20.466736204297522,21.430934016389457
2019-02-08,6139,3556,0.5984305236097957,2679,2961,216,-0.05,0.475,1549,1703,67,-0.047355473554735544,12.336611101100154,13.005148716060761
2019-02-11,6163,3584,0.5988411265328123,3566,2056,224,0.26858769121309145,0.6342938456065457,2118,1146,61,0.2977941176470588,21.25305564301547,22.993556100789124
2019-02-12,6196,3646,0.5987662598900362,4205,1505,182,0.47285464098073554,0.7364273204903677,2516,789,60,0.5225416036308623,38.98369793652018,42.656050933418136
2019-02-13,6147,3617,0.6003234065489826,3392,2288,204,0.19436619718309858,0.5971830985915493,1951,1346,78,0.1835001516530179,40.02405641790229,42.3021311617566
2019-02-14,6157,3705,0.6001885267977377,2813,2845,202,-0.005655708731000354,0.4971721456344998,1684,1639,64,0.01354198013842913,30.71234734168951,33.290110525447766
2019-02-15,6157,3764,0.5986229242608343,4214,1439,193,0.49088979303024943,0.7454448965151247,2712,703,62,0.5882869692532943,47.42454943288164,54.155631784519734
2019-02-19,6246,3746,0.5953611663353214,3555,2153,175,0.24562018220042045,0.6228100911002102,2069,1391,58,0.19595375722543354,49.21287893219506,52.10821370071064
2019-02-20,6287,3807,0.5930570221752904,3318,2480,176,0.14453259744739566,0.5722662987236978,2138,1361,40,0.22206344669905687,45.441457021795806,51.402614644231484
2019-02-21,6121,3593,0.602377093462993,2271,3413,198,-0.20091484869809992,0.39954257565095,1228,2146,60,-0.2720806164789567,24.71731169602069,25.835111218819957
2019-02-22,6172,3677,0.597979797979798,4024,1658,168,0.4164026751143963,0.7082013375571982,2446,891,46,0.46598741384477077,37.740457074627685,40.74912175018539
2019-02-25,6215,3784,0.5972240758040838,2934,2778,193,0.0273109243697479,0.5136554621848739,1629,1800,52,-0.049868766404199474,29.231956550731116,27.504046133303373
2019-02-26,6234,3673,0.595894975343196,2243,3516,201,-0.22104532036811947,0.3894773398159403,1211,2204,67,-0.29077598828696927,9.393216583152508,3.9966251560642623
2019-02-27,6201,3676,0.5977765871952853,2903,2826,224,0.01344039099319253,0.5067201954965963,1773,1591,79,0.054102259215219974,4.1084133960226366,1.1217094698539598
2019-02-28,6264,3766,0.5922433258068801,2446,3308,204,-0.14980882864094544,0.42509558567952727,1343,2050,59,-0.20837017388741527,-8.59309637766041,-14.465573644336871
2019-03-01,6210,3727,0.5962077713980505,3667,2109,173,0.26973684210526316,0.6348684210526315,2208,1219,53,0.28859060402684567,1.5673617850393144,-2.8723339430353074
2019-03-04,6260,3767,0.5958768336196644,2375,3409,165,-0.17876901798063624,0.41061549100968187,1292,2153,57,-0.24992743105950654,-12.178576299072583,-19.871654083024907
2019-03-05,6137,3646,0.5999187652315191,2494,3193,221,-0.12291190434323897,0.4385440478283805,1346,2037,72,-0.20425657700266037,-21.07760479762303,-32.02317182945859
2019-03-06,6181,3784,0.6004826384233811,1285,4430,143,-0.5503062117235346,0.22484689413823272,552,2873,32,-0.6776642335766423,-49.95060150891033,-65.92298647221118
2019-03-07,6213,3752,0.5977668483317825,1812,3893,188,-0.3647677475898335,0.3176161262050833,1003,2450,44,-0.41905589342600635,-65.11033748283138,-81.6472960518718
2019-03-08,6136,3679,0.6010250876719719,2484,3166,222,-0.12070796460176991,0.43964601769911504,1541,1842,74,-0.08897428318060893,-65.54337090371654,-78.1792637499524
2019-03-11,6165,3747,0.599703583939639,4457,1242,151,0.5641340586067731,0.7820670293033866,2841,567,41,0.6672535211267606,-31.3437964636276,-37.01180959769308
2019-03-12,6105,3695,0.6021490750816104,3036,2600,206,0.0773598296664301,0.5386799148332151,1857,1549,69,0.0904286553141515,-26.285152782050577,-30.469820540153343
2019-03-13,6181,3760,0.5999463015169821,3674,1981,196,0.2993810786914235,0.6496905393457117,2249,1170,60,0.3155893536121673,-10.727524219142303,-13.466035878355314
2019-03-14,6101,3688,0.6022882048488151,2337,3319,191,-0.17362093352192362,0.4131895332390382,1415,2001,71,-0.1715456674473068,-21.02221478742737,-23.217220866099925
2019-03-15,6181,4024,0.6006702412868633,3370,2273,177,0.19440014176856282,0.5972000708842814,2048,1407,63,0.18552821997105645,-11.318010384849641,-13.584703555372904
2019-03-18,6179,3760,0.5996780252213577,3571,2136,184,0.2514455931312423,0.6257227965656211,2329,1201,52,0.31954674220963175,-0.11205300058746148,1.4199483750043234
2019-03-19,6172,3728,0.6023031601499732,2411,3300,192,-0.15566450709157767,0.4221677464542112,1360,2072,66,-0.20745920745920746,-10.88590418318136,-12.108471449840126
2019-03-20,6221,3741,0.600634752710923,2350,3377,174,-0.17932599965077703,0.4103370001746115,1243,2188,51,-0.2754299038181288,-21.226192051343205,-27.013262860778998
2019-03-21,6187,3737,0.5980815995676844,3684,2036,180,0.2881118881118881,0.644055944055944,2432,1006,69,0.4147760325770797,-6.589112830231607,-5.111496383067404
2019-03-22,6161,3853,0.6027874564459931,1003,4723,135,-0.6496681802305274,0.1751659098847363,337,3168,32,-0.8077032810271041,-40.93046794915081,-47.48389424291785
2019-03-25,6172,3712,0.5999731435477373,2890,2758,208,0.023371104815864022,0.511685552407932,1881,1568,73,0.09075094230211656,-36.435709983761406,-38.552163775414364
2019-03-26,6181,3728,0.5983319881624967,3935,1752,194,0.3838579215755231,0.6919289607877616,2455,955,62,0.4398826979472141,-14.386172535451703,-13.266185624566933
2019-03-27,6228,3759,0.5981134582170852,2524,3225,199,-0.1219342494346843,0.43903287528265783,1343,2083,66,-0.21599532983070635,-20.751495704980012,-24.374244766365564
2019-03-28,6226,3701,0.5974095339831753,3636,2145,188,0.25791385573430203,0.628956927867151,2303,1119,58,0.34599649327878435,-7.097684277952505,-5.650172953297034
2019-03-29,6266,3961,0.5950139238827742,3412,2400,176,0.17412250516173433,0.5870612525808672,2076,1387,59,0.19896043892578688,0.4222453849173982,3.035356593993177
2019-04-01,6239,3837,0.5997350993377484,4142,1675,162,0.4241017706721678,0.7120508853360838,2586,966,55,0.4560810810810811,19.348637295268254,23.302339681721048
2019-04-02,6220,3794,0.5987975951903808,2789,2962,206,-0.03008172491740567,0.48495913754129716,1578,1899,71,-0.09232096635030199,12.724784412663226,13.093996151750629
2019-04-03,6160,3726,0.6040772532188842,3310,2369,221,0.165698186300405,0.5828490931502025,2050,1381,79,0.19498688429029437,16.786761836863132,18.665784984896973
2019-04-04,6152,3644,0.60191814129407,3265,2356,218,0.16171499733143568,0.5808574986657179,2038,1341,61,0.20627404557561407,19.97665927692127,23.900693576578604
2019-04-05,6106,3678,0.6029931972789115,4043,1588,178,0.4359793997513763,0.7179896998756882,2485,863,60,0.48446833930704897,36.31735841278341,42.16675164115526
2019-04-08,6135,3662,0.6049432739059968,2779,2814,211,-0.006257822277847309,0.49687108886107634,1651,1680,63,-0.00870609426598619,27.995208280420446,32.91467584951076
2019-04-09,6115,3665,0.6054412560909583,1454,4182,192,-0.48403122782114977,0.25798438608942514,693,2669,50,-0.5877453896490185,-3.1488764013171204,-4.112387100744456
2019-04-10,6130,3703,0.604036846383094,3990,1666,165,0.41089108910891087,0.7054455445544554,2589,821,53,0.518475073313783,14.984791424306879,19.56105916043113
2019-04-11,6068,3578,0.6082038702643772,2709,2863,209,-0.02763819095477387,0.4861809045226131,1577,1710,77,-0.04046242774566474,8.487689454909631,11.757175364961709
2019-04-12,6067,3599,0.6079180887372013,3279,2295,186,0.17653390742734124,0.5882669537136707,2010,1266,62,0.2271062271062271,13.098833742906185,18.40450158560514
2019-04-15,6150,3618,0.60506806847284,2310,3264,204,-0.17115177610333693,0.41442411194833156,1290,2004,58,-0.2167577413479053,-0.4084162361051927,1.8027445736206182
2019-04-16,6167,3671,0.6043204078894405,3133,2527,211,0.10706713780918728,0.5535335689045936,1851,1472,72,0.11405356605476978,1.9558728086468136,4.139793975639517
2019-04-17,6197,3675,0.6027507010281746,2098,3599,205,-0.2634720028084957,0.36826399859575215,1229,2149,46,-0.27235050325636473,-14.559396453017605,-13.202931221069255
2019-04-18,6156,3614,0.604466568007534,2759,2883,246,-0.02197802197802198,0.489010989010989,1639,1694,68,-0.0165016501650165,-16.532455647951913,-15.172503953582495
2019-04-22,6166,3624,0.6026972353337828,2340,3361,169,-0.17909138747588144,0.4104543062620593,1405,1902,55,-0.15028726942848503,-25.992427256273956,-23.469907083286827
2019-04-23,6196,3730,0.6009944899879048,4173,1576,164,0.4517307357801357,0.7258653678900678,2535,819,56,0.5116279069767442,-2.40963468230708,2.648921596493867
2019-04-24,6205,3626,0.601151425893694,2870,2856,209,0.0024449877750611247,0.5012224938875306,1683,1693,53,-0.002962085308056872,-4.698586258407585,-0.7622241045161654
2019-04-25,6121,3612,0.6024227575881312,2188,3510,199,-0.232011232011232,0.383994383994384,1189,2132,57,-0.2839506172839506,-18.35495791399614,-17.724369157151852
2019-04-26,6088,3586,0.6074154852780806,3788,1832,170,0.3480427046263345,0.6740213523131673,2405,897,55,0.4566929133858268,-0.936684058076051,4.893795202119272
2019-04-29,6127,3645,0.6049884777009624,3341,2282,195,0.18833362973501688,0.5941668148675084,1881,1415,70,0.14138349514563106,5.975169764460129,8.442385841275698
2019-04-30,6216,3840,0.6004553978033753,2612,3033,210,-0.0745792736935341,0.46271036315323294,1521,1871,62,-0.10318396226415094,-1.2907162375212917,-0.7941539619410326
2019-05-01,6134,3707,0.6083568453580546,1996,3670,194,-0.2954465231203671,0.35227673843981644,932,2504,62,-0.4575087310826543,-18.539957659369442,-26.4036631648068
2019-05-02,6071,3659,0.6117310832879695,2712,2870,182,-0.02830526692941598,0.48584736653529204,1780,1598,61,0.053878034339846066,-19.838296477205215,-22.598436946307984
2019-05-03,6010,3681,0.6128853864233375,4365,1180,155,0.5743913435527502,0.7871956717763751,2830,559,42,0.6701091767483033,9.28564584003954,11.579580775662901
2019-05-06,6107,3715,0.6104706361047063,2361,3147,209,-0.14270152505446623,0.4286492374727669,1480,1930,66,-0.13196480938416422,-1.7144551382772129,0.6401887174463244
2019-05-07,6093,3712,0.6116531165311653,1199,4427,152,-0.5737646640597227,0.21311766797013865,563,2906,38,-0.6754107812049582,-32.664126149309475,-35.888491026955776
2019-05-08,6021,3664,0.6144959427864117,2573,3029,173,-0.08139950017850768,0.45930024991074614,1408,2011,51,-0.17636735887686458,-34.34451603893476,-41.98889863688013
2019-05-09,6089,3696,0.6105006105006106,2234,3324,185,-0.19611370996761424,0.4019431450161929,1440,1961,64,-0.15319023816524552,-41.345237303825044,-45.83594661460008
2019-05-10,6065,3709,0.6121501706484641,3230,2340,196,0.15978456014362658,0.5798922800718133,1980,1426,71,0.1626541397533764,-29.329214293225064,-33.10377400654655
2019-05-13,6144,3830,0.6098841906813897,905,4762,121,-0.6806070231162873,0.15969648844185635,398,3120,32,-0.7737350767481523,-60.92844771069165,-68.87170838170448
2019-05-14,6121,3710,0.6079684525428338,4086,1544,181,0.45150976909413854,0.7257548845470693,2625,848,60,0.5116613878491219,-31.03531043355083,-34.839110500692286
2019-05-15,6133,3718,0.6038996454867739,3332,2292,186,0.18492176386913228,0.5924608819345661,2045,1363,59,0.20011737089201878,-18.65090177067799,-21.144244607778553
2019-05-16,6121,3706,0.6086838534599729,3529,2110,195,0.25164036176627064,0.6258201808831353,2157,1250,65,0.26621661285588494,-4.633047960211401,-6.024450948105105
2019-05-17,6090,3719,0.6081911262798635,1571,4053,190,-0.44132290184921763,0.2793385490753912,802,2656,46,-0.5361480624638519,-27.272780893235822,-33.18513888033063
2019-05-20,6085,3654,0.6124897736569402,1962,3638,177,-0.29928571428571427,0.35035714285714287,1163,2234,65,-0.3152781866352664,-39.39152926833036,-45.198107576552516
2019-05-21,6133,3703,0.6078431372549019,4118,1529,159,0.4584735257658934,0.7292367628829467,2655,741,43,0.5636042402826855,-11.668139480114155,-11.299083928041876
2019-05-22,6157,3611,0.6063440422936153,1962,3660,226,-0.30202774813233724,0.3489861259338314,1023,2343,62,-0.39215686274509803,-25.931364208700256,-30.046978440314245
2019-05-23,6241,3783,0.601411639366094,1208,4531,175,-0.5790207353197421,0.21048963234012893,554,2845,37,-0.6740217711091497,-51.84641388996812,-60.01943877430815
2019-05-24,6080,3588,0.6115442483928327,3649,1977,211,0.29719161038037684,0.6485958051901884,2180,1164,69,0.3038277511961722,-29.933932012996355,-36.45331905073529
2019-05-28,6217,3772,0.6038795986622073,2043,3589,195,-0.2745028409090909,0.36274857954545453,1060,2306,45,-0.3701723113487819,-39.633812912593896,-49.822023219074524
2019-05-29,6176,3848,0.6096679164434923,1785,3909,203,-0.37302423603793466,0.31348788198103267,1040,2457,64,-0.4052044609665427,-52.65511177362902,-62.754762647797236
2019-05-30,6192,3747,0.6056281136394237,2717,2974,202,-0.04515902301880162,0.4774204884905992,1522,1938,72,-0.12023121387283237,-47.13178608998925,-59.24981869143065
2019-05-31,6296,3866,0.6005015177510888,1588,4223,146,-0.45345035277921186,0.27327482361039407,897,2610,42,-0.48845166809238666,-62.58825018804782,-74.36786522625778
2019-06-03,6229,3869,0.6068012752391073,3431,2387,158,0.1794431075971124,0.5897215537985562,2127,1411,48,0.20237422272470323,-43.84591272213144,-52.380661146549215
2019-06-04,6276,3768,0.600265780730897,4489,1338,143,0.5407585378410846,0.7703792689205423,2936,603,42,0.659225769991523,-9.536213112963669,-10.477120989324636
2019-06-05,6133,3783,0.6115234111455944,2629,3094,159,-0.08125109208457103,0.4593744539577145,1563,1938,43,-0.10711225364181662,-11.25422037784319,-12.914109731617982
2019-06-06,6138,3748,0.6101786681104494,2715,2897,209,-0.03243050605844619,0.4837847469707769,1635,1804,70,-0.049142192497819134,-10.225816186119722,-12.034661500420825
2019-06-07,6138,3734,0.609429883815185,3867,1778,182,0.3700620017714792,0.6850310008857395,2297,1092,80,0.35556211271761584,10.829223870230711,9.012655305526591
2019-06-10,6240,3820,0.6058675162617815,3509,2198,166,0.22971789031014545,0.6148589451550727,2133,1342,32,0.22762589928057553,21.759931425992495,20.566237226231987
2019-06-11,6142,3775,0.610144341022528,2716,2944,212,-0.040282685512367494,0.47985865724381627,1606,1879,64,-0.07833572453371593,17.49685793791321,15.04363739158937
2019-06-12,6152,3728,0.6116806042622066,2684,2960,196,-0.04890148830616584,0.4755492558469171,1644,1783,61,-0.0405602567843595,13.333505676225938,12.135369733479802
2019-06-13,6171,3769,0.6065352416959222,3730,1951,185,0.3131490934694596,0.6565745467347298,2461,991,47,0.4258400926998841,27.80970105288347,32.90814151134091
2019-06-14,6165,3667,0.6079729729729729,2170,3487,211,-0.23280890931589182,0.3835955453420541,1138,2284,55,-0.33489187609585036,12.749899455393662,12.467722234068724
2019-06-17,6207,3747,0.607487922705314,3051,2623,191,0.07543179414874868,0.5377158970743744,1860,1552,49,0.09026963657678781,15.222054765494933,16.18690077446257
2019-06-18,6275,3830,0.6060086967979971,4072,1693,188,0.4126626192541197,0.7063313096270598,2592,886,55,0.4905117883841288,34.121178537072595,39.297971512994046
2019-06-19,6237,3760,0.6078821656050956,3307,2454,223,0.14806457212289534,0.5740322860614476,1966,1472,71,0.14368819080860964,36.87942111252492,41.52026725809753
2019-06-20,6328,3838,0.602856394129979,3710,2105,190,0.2760103181427343,0.6380051590713671,2263,1197,64,0.30809248554913293,45.45060870996599,51.43294352089669
2019-06-21,6245,3987,0.6069295101553166,2230,3554,214,-0.2289073305670816,0.3855463347164592,1251,2268,65,-0.289002557544757,27.305838626737476,29.796364853290996
2019-06-24,6286,3837,0.6045556879883459,1981,3794,207,-0.31393939393939396,0.343030303030303,1051,2503,58,-0.4085537422622397,7.4039278438277885,5.170549032347529
2019-06-25,6249,3800,0.6093170989941769,2089,3679,215,-0.27565880721220526,0.36217059639389737,1220,2296,67,-0.30602957906712175,-7.735196178419702,-10.784168079964974
2019-06-26,6253,3814,0.6077757207088071,2901,2914,164,-0.002235597592433362,0.4988822012037833,1678,1825,43,-0.04196403083071653,-6.969310755560613,-11.168252958772081
2019-06-27,6253,3858,0.6065399441712083,4113,1681,173,0.41974456334138766,0.7098722816706938,2719,809,48,0.5413832199546486,14.819375881452764,17.726558273909966
2019-06-28,6304,4214,0.6024048625792812,4183,1650,161,0.43425338590776613,0.7171266929538831,2810,835,64,0.541838134430727,34.100047205010874,42.365734810287485
2019-07-01,6256,3909,0.610461295833881,3421,2357,203,0.18414676358601592,0.592073381793008,2223,1433,72,0.21608315098468273,37.909189834540484,46.93265290253662
2019-07-02,6233,3774,0.6094745222929936,2687,3089,192,-0.0695983379501385,0.46520083102493076,1499,2018,73,-0.14756895081034974,28.28920575680787,32.42009951714532
2019-07-03,5999,3353,0.6193040596520298,3823,1759,203,0.3697599426728771,0.6848799713364385,2278,920,58,0.42464040025015637,41.890587372713235,48.46023342807534
2019-07-05,6155,3560,0.6134633364498464,2913,2645,185,0.048218783735156534,0.5241093918675782,1718,1435,54,0.089755788138281,37.23325777056272,45.18801614918635
2019-07-08,6195,3692,0.6133067198935462,1892,3786,199,-0.33356815780204296,0.3332159210989785,952,2376,53,-0.42788461538461536,13.975727595011255,16.282310118845526
2019-07-09,6202,3678,0.6092812374983331,2943,2749,210,0.03408292340126493,0.5170414617006325,1795,1584,60,0.06244451021012134,12.40321471710508,16.002976192046727
2019-07-10,6247,3759,0.6065791218994562,3329,2417,183,0.1587191089453533,0.5793595544726766,1831,1568,66,0.07737569873492203,17.228509410114196,16.43069022991356
2019-07-11,6152,3715,0.6129119031607263,2607,3092,205,-0.08510264958764696,0.45744867520617655,1526,1930,66,-0.11689814814814815,9.076905898936408,7.0005399369866135
2019-07-12,6165,3770,0.6120446296545234,3369,2262,210,0.19659030367607885,0.5982951518380394,2244,1194,66,0.3054101221640489,16.146548030571008,20.018172252459
2019-07-15,6154,3648,0.6133979015334947,2648,2955,224,-0.05479207567374621,0.4726039621631269,1466,1911,69,-0.1317737636955878,9.541240345474481,9.188962727943762
2019-07-16,6210,3725,0.6110520722635494,2649,2954,246,-0.054435124040692486,0.47278243797965375,1579,1806,69,-0.06706056129985229,3.8638436546422628,3.1197038906302934
2019-07-17,6250,3740,0.6074555585035819,2067,3673,190,-0.27979094076655053,0.36010452961672473,1101,2355,51,-0.3628472222222222,-12.277440570585396,-16.874443980844376
2019-07-18,6248,3724,0.6074456809750928,3137,2604,206,0.09284096847239157,0.5464204842361958,1933,1500,63,0.12612875036411303,-7.385255918355011,-9.436269561734239
2019-07-19,6224,3670,0.6102325581395349,2350,3358,234,-0.17659425367904696,0.41170287316047655,1265,2136,76,-0.2561011467215525,-16.637272868678185,-22.140943939869675
2019-07-22,6246,3742,0.6073660417497673,2707,2987,240,-0.04917456972251493,0.47541271513874256,1574,1810,72,-0.06973995271867613,-18.093576799034505,-23.574676113332306
2019-07-23,6286,3724,0.6046726504751848,3400,2343,223,0.1840501480062685,0.5920250740031342,2156,1250,70,0.266001174398121,-7.587012889054815,-7.895587385236335
2019-07-24,6266,3789,0.6064422057264051,4108,1705,167,0.41338379494237054,0.7066918974711853,2505,952,45,0.4492334393983222,12.900716665228192,14.71112466422196
2019-07-25,6248,3703,0.6068308181096108,1702,4054,200,-0.4086170952050035,0.2956914523974983,915,2523,50,-0.4677137870855148,-10.746822656554679,-11.881053481004155
2019-07-26,6196,3741,0.6100671140939598,3813,1885,214,0.3383643383643384,0.6691821691821692,2408,987,63,0.41855670103092785,6.437337015070835,9.75556387805467
2019-07-29,6275,3816,0.6064097470533704,2538,3184,221,-0.1128975882558546,0.4435512058720727,1355,2077,82,-0.21037296037296038,-1.46548948177435,-3.240389169534721
2019-07-30,6321,3801,0.6030724789915967,3473,2336,210,0.1957307626097435,0.5978653813048718,2203,1294,64,0.2599370889333715,7.216338854111798,9.179775385940621
2019-07-31,6428,4066,0.6023632160287696,2107,3821,196,-0.289136302294197,0.35543184885290147,1070,2508,71,-0.4019005030743432,-9.640132858173136,-13.338762396443403
2019-08-01,6381,3919,0.6052699560836993,1956,4014,169,-0.34472361809045227,0.32763819095477387,1013,2668,48,-0.4496060853029068,-26.78358129769865,-34.91069749982771
2019-08-02,6259,3782,0.6110014475588893,2015,3837,175,-0.3113465481886534,0.34432672590567326,1049,2486,61,-0.4065063649222065,-39.63845831191454,-51.02516250668713
2019-08-05,6375,3975,0.6075916901769685,732,5187,96,-0.7526609224531171,0.12366953877344146,334,3235,22,-0.8128327262538526,-72.49690458073275,-84.86422234160081
2019-08-06,6267,3806,0.6099841938883035,3865,1969,178,0.3249914295509085,0.6624957147754542,2450,1124,52,0.3710128707330722,-46.345774017467356,-54.18001753939776
2019-08-07,6265,3826,0.612573673870334,2747,3039,175,-0.05046664362253716,0.4747666781887314,1744,1769,60,-0.007116424708226587,-42.52773217446039,-46.58058711788211
2019-08-08,6205,3864,0.6139627659574468,4396,1421,137,0.5114320096269555,0.7557160048134778,2861,687,42,0.612739571589628,-10.955735075342504,-8.857371357004089
2019-08-09,6208,3755,0.6126713696259817,1924,3778,175,-0.3251490705015784,0.3374254647492108,979,2523,59,-0.440890919474586,-25.73595288664669,-29.241259577879056
2019-08-12,6277,3738,0.6111842105263158,1792,3967,174,-0.3776697343288765,0.31116513283556174,816,2626,57,-0.5258570598489251,-40.870392542243444,-50.77158472755471
2019-08-13,6307,3808,0.6101939203354297,3961,1827,200,0.36869384934346927,0.6843469246717346,2516,949,72,0.4522366522366522,-16.28780730145016,-20.021469202610767
2019-08-14,6312,3931,0.6093689004554327,879,5011,106,-0.701528013582343,0.14923599320882852,305,3274,25,-0.8295613299804414,-48.69935103035526,-57.71991219362533
2019-08-15,6270,3787,0.6123868258758693,2627,3164,188,-0.0927300984285961,0.45363495078570193,1550,2000,53,-0.1267605633802817,-45.72782840573001,-54.52344305996666
2019-08-16,6201,3775,0.6156412651808354,4539,1241,160,0.5705882352941176,0.7852941176470588,2996,488,40,0.7198622273249139,-9.792620733511084,-9.186705200128882
2019-08-19,6266,3766,0.6105984708673873,4133,1625,167,0.43556790552275093,0.7177839527613755,2615,843,39,0.5124349334875651,14.229928441335325,19.250774504165623
2019-08-20,6224,3641,0.6119601328903654,2175,3545,216,-0.2395104895104895,0.38024475524475526,1085,2293,68,-0.3576080521018354,0.9441385919603043,-0.03358350065342172
2019-08-21,6279,3691,0.6087301587301587,3981,1771,198,0.3842141863699583,0.6921070931849791,2436,911,66,0.4556319091723932,20.76630137180725,24.140456386440988
2019-08-22,6242,3685,0.6090824591687691,2475,3291,211,-0.14151925078043703,0.4292403746097815,1417,1963,63,-0.16153846153846155,11.323747184197584,13.830039672431765
2019-08-23,6273,3853,0.6110308601444517,883,4928,153,-0.6960936155567028,0.1519531922216486,297,3176,33,-0.8289663115462137,-24.534973620942953,-28.425909316795888
2019-08-26,6218,3667,0.6130786576469027,3706,2031,199,0.291964441345651,0.6459822206728255,2399,1011,68,0.40703812316715543,-5.6686021961157085,-2.612394420333095
2019-08-27,6280,3767,0.6088507265521796,1800,3980,172,-0.3771626297577855,0.31141868512110726,873,2571,36,-0.4930313588850174,-22.96586517207966,-25.532251314364387
2019-08-28,6229,3717,0.6108374384236454,4025,1729,201,0.39902676399026765,0.6995133819951338,2551,870,68,0.4913767904121602,1.1692739967342178,4.219339762669562
2019-08-29,6256,3735,0.6105067657203502,4193,1597,172,0.4483592400690846,0.7241796200345423,2777,640,49,0.6254023997658765,24.265595420027264,36.33713390240606
2019-08-30,6261,3709,0.6079756226815051,3042,2726,203,0.054785020804438284,0.5273925104022191,1759,1601,77,0.04702380952380952,24.212911296610358,34.69723271026539
2019-09-03,6291,3761,0.6098265895953757,1930,3890,160,-0.33676975945017185,0.3316151202749141,933,2479,39,-0.45310668229777257,4.4690628018753475,8.11510643635468
2019-09-04,6217,3714,0.6121607237892496,4187,1570,191,0.45457703665103355,0.7272885183255168,2552,864,61,0.49414519906323184,27.13306682992781,32.70940700802947
2019-09-05,6278,3807,0.6100381027460254,4075,1711,169,0.4085724161769789,0.7042862080884894,2631,821,53,0.5243337195828505,44.07489391606029,55.08341298775221
2019-09-06,6239,3711,0.6104998011401299,2893,2841,215,0.009068712940355772,0.5045343564701779,1667,1785,63,-0.034183082271147164,38.364596443292115,46.01193094277651
2019-09-09,6247,3856,0.6111626673737239,3492,2269,169,0.21228953306717585,0.606144766533588,2194,1284,44,0.261644623346751,43.45151012819985,52.8171394205033
2019-09-10,6237,3869,0.6121854304635762,3620,2118,179,0.2617636807249913,0.6308818403624956,2450,1125,54,0.3706293706293706,50.057271161045755,63.820744335988195
2019-09-11,6245,3964,0.6100728959575878,4159,1624,160,0.438353795607816,0.719176897803908,2773,835,55,0.5371396895787139,64.28441623246499,81.23523876451499
2019-09-12,6250,3911,0.6128096995255666,2895,2857,203,0.006606397774687065,0.5033031988873435,1744,1854,79,-0.030572540300166758,54.53983329570969,67.3328438131388
2019-09-13,6281,3891,0.6086783966133087,2913,2894,172,0.0032719132081970035,0.5016359566040985,1937,1644,62,0.0818207204691427,45.76879148998085,60.72929494911192
2019-09-16,6243,3910,0.6170128323852362,3070,2702,199,0.06375606375606375,0.5318780318780318,1887,1653,78,0.06610169491525424,41.06491431602613,53.993662917928965
2019-09-17,6233,3848,0.6123782846471922,2690,3061,212,-0.06451051990958094,0.46774474004520955,1592,1962,71,-0.10410804727068092,30.424445577432472,39.454242107381134
2019-09-18,6309,3810,0.610069489969844,2464,3299,211,-0.14488981433281278,0.4275550928335936,1311,2186,62,-0.25021446954532456,17.155757856886147,19.520444990093644
2019-09-19,6276,3825,0.6111111111111112,2795,3036,193,-0.041330818041502314,0.47933459097924885,1457,2017,74,-0.16119746689694875,10.903200881100124,6.83029636228117
2019-09-20,6273,4132,0.611523178807947,2903,2925,186,-0.0037748798901853123,0.49811256005490734,1611,1970,65,-0.10025132644512706,7.3805455699634255,-1.0066251737188212
2019-09-23,6282,3774,0.6100079428117554,2946,2868,182,0.013415892672858616,0.5067079463364293,1773,1763,68,0.002828054298642534,5.191311179243929,-2.5481909239417346
2019-09-24,6335,3860,0.6096131301289566,1507,4325,188,-0.483196159122085,0.2584019204389575,703,2802,45,-0.5988587731811698,-21.537043370464644,-33.93783005975324
2019-09-25,6272,3801,0.6117926394934705,3497,2327,193,0.20089285714285715,0.6004464285714286,2326,1178,59,0.3276255707762557,-10.077650480366042,-14.28206517270203
2019-09-26,6256,3678,0.6143385265381569,2168,3603,212,-0.2486570784959279,0.37567146075203606,1070,2343,60,-0.37298564312921184,-22.70697808886916,-32.435536563683115
2019-09-27,6266,3738,0.6132001051801209,2244,3551,186,-0.22553925798101812,0.3872303710094909,1201,2212,44,-0.2962203340169938,-32.23562727794949,-43.95631146454264
2019-09-30,6324,3856,0.6091683038637852,3209,2610,185,0.10293864925244887,0.5514693246262244,1902,1564,61,0.09751875360646278,-23.79754883655008,-33.89983806628197
2019-10-01,6238,3788,0.6184279705573081,1487,4361,150,-0.4914500683994528,0.2542749658002736,610,2913,39,-0.6537042293499858,-46.18343990756592,-62.69320326826014
2019-10-02,6232,3832,0.6193361433087461,1486,4294,156,-0.48581314878892734,0.25709342560553633,846,2657,44,-0.5169854410505281,-64.81061359322035,-80.16212508463728
2019-10-03,6218,3681,0.6168100595632032,3423,2285,208,0.19936930623686056,0.5996846531184302,2132,1289,77,0.24641917567962585,-46.15367127519941,-56.52701177570885
2019-10-04,6163,3587,0.6186065243656866,4005,1680,177,0.40897097625329815,0.7044854881266491,2485,831,52,0.4987937273823884,-19.491133736093612,-23.417627252558372
2019-10-07,6261,3628,0.6128391793514228,2316,3350,224,-0.18249205788916342,0.4087539710554183,1268,2005,64,-0.22517567980446074,-26.17036017860077,-31.19048570834438
2019-10-08,6236,3679,0.6182512509876218,1385,4392,184,-0.5205123766660896,0.23974381166695516,509,2845,42,-0.6964818127608825,-48.65126292489769,-61.24563390732078
2019-10-09,6213,3619,0.6163254453602766,3414,2318,204,0.19120725750174458,0.5956036287508722,2051,1267,72,0.23628691983122363,-32.04319674996537,-39.9981208183037
2019-10-10,6253,3626,0.6158423697434541,3280,2402,241,0.15452305526223162,0.5772615276311158,2117,1182,71,0.28341921794483177,-19.517294298624055,-19.274891617422156
2019-10-11,6279,3769,0.6177354055112968,4280,1501,178,0.4807126794672202,0.7403563397336101,2683,690,49,0.5908686629113549,7.5994199790153205,13.912316055744824
2019-10-14,6150,3510,0.6170126718792127,2356,3364,176,-0.17622377622377622,0.41188811188811186,1213,2080,42,-0.2632857576677801,-2.1006091980479096,-0.4899039929328816
2019-10-15,6256,3701,0.6146825396825397,3873,1828,203,0.3587089984213296,0.6793544992106648,2396,877,59,0.4641002138710663,16.36300763380856,23.567945962354667
2019-10-16,6234,3654,0.6128,2889,2838,233,0.00890518596123625,0.5044525929806182,1669,1679,69,-0.002986857825567503,14.577394363872129,20.66521435948206
2019-10-17,6229,3732,0.6170071637039002,3654,2051,220,0.2809815950920245,0.6404907975460122,2328,1036,55,0.38406658739595717,26.58162850279654,37.43272502830481
2019-10-18,6205,3674,0.617925156478892,2629,3063,219,-0.07624736472241743,0.4618763176387913,1491,1875,80,-0.1140819964349376,18.850892558340828,26.674353833461993
2019-10-21,6267,3717,0.6146825396825397,3780,2009,156,0.3059250302297461,0.652962515114873,2442,949,40,0.44028310232969625,31.255478610647668,45.060829630935764
2019-10-22,6252,3632,0.6136032817255525,2942,2801,219,0.02455162806895351,0.5122758140344768,1679,1666,62,0.0038863976083707025,27.636452184277147,38.73612705355489
2019-10-23,6216,3599,0.6147267138848056,3383,2323,227,0.18576936558009113,0.5928846827900456,2012,1286,62,0.22013341419041843,32.464889204365846,43.94717654372885
2019-10-24,6174,3626,0.6189518831255864,2509,3135,231,-0.11091424521615875,0.4445428773919206,1437,1888,59,-0.1356390977443609,21.59669787070736,30.394262378369987
2019-10-25,6214,3654,0.6174827035657264,3364,2321,204,0.18346525945470538,0.5917326297273526,2087,1238,71,0.25533834586466164,26.91538602461902,38.20342163554742
2019-10-28,6271,3725,0.6158005803218148,3312,2429,195,0.15380595715032225,0.5769029785751612,2119,1245,63,0.25980975029726516,29.84532235087125,44.91280591388658
2019-10-29,6235,3686,0.6180564762031022,2939,2796,231,0.024934612031386225,0.5124673060156931,1801,1586,67,0.06347800413345143,25.757624042115747,40.60817813410644
2019-10-30,6264,3676,0.6167435728411338,2882,2869,204,0.0022604764388801948,0.5011302382194401,1626,1748,59,-0.03615886188500297,21.000147088293918,31.742837190801154
2019-10-31,6325,3843,0.6110310493908031,2227,3595,191,-0.23497080041222948,0.38251459979388525,1168,2224,59,-0.3113207547169811,4.9659397147792905,10.246161856722232
2019-11-01,6195,3741,0.620928990923652,4242,1550,162,0.4647790055248619,0.732389502762431,2677,761,42,0.5573007562536358,26.21935300870496,35.24634918533198
2019-11-04,6218,3783,0.6223397224058163,3511,2213,180,0.226764500349406,0.613382250174703,2183,1272,57,0.2636758321273517,32.359199351195095,41.76403139905246
2019-11-05,6226,3789,0.6195709745762712,2818,2885,212,-0.011748202700333159,0.4941258986498334,1759,1686,76,0.02119013062409289,25.521336824781223,35.00354445962527
2019-11-06,6223,3738,0.6204418418951291,2437,3269,208,-0.14581142656852436,0.42709428671573785,1359,2072,76,-0.207811133780239,12.844196487163895,17.598247183900295
2019-11-07,6257,3810,0.6206625638339662,2789,2961,179,-0.02991304347826087,0.4850434782608696,1827,1629,64,0.057291666666666664,7.73593967057843,15.883866799581217
2019-11-08,6221,3747,0.6187566418703507,2998,2707,230,0.05100788781770377,0.5255039439088519,1849,1584,71,0.07719196038450335,7.3757469588431945,15.333666922882342
2019-11-11,6111,3618,0.6241865509761388,2582,3062,196,-0.08504606661941885,0.4574769666902906,1491,1866,60,-0.11170688114387846,0.2282057336592258,5.341635617271301
2019-11-12,6182,3710,0.6240361605955863,2707,2932,189,-0.03990069161198794,0.480049654194006,1585,1767,61,-0.054295942720763726,-3.6268142921698185,-0.3577124059567574
2019-11-13,6197,3761,0.6224381155177003,2408,3248,218,-0.1485148514851485,0.42574257425742573,1425,2012,56,-0.17078847832411986,-12.335430336450829,-11.053493183954773
2019-11-14,6219,3714,0.618293170017308,2762,2939,190,-0.03104718470443782,0.4844764076477811,1666,1761,68,-0.027721038809454333,-13.846236563593305,-12.989746307490027
2019-11-15,6186,3809,0.6226919989296227,3458,2219,223,0.218249075215783,0.6091245376078915,2210,1235,67,0.2830188679245283,-2.603931708971118,0.9567013401239124
2019-11-18,6253,3797,0.6188649292234423,2424,3296,200,-0.15244755244755245,0.42377622377622376,1439,2042,63,-0.17322608445848894,-11.51357278289106,-9.936117047017648
2019-11-19,6269,3790,0.6175072616847108,3035,2711,216,0.056387051862164986,0.5281935259310825,1856,1603,66,0.0731425267418329,-8.632017821692283,-6.881365622772504
2019-11-20,6243,3957,0.622005790997631,2364,3425,189,-0.18327863188806356,0.4083606840559682,1431,2131,52,-0.1965188096574958,-18.1084124282703,-17.71821314689548
2019-11-21,6188,3735,0.6213540272946213,2376,3318,215,-0.1654373024236038,0.4172813487881981,1429,2047,75,-0.17779056386651323,-25.22812128153016,-25.958714424737018
2019-11-22,6206,3694,0.6200481798715204,3282,2350,247,0.16548295454545456,0.5827414772727273,2055,1335,76,0.21238938053097345,-14.643318896206774,-13.365552225293511
2019-11-25,6241,3873,0.6208813021040095,4214,1512,197,0.4718826405867971,0.7359413202933985,2695,738,53,0.5700553451791436,9.799888039792878,15.351727448765667
2019-11-26,6247,3835,0.6196660482374768,2912,2838,184,0.012869565217391304,0.5064347826086957,1801,1741,63,0.01693958215697346,7.699176761403331,12.172454781733927
2019-11-27,6209,3703,0.6188436830835118,3559,2155,197,0.2457122856142807,0.6228561428071404,2313,1121,65,0.34711706464764125,17.506708754417726,25.902188502046506
2019-11-29,6064,3378,0.624315443592552,2231,3356,229,-0.20136030069804906,0.3993198496509755,1129,2021,65,-0.2831746031746032,3.4509857490564526,5.997016499291317
2019-12-02,6297,3868,0.6213895394223263,1577,4119,171,-0.44627808988764045,0.2768609550561798,827,2392,41,-0.4861758310034172,-20.82980180875229,-21.201952037001536
2019-12-03,6294,3810,0.6181533646322379,2275,3553,191,-0.21928620452985587,0.39035689773507204,1284,2238,59,-0.2708688245315162,-30.136131893745777,-33.585710051751875
2019-12-04,6293,3804,0.6168027390044772,3782,2000,229,0.30819785541335176,0.6540989277066759,2378,1109,69,0.3639231431029538,-11.568160459786093,-12.266296222381142
2019-12-05,6283,3765,0.6181123121539678,2896,2879,230,0.0029437229437229437,0.5014718614718615,1820,1660,66,0.04597701149425287,-10.897410704933073,-9.874172497592312
2019-12-06,6239,3885,0.620291777188329,4175,1620,192,0.44089732528041414,0.7204486626402071,2649,845,52,0.5163136805953062,11.628247505825486,15.737297604642764
2019-12-09,6184,3798,0.6242327195089404,2688,3018,210,-0.05783385909568875,0.47108307045215564,1519,2001,64,-0.13693181818181818,5.892984819689786,4.894143115174325
2019-12-10,6267,3796,0.6179183135704874,2868,2867,191,0.0001743679163034002,0.5000871839581517,1695,1785,59,-0.02586206896551724,3.860281649544918,1.152262771917982
2019-12-11,6204,3806,0.6236230922362309,3336,2400,184,0.16317991631799164,0.5815899581589958,1954,1555,59,0.11370760900541464,10.253296450907737,4.925677663120812
2019-12-12,6374,3929,0.6159783867232729,3528,2264,185,0.21823204419889503,0.6091160220994475,2350,1200,58,0.323943661971831,18.420664017863583,18.63912165510445
2019-12-13,6293,3825,0.6187360983906843,2798,3048,185,-0.04276428327061239,0.4786178583646938,1476,2076,58,-0.16891891891891891,12.261843594046141,5.627791615437444
2019-12-16,6344,3992,0.6160249739854319,3808,2040,174,0.3023255813953488,0.6511627906976745,2388,1174,61,0.34081976417742843,24.189236147010067,19.961899628262344
2019-12-17,6287,3893,0.6187598528638991,3371,2468,184,0.1546497687960267,0.5773248843980133,2084,1538,64,0.1507454445057979,26.88241996909306,22.614036497504785
2019-12-18,6308,3892,0.618117461982171,3191,2618,213,0.09864004131520054,0.5493200206576003,2012,1579,65,0.12057922584238373,26.25019366308725,23.260232405048832
2019-12-19,6251,3878,0.6222836823389964,3370,2432,206,0.16166839021027232,0.5808341951051361,2099,1460,68,0.1795448159595392,28.72980664789043,26.644708249831535
2019-12-20,6254,4140,0.6230738838403793,3297,2470,202,0.14340211548465406,0.571701057742327,2099,1536,66,0.15488308115543328,29.792912980376798,28.17212481566629
2019-12-23,6224,3864,0.628146000790618,2978,2777,192,0.03492615117289314,0.5174630755864466,1887,1730,74,0.04340613768316284,25.129106114162706,23.763358181763145
2019-12-24,6122,3188,0.6275592672413793,3266,2322,253,0.16893342877594847,0.5844667143879743,1767,1249,80,0.17175066312997347,27.7162695931316,26.29227219120768
2019-12-26,6113,3662,0.6319407008086253,3154,2397,199,0.13637182489641506,0.5681859124482075,1765,1237,69,0.1758827448367755,28.161632825707688,28.52963639366682
2019-12-27,6357,3792,0.6197473575663831,2299,3407,203,-0.19418156326673677,0.4029092183666316,1201,2190,75,-0.2916543792391625,11.873940817274116,6.92307840100416
2019-12-30,6330,3876,0.6216425619834711,2374,3498,183,-0.19141689373297002,0.404291553133515,1396,2097,84,-0.20068708846263955,-1.973172077334627,-7.036779535901302
2019-12-31,6344,3978,0.6214193548387097,3637,2225,199,0.2408734220402593,0.6204367110201296,2271,1304,76,0.2704895104895105,7.811928046823034,4.621555773331537
2020-01-02,6338,3880,0.6210892236384704,3456,2444,146,0.17152542372881355,0.5857627118644068,1935,1649,58,0.07979910714285714,12.671729097171431,5.031804516526295
2020-01-03,6339,3843,0.6198581560283688,2479,3408,189,-0.15780533378630882,0.4210973331068456,1373,2190,60,-0.22930115071568902,0.2969624739773413,-10.09760472355213
2020-01-06,6310,3899,0.6232708468002586,3092,2780,197,0.05313351498637602,0.526566757493188,1907,1677,55,0.06417410714285714,0.2619946374107507,-8.308998707274112
2020-01-07,6305,3805,0.6232823437905107,2565,3275,193,-0.12157534246575342,0.4392123287671233,1429,2094,73,-0.18875957990349135,-8.50465570864721,-19.384879922137458
2020-01-08,6363,3848,0.6199176531137416,3434,2427,200,0.17181368367172836,0.5859068418358642,2064,1440,66,0.1780821917808219,-1.2881671691094485,-10.415745377019274
2020-01-09,6288,3822,0.6209687948818383,3218,2639,189,0.09885606966023562,0.5494280348301178,1915,1610,61,0.08652482269503546,1.2404906674662528,-7.272925068347452
2020-01-10,6299,3804,0.6204921234214295,2598,3199,206,-0.10367431430050025,0.4481628428497499,1423,2087,59,-0.1891737891737892,-6.730228533635647,-18.334379672532542
2020-01-13,6298,3845,0.6215688825289449,3823,1976,194,0.3185031902052078,0.6592515951026039,2349,1162,63,0.3380803189974366,7.597332917375812,-1.33754605218684
2020-01-14,6322,3862,0.6218531014793667,3005,2833,189,0.02946214457005824,0.5147310722850291,1907,1631,68,0.07801017524024872,5.35735901164626,0.1979272356102818
2020-01-15,6299,3846,0.6209056505285137,3220,2593,202,0.107861689317048,0.553930844658524,1995,1566,57,0.12047177759056445,7.335371764538738,3.6328473780145587
2020-01-16,6256,3821,0.625949201361613,4241,1577,178,0.4578893090409075,0.7289446545204538,2708,846,51,0.5239167135621835,26.491276795632096,26.723786661461094
2020-01-17,6299,3861,0.6221701795472288,2705,3043,236,-0.05880306193458594,0.470598469032707,1630,1911,64,-0.07935611409206439,16.902500664464082,16.16927943278819
2020-01-21,6323,3905,0.6237929702587872,2242,3597,178,-0.23206028429525605,0.383969857852372,1291,2283,46,-0.2775601566871852,-0.04327654904039829,-2.8458727746471304
2020-01-22,6269,3765,0.6236924686192469,2819,2974,201,-0.026756430174348353,0.4866217849128258,1628,1898,57,-0.07657402155416904,-4.266506977796139,-9.040291791480284
2020-01-23,6205,3844,0.627533561463543,2650,3086,187,-0.07601115760111576,0.4619944211994421,1691,1807,56,-0.03316180674671241,-10.318772830831692,-12.120707851542397
2020-01-24,6279,3805,0.6251459711950175,1553,4195,184,-0.4596381350034795,0.27018093249826025,719,2799,42,-0.5912450255827174,-34.62321514114111,-42.59802098543805
2020-01-27,6292,3877,0.6263253167830359,1304,4523,156,-0.5524283507808477,0.2237858246095761,679,2878,34,-0.6182175991003654,-59.86990802961838,-69.79176228587404
2020-01-28,6190,3671,0.6296296296296297,3938,1800,191,0.3726036946671314,0.6863018473335657,2427,1021,63,0.4077726218097448,-34.90487863671939,-41.393941240811934
2020-01-29,6271,3732,0.6243787601360188,2439,3300,177,-0.15002613695765812,0.42498693152117095,1284,2115,66,-0.2444836716681377,-39.51674569384664,-49.519649214973896
2020-01-30,6296,3775,0.6244326287122293,2565,3221,203,-0.11337711717939855,0.4433114414103007,1610,1838,60,-0.06612529002320186,-41.429857310308215,-47.30161220456072
2020-01-31,6337,3917,0.6229086229086229,1283,4591,178,-0.5631596867551923,0.21842015662240383,511,3043,37,-0.7124366910523354,-65.34754693462102,-77.48425255109132
2020-02-03,6306,3855,0.6264077669902912,3695,2114,220,0.2721638836288518,0.6360819418144259,2360,1199,59,0.32621522899690925,-43.70425530953317,-50.970392782157305
2020-02-04,6298,3841,0.6236013531095498,4097,1723,188,0.4079037800687285,0.7039518900343643,2603,930,64,0.4735352391735069,-18.19372487154154,-20.680190206978047
2020-02-05,6289,3838,0.6254071661237784,4201,1614,175,0.44488392089423906,0.7224419604471195,2664,892,43,0.4983127109111361,5.557754318574537,6.5602075327165705
2020-02-06,6253,3759,0.6275844019890081,2724,3034,209,-0.053838138242445294,0.47308093087877734,1532,1965,56,-0.1238204175007149,0.9013772976966921,-1.2887098581006624
2020-02-07,6261,3717,0.6274355956584281,1815,3965,175,-0.3719723183391003,0.3140138408304498,866,2575,44,-0.4966579482708515,-18.9910409464751,-26.634967216465725
2020-02-10,6271,3694,0.6245903788176694,3345,2396,192,0.1653022121581606,0.5826511060790803,1981,1416,56,0.1663232263762143,-9.040376815646558,-15.023783689432237
2020-02-11,6252,3737,0.6269362037280126,3703,2023,213,0.293398533007335,0.6466992665036675,2280,1126,64,0.33881385789782736,5.917458942748796,3.6034287207092115
2020-02-12,6280,3747,0.625605445738971,3466,2248,227,0.21316065803290166,0.6065803290164509,2244,1192,68,0.3061699650756694,14.664927472741416,17.879483546668705
2020-02-13,6274,3692,0.6231407134395156,2802,2968,186,-0.028769497400346622,0.4856152512998267,1674,1736,55,-0.01818181818181818,9.97418065685899,13.778523842256355
2020-02-14,6247,3673,0.6253644314868805,2707,3011,223,-0.05316544246239944,0.4734172787688003,1547,1816,66,-0.079988105857865,4.693923972892574,7.112996291970171
2020-02-18,6267,3707,0.6278067885117493,2509,3255,185,-0.1294240111034004,0.4352879944482998,1442,1943,52,-0.1480059084194978,-3.657093543813224,-2.0224848730660083
2020-02-19,6196,3739,0.6291311300639659,3272,2456,199,0.1424581005586592,0.5712290502793296,2051,1362,53,0.2018751831233519,2.8151775302253657,7.670845732335872
2020-02-20,6293,3713,0.6252604166666667,3157,2575,193,0.10153524075366364,0.5507676203768318,1851,1567,65,0.08308952603861908,6.288750420627456,9.98100631705616
2020-02-21,6250,3777,0.6263345195729537,1891,3885,194,-0.34522160664819945,0.3273891966759003,1020,2415,57,-0.40611353711790393,-13.11063088027505,-12.553864572419425
2020-02-24,6391,3982,0.6223553403007902,688,5218,103,-0.7670165932949543,0.11649170335252286,311,3273,27,-0.8264508928571429,-50.72129807048306,-52.77527764702091
2020-02-25,6432,4130,0.6212351303467477,719,5304,105,-0.7612485472355969,0.11937572638220156,326,3445,25,-0.8271015645717317,-82.33640972479064,-86.93324302329951
2020-02-26,6355,4015,0.6249036237471087,2035,3943,153,-0.3191702910672466,0.3404148544663767,1158,2620,53,-0.3869772366331392,-86.85173533218214,-93.6974208079716
2020-02-27,6467,4270,0.6204297022238975,743,5305,91,-0.7542989417989417,0.1228505291005291,426,3417,26,-0.7782982045277127,-112.03451258642575,-118.57835410455506
2020-02-28,6625,4467,0.6136835675015272,1930,4240,119,-0.37439222042139386,0.31280388978930307,1510,2521,55,-0.25080625155048375,-114.0102785069945,-112.88406265374967
2020-03-02,6461,4104,0.6235117182604336,4651,1517,116,0.50810635538262,0.75405317769131,2974,953,38,0.5146422205245734,-71.0045781863451,-69.17859954628948
2020-03-03,6428,4108,0.6236125126135217,2022,4007,144,-0.32924199701443024,0.3353790014927849,807,3013,44,-0.5774869109947643,-75.74709914111067,-86.07099216764644
2020-03-04,6306,3944,0.6283013982392542,4750,1223,112,0.5904905407667839,0.7952452703833919,3117,632,37,0.6628434249133102,-33.43659217266895,-38.06711610266469
2020-03-05,6304,3991,0.6295961811379177,905,4993,102,-0.6931163106137673,0.1534418446931163,482,3236,26,-0.7407208176438945,-61.2742683228155,-67.01167861445222
2020-03-06,6440,4085,0.6229632436528988,1169,4820,102,-0.6096176323259309,0.19519118383703457,730,3045,31,-0.6132450331125828,-80.59417617518491,-85.0504319423927
2020-03-09,6639,4349,0.6139557619454967,250,5996,40,-0.919948767211015,0.04002561639449247,111,3806,8,-0.9433239724278785,-112.22628325233904,-116.55226084383463
2020-03-10,6545,4244,0.6179816967598318,4266,1982,112,0.36555697823303457,0.6827784891165173,2883,1082,46,0.45422446406052963,-74.43531611484164,-73.02614142592789
2020-03-11,6521,4290,0.6202185792349727,606,5609,64,-0.8049879324215607,0.09750603378921963,295,3680,16,-0.8515723270440252,-100.27910816443695,-100.73601817171577
2020-03-12,6757,4689,0.6093507114671769,252,6115,36,-0.9208418407413225,0.03957907962933878,126,4009,13,-0.9390568319226118,-127.66685024200683,-128.2985079424351
2020-03-13,6629,4474,0.6156853163938432,5104,1312,69,0.5910224438902744,0.7955112219451371,3609,651,23,0.6943661971830986,-74.85182123553919,-69.55179270140246
2020-03-16,6680,4565,0.6107064821558631,489,5913,40,-0.8472352389878163,0.07638238050609185,273,3961,11,-0.8710439300897497,-101.2335964727362,-97.24609857045499
2020-03-17,6632,4489,0.615065315590282,3831,2519,95,0.20661417322834646,0.6033070866141732,2745,1456,52,0.3068317067364913,-70.59137570736785,-61.54471775433057
2020-03-18,6694,4676,0.6109767891682786,667,5751,54,-0.7921470863197257,0.10392645684013711,479,3749,27,-0.7734153263954588,-93.97738305184464,-84.72466522437006
2020-03-19,6648,4582,0.6126588465298143,4749,1671,68,0.4794392523364486,0.7397196261682243,3235,1054,24,0.5085101422242947,-49.92321548330439,-40.023623554144265
2020-03-20,6614,4512,0.6145833333333334,2728,3578,92,-0.13479226133840785,0.4326038693307961,1559,2665,44,-0.2618371212121212,-42.71886181852877,-40.12147798015128
2020-03-23,6626,4436,0.6156752803510482,2052,4289,67,-0.3527834726383851,0.3236082636808074,1531,2589,34,-0.25679611650485434,-47.24510569105183,-39.75248588912319
2020-03-24,6576,4424,0.6164400494437577,5542,787,63,0.7513035234634223,0.8756517617317112,3676,425,30,0.7927334796391124,4.325531131486593,13.23824458534978
2020-03-25,6587,4392,0.6167384615384616,4538,1731,97,0.44775881320784816,0.723879406603924,2786,1297,46,0.3646828312515307,33.21956244632081,37.07659549871835
2020-03-26,6563,4399,0.6171265932434105,5236,1033,92,0.6704418567554634,0.8352209283777317,3444,646,36,0.6841075794621027,68.89201358565322,73.24423996268347
2020-03-27,6629,4161,0.6115621156211563,1517,4750,94,-0.5158768150630285,0.24206159246848571,772,3180,32,-0.6093117408906883,39.731565650929554,39.13038876192068
2020-03-30,6469,4174,0.6217440543601359,3631,2550,125,0.17489079436984306,0.5874453971849215,2351,1506,43,0.21908218822919368,49.13910531012977,51.18709049745299
2020-03-31,6496,4248,0.6205211726384365,2891,3232,139,-0.05569165441776907,0.4721541727911155,1693,2209,57,-0.13223987698616094,45.40773375281468,43.67353176807813
2020-04-01,6474,4214,0.6234614418487817,737,5433,69,-0.7611021069692059,0.11944894651539709,371,3569,29,-0.8116751269035533,6.719849774974362,3.0593088997526023
2020-04-02,6396,4118,0.6255870034268308,3455,2598,134,0.14158268627127044,0.5707913431356352,2283,1553,58,0.1903023983315954,18.742349387069854,18.417728064592964
2020-04-03,6406,4063,0.6249204530991472,1562,4464,123,-0.4815798207766346,0.2592100896116827,921,2879,47,-0.5152631578947369,-2.230250543919121,-3.821190001108116
2020-04-06,6431,4193,0.6238125395820139,5298,792,81,0.7399014778325124,0.8699507389162562,3505,325,16,0.8302872062663186,40.923392698262255,44.46115921077577
2020-04-07,6470,4179,0.6231666039864611,3850,2243,124,0.26374528147053994,0.6318726407352699,2249,1644,46,0.15540714102234782,53.807330888737404,51.776258728684084
2020-04-08,6416,4148,0.6243178068282778,5198,902,91,0.7042622950819672,0.8521311475409836,3405,464,43,0.7601447402429569,86.57991206772134,88.00866748388272
2020-04-09,6497,4292,0.6201628052598622,4948,1184,96,0.6138290932811481,0.806914546640574,3149,761,45,0.6107416879795396,109.64590932537304,111.07718101898728
2020-04-13,6386,4066,0.6287021736367103,1999,4077,137,-0.34200131665569455,0.3289993416721527,1233,2616,48,-0.3593141075604053,81.02758693719625,81.74258440940952
2020-04-14,6403,4132,0.6264448113806681,4266,1762,122,0.41539482415394824,0.7076974120769741,2719,1092,43,0.4269220676987667,94.02359040110125,95.56460014913205
2020-04-15,6351,4084,0.6302929512600742,1179,4854,102,-0.6091496767777225,0.19542516161113874,571,3264,35,-0.7022164276401565,53.43783036415097,50.447675838903024
2020-04-16,6351,4118,0.6289888504421376,2834,3144,142,-0.05185680829708933,0.47407159585145536,1943,1884,42,0.015416775542200157,46.334459804769395,47.5021273335805
2020-04-17,6369,4121,0.6291576398623678,4509,1499,110,0.5009986684420772,0.7504993342210386,2862,988,31,0.48675324675324677,67.67217951443261,68.31299628541419
2020-04-20,6377,4050,0.6283715012722646,1910,4097,113,-0.364075245546862,0.317962377226569,1196,2602,39,-0.3701948393891522,42.323873269175564,42.91731995068497
2020-04-21,6356,4024,0.6305179892829803,1366,4609,134,-0.5427615062761506,0.2286192468619247,811,2945,52,-0.5681576144834931,11.505139026670461,11.091291330021013
2020-04-22,6288,3961,0.6303613205094879,4015,1920,128,0.35299073294018535,0.6764953664700927,2484,1229,42,0.3380016159439806,29.885207515012052,29.13254192407691
2020-04-23,6347,4032,0.627521521264294,3533,2366,167,0.19783014070181387,0.598915070350907,2294,1407,67,0.23966495541745475,37.69271042305047,39.495315446048025
2020-04-24,6328,3939,0.6293003478933127,3667,2223,168,0.24516129032258063,0.6225806451612903,2507,1168,65,0.36435374149659866,46.54621933834641,54.39244953406028
2020-04-27,6399,4141,0.62692454510752,4683,1304,120,0.5643895106063137,0.7821947553031569,3140,598,39,0.6800428036383093,69.84464937841936,82.641990038726
2020-04-28,6341,4147,0.6296201232032854,3847,2118,139,0.28985750209555744,0.6449287510477787,2513,1364,43,0.29636316739747226,75.68898339025182,87.1981554079797
2020-04-29,6391,4278,0.6272785213511791,5055,981,85,0.6749502982107356,0.8374751491053678,3339,616,31,0.6884955752212389,99.56208385917624,110.26430641284004
2020-04-30,6445,4223,0.6252684775742261,1515,4537,136,-0.4993390614672835,0.2503304692663582,704,3247,52,-0.6436345229055935,60.76130635690977,62.82803908358983
2020-05-01,6306,4058,0.634548499291511,1053,4964,127,-0.6499916902110686,0.1750041548944657,552,3310,39,-0.7141377524598653,19.750203623498145,18.430728843949357
2020-05-04,6300,3983,0.6349329205366357,2906,2989,150,-0.014079728583545377,0.49296013570822733,1835,1922,51,-0.023156774021825925,16.382557849689864,14.927923866738968
2020-05-05,6301,4045,0.634568219956112,3336,2556,147,0.13238289205702647,0.5661914460285132,2053,1677,52,0.10080428954423593,20.74443895586393,18.056439170193485
2020-05-06,6319,3961,0.6294954721862872,2058,3821,168,-0.29988093213131484,0.3500595339343426,1248,2483,43,-0.3310104529616725,2.756933897446369,-0.949699566499292
2020-05-07,6316,3992,0.6328165374677003,4133,1775,157,0.3991198375084631,0.6995599187542315,2649,1065,50,0.42649434571890144,22.313870885001023,20.68004024548957
2020-05-08,6332,4065,0.6323169947253313,4682,1240,144,0.5812225599459642,0.7906112799729821,3122,642,48,0.6588735387885228,48.028618776810305,50.68902723699369
2020-05-11,6323,4159,0.6320134141622598,2342,3567,162,-0.2073108817058724,0.3963445591470638,1463,2381,49,-0.23881373569198752,30.347913047831355,31.20890225451921
2020-05-12,6364,4134,0.6301597444089457,1493,4469,150,-0.4991613552499161,0.25041932237504194,709,3195,43,-0.6367827868852459,0.48664640711301027,-5.501101676431983
2020-05-13,6380,4180,0.6299072544784653,1007,5040,98,-0.6669422854307921,0.16652885728460393,638,3296,31,-0.6756481952211489,-33.43621631178054,-38.80391994580825
2020-05-14,6423,4117,0.6261717760324297,3004,3025,143,-0.0034831647039310003,0.4982584176480345,2196,1703,55,0.1264426776096435,-29.100126818532573,-26.979266324856297
2020-05-15,6286,4007,0.6327249022164276,3514,2387,190,0.19098457888493475,0.5954922894424673,2245,1531,67,0.18908898305084745,-15.523882488269606,-13.601975875257894
2020-05-18,6368,4193,0.6308262035499936,5046,898,122,0.6978465679676985,0.8489232839838493,3369,464,33,0.7578919906078789,21.504525280684767,26.34376771637661
2020-05-19,6300,4031,0.6340865074241446,2235,3698,143,-0.24658688690375863,0.3767065565481207,1204,2617,50,-0.36979848207275584,5.834618553164474,3.981136014610486
2020-05-20,6300,4074,0.6319895968790638,4570,1345,132,0.5452240067624683,0.7726120033812341,2972,795,51,0.5779134589859305,31.998219891680147,32.22677728246171
2020-05-21,6308,3982,0.6314630037579371,2779,3106,168,-0.05556499575191164,0.4722175021240442,1684,2040,58,-0.09559613319011816,24.16865781093365,22.54018707125977
2020-05-22,6250,3898,0.635494433529797,3183,2643,193,0.09268795056642637,0.5463439752832132,1897,1735,68,0.04460352422907489,24.766186258757628,21.155434376285466
2020-05-26,6407,4171,0.6278862099757622,4590,1380,116,0.5376884422110553,0.7688442211055276,2855,890,37,0.5246995994659546,47.4032667325848,43.87049741204499
2020-05-27,6358,4180,0.6297103306844399,4309,1730,103,0.42705745984434507,0.7135287299221725,2862,1046,40,0.4646878198567042,60.98940508570859,60.071934840096624
2020-05-28,6384,4106,0.6290858018386108,2308,3669,145,-0.2277062071273214,0.3861468964363393,1165,2709,53,-0.3985544656685596,39.56242300361757,30.461689890617123
2020-05-29,6364,4119,0.6296581855564123,2840,3129,175,-0.04841682023789579,0.4757915898810521,1720,2109,63,-0.10159310524941238,30.00901055288293,19.840690030316416
2020-06-01,6318,4192,0.6327771310309145,3829,2102,164,0.2911819254763109,0.6455909627381554,2448,1382,74,0.2783289817232376,38.670735140450745,29.65663604824023
2020-06-02,6341,4160,0.6318702535718883,3951,1997,156,0.3285137861466039,0.6642568930733019,2573,1303,55,0.32765737874097006,47.749749020633615,40.367406564210505
2020-06-03,6374,4235,0.6311077001790739,4351,1637,136,0.45323981295925186,0.7266199064796259,2920,1013,39,0.4848715992880753,61.509858483719206,57.183989349899306
2020-06-04,6354,4226,0.6314102564102564,3229,2771,131,0.07633333333333334,0.5381666666666667,2177,1797,47,0.09562154001006543,54.121878800942866,51.813744721013244
2020-06-05,6455,4434,0.626765893037336,4757,1267,120,0.5793492695883135,0.7896746347941567,3251,804,37,0.6034525277435265,72.68534359091338,72.35466622638364
2020-06-08,6445,4441,0.6279569892473118,4657,1447,120,0.5258846657929227,0.7629423328964613,3224,949,53,0.5451713395638629,85.52044907861406,86.64132137336026
2020-06-09,6395,4327,0.6301108139090562,1793,4248,143,-0.40638967058434033,0.2968051647078298,1078,3045,48,-0.4770797962648557,49.45314520634192,47.31064812572253
2020-06-10,6468,4380,0.6245263955544329,1766,4305,111,-0.418217756547521,0.2908911217262395,966,3121,41,-0.5272816246635674,17.77693037135851,10.93627783842807
2020-06-11,6538,4530,0.6241319444444444,352,5885,46,-0.8871252204585538,0.0564373897707231,180,4013,12,-0.9141426186501311,-32.840491159960756,-39.56153984572902
2020-06-12,6482,4381,0.6258161727774988,4443,1717,132,0.44253246753246755,0.7212662337662338,3179,988,58,0.5257979361651068,-9.47129971388784,-10.542338525692793
2020-06-15,6418,4345,0.6288869145830689,4223,1837,148,0.3937293729372937,0.6968646864686469,3053,1019,64,0.4995088408644401,8.11656074131524,13.007335530533307
2020-06-16,6404,4354,0.6311984781230184,4523,1540,120,0.49200065973940293,0.7460003298697014,3024,1049,61,0.4849005646943285,28.02716296691278,32.346856362448385
2020-06-17,6379,4316,0.6296153846153846,2078,3933,135,-0.30860089835301946,0.34569955082349024,1215,2829,58,-0.3991097922848665,4.88051415034299,4.519894542963781
2020-06-18,6347,4240,0.6295577967416602,2778,3173,162,-0.06637539909258948,0.46681230045370525,1944,2059,64,-0.028728453659755182,-2.8229981955544132,-0.7756903541548121
2020-06-19,6398,4497,0.6291001914486279,2456,3532,144,-0.1796927187708751,0.41015364061456244,1489,2569,53,-0.2661409561360276,-15.061252244233193,-17.170162113234056
2020-06-22,6410,4333,0.6272030651340996,3205,2786,175,0.06993824069437489,0.5349691203471875,2322,1772,71,0.134342940889106,-12.968105221369889,-11.077389805423964
2020-06-23,6372,4322,0.630524152106886,3193,2786,157,0.06807158387690249,0.5340357919384513,2060,1975,78,0.021065675340768277,-11.206956831588531,-11.476545810636098
2020-06-24,6445,4389,0.629209231933409,918,5125,109,-0.6961773953334437,0.15191130233327818,524,3551,39,-0.7428220858895705,-47.85758913468484,-49.95482952755623
2020-06-25,6396,4267,0.6286919831223629,3879,2134,172,0.29020455679361384,0.6451022783968069,2738,1307,70,0.35377008652657604,-29.635494201805876,-27.774379337077832
2020-06-26,6407,4524,0.6304071246819338,1256,4786,128,-0.584243627937769,0.20787818603111552,745,3338,49,-0.6350722507959834,-57.62983479975448,-58.1133393936614
2020-06-29,6446,4379,0.6268221574344023,4203,1845,135,0.3898809523809524,0.6949404761904762,3110,1046,45,0.4966313763233879,-32.57061782106569,-27.177402189103464
2020-06-30,6493,4388,0.6226058467741935,4012,2082,153,0.3167049556941254,0.6583524778470626,2781,1304,67,0.3615667074663403,-14.640934049522803,-7.344522311113301
2020-07-01,6439,4255,0.6278981375902699,2774,3307,154,-0.08765005755632298,0.45617497122183853,1614,2397,59,-0.19521316379955123,-19.45560041712844,-18.189680967170712
2020-07-02,6413,4246,0.6289132094680581,3568,2459,157,0.1840053094408495,0.5920026547204248,2260,1688,79,0.14488348530901723,-9.892093809486985,-10.366510757835526
2020-07-06,6436,4319,0.6286185881157949,3909,2126,143,0.29544324772162384,0.6477216238608119,2698,1317,65,0.3439601494396015,3.9060617231326047,6.327965531464454
2020-07-07,6391,4254,0.6318071674531309,1638,4403,134,-0.45770567786790267,0.2711471610660487,948,3084,43,-0.5297619047619048,-21.97349188456963,-23.115999778916702
2020-07-08,6361,4240,0.6331709817995386,3352,2566,205,0.13281514025008448,0.5664075701250423,2279,1676,91,0.1524652338811631,-14.464601853832841,-14.063653188244613
2020-07-09,6422,4311,0.629535650850038,1695,4304,139,-0.43490581763627273,0.28254709118186366,949,3067,51,-0.5273904382470119,-36.35822576260158,-40.24636219368751
2020-07-10,6416,4239,0.6292321451386227,4079,1948,164,0.35357557657209226,0.6767877882860461,2673,1295,56,0.3472782258064516,-15.471413365367596,-18.697913379699568
2020-07-13,6493,4355,0.6258631512868801,2179,3888,144,-0.2816878193505851,0.3591560903247074,1319,2703,48,-0.3441074092491298,-29.29900149503957,-34.749781829620446
2020-07-14,6409,4229,0.6295541401273885,3743,2330,132,0.2326691915033756,0.6163345957516878,2801,1220,56,0.3931857746829147,-15.257243795735873,-11.435721248552477
2020-07-15,6403,4364,0.6307339449541285,4800,1199,155,0.6002667111185197,0.8001333555592599,3267,746,50,0.6282083229504112,15.204621236904678,20.306106567878235
2020-07-16,6366,4161,0.6318222678823681,2540,3411,171,-0.14636195597378593,0.42681902201310706,1563,2375,79,-0.20619603859827323,3.8420593790125386,5.623620740652875
2020-07-17,6335,4199,0.6348510254095189,3386,2512,189,0.14818582570362834,0.5740929128518142,2219,1668,75,0.1417545665037304,8.83524777749041,10.439507509772108
2020-07-20,6435,4165,0.6280518819938963,2809,3129,185,-0.05389019872010778,0.4730549006399461,1722,2161,71,-0.11305691475663147,2.95644639811473,1.7643190968020943
2020-07-21,6447,4258,0.629433295468888,4127,1905,157,0.368368700265252,0.684184350132626,2644,1298,54,0.34145104008117705,19.02823393602595,17.063609150119152
2020-07-22,6432,4157,0.6282002292701566,2965,3034,188,-0.011501916986164361,0.49424904150691784,1949,1983,64,-0.008646998982706003,13.680940248689085,12.554282146760492
2020-07-23,6463,4213,0.6292375551354757,2573,3444,177,-0.14475652318431112,0.42762173840784445,1643,2258,58,-0.15765188413227377,2.37786913486529,1.185791890676642
2020-07-24,6414,4138,0.6281593055910135,1830,4176,175,-0.3906093906093906,0.3046953046953047,973,2934,64,-0.5019196314307653,-19.59078938438236,-25.75358360265301
2020-07-27,6402,4186,0.6316930137684854,3593,2375,176,0.20408847184986595,0.602044235924933,2360,1531,64,0.21305576972500642,-8.541145348454359,-12.909211673648011
2020-07-28,6389,4132,0.6307908881494753,2318,3603,203,-0.21702415132578956,0.3914879243371052,1341,2526,70,-0.3064391000775795,-20.106625129776425,-27.837471106109792
2020-07-29,6441,4246,0.6284735439665017,4306,1703,154,0.43318355799633884,0.7165917789981694,2830,1078,59,0.4483111566018424,2.6158082489485186,-2.724432731362969
2020-07-30,6445,4211,0.6269054878048781,2405,3639,154,-0.2041694242223693,0.39791528788881536,1510,2432,58,-0.23389142567224758,-9.837239364421814,-15.34929187100212
2020-07-31,6505,4326,0.6260346124905944,2235,3846,153,-0.2649235323137642,0.3675382338431179,1344,2631,58,-0.3237735849056604,-23.473114281601077,-30.560907937709228
2020-08-03,6535,4308,0.6254686328417896,4107,2038,141,0.3366965012205045,0.6683482506102523,2676,1361,51,0.32573693336636117,-4.9334200876679155,-10.938509221454181
2020-08-04,6431,4244,0.6309644670050761,3671,2409,150,0.2075657894736842,0.6037828947368421,2443,1571,49,0.21723966118584953,4.486149961242275,0.4684706180255807
2020-08-05,6414,4225,0.6315319908233494,4066,1914,173,0.35986622073578595,0.679933110367893,2715,1247,60,0.37051993942453304,20.132473166359354,17.883109939624816
2020-08-06,6360,4166,0.6346820809248555,2777,3170,176,-0.06608373970068943,0.4669581301496553,1730,2179,62,-0.11486313635200819,12.111919119078898,8.414057221066983
2020-08-07,6473,4257,0.6271679959488543,3601,2368,177,0.2065672641983582,0.6032836320991791,2421,1500,58,0.23488905891354248,18.82633600801109,17.76355662387223
2020-08-10,6457,4304,0.6281921618204804,3972,2083,159,0.3119735755573906,0.6559867877786953,2586,1414,61,0.293,29.743346335959682,28.574107884474238
2020-08-11,6467,4362,0.6309703368526898,2762,3274,177,-0.08482438701126574,0.45758780649436714,1777,2290,60,-0.12613720186869928,19.08877530624311,16.717398579431617
2020-08-12,6450,4262,0.6304402834008097,3446,2563,183,0.1469462472957231,0.5734731236478615,2240,1773,73,0.11637179167704959,21.472204914653666,18.621774808010464
2020-08-13,6439,4175,0.6274010940083958,2555,3435,184,-0.14691151919866444,0.4265442404006678,1630,2274,82,-0.16495901639344263,8.709787880552051,6.090367205880715
2020-08-14,6439,4164,0.6299262649377065,2862,3127,194,-0.04424778761061947,0.4778761061946903,1836,2017,81,-0.04697638203996886,2.8875589563946633,1.2446935877040572
2020-08-17,6464,4233,0.6268088347296268,3172,2876,155,0.04894179894179894,0.5244708994708994,2002,1919,59,0.02116806937005866,2.554594759079036,0.5026417467258737
2020-08-18,6483,4184,0.6275129599190795,2207,3866,168,-0.2731763543553433,0.3634118228223283,1268,2663,62,-0.3548715339608242,-13.848770268278333,-18.936305952588246
2020-08-19,6518,4184,0.6242126480221718,2648,3404,217,-0.12491738268341045,0.43754130865829477,1594,2268,88,-0.17452097358881408,-20.39145493173085,-26.44439668713837
2020-08-20,6514,4143,0.6242439516129032,2365,3733,196,-0.22433584781895705,0.3878320760905215,1435,2432,72,-0.2578226014998707,-30.854416301101423,-36.89667367729587
2020-08-21,6471,4279,0.6277770724895265,1931,4106,191,-0.36027828391585226,0.31986085804207387,1193,2697,69,-0.38663239074550126,-46.44309799525252,-52.089376597775576
2020-08-24,6518,4239,0.626239799121155,3744,2337,154,0.2313764183522447,0.6156882091761223,2502,1462,44,0.2623612512613522,-29.956470240370596,-32.369008611454184
2020-08-25,6473,4117,0.6263611040769815,3261,2763,221,0.08266932270916334,0.5413346613545816,2152,1702,92,0.1167618059159315,-23.14597594089877,-22.626221207363145
2020-08-26,6552,4171,0.6203215272544587,2472,3622,177,-0.1887102067607483,0.4056448966196259,1467,2360,59,-0.23334204337601255,-30.776249908641443,-31.6881993354257
2020-08-27,6528,4158,0.6257983719474014,3143,2969,197,0.028468586387434554,0.5142342931937173,2003,1846,70,0.04078981553650299,-26.287313244109075,-25.57115669261628
2020-08-28,6449,4112,0.6284514569283624,3973,2046,196,0.3201528493105167,0.6600764246552584,2637,1188,76,0.3788235294117647,-7.733622683559253,-3.3115437557880547
2020-08-31,6564,4331,0.6238142785821268,2021,4044,184,-0.33355317394888706,0.33322341302555647,1183,2708,73,-0.39193009509123616,-24.516850303841544,-22.800698201171027
2020-09-01,6552,4194,0.6246715876391843,3426,2736,184,0.11197663096397274,0.5559883154819864,2196,1727,75,0.11955136375223044,-16.46743542202071,-13.775848818794282
2020-09-02,6519,4293,0.626912465512917,3745,2381,184,0.2226575253019915,0.6113287626509958,2471,1450,69,0.2603927569497577,-3.9688038040528504,1.0513463071081686
2020-09-03,6540,4368,0.6284085275161131,1202,4931,154,-0.608022175118213,0.19598891244089353,652,3371,52,-0.6758637832463336,-34.796614772680286,-33.08948560158534
2020-09-04,6569,4334,0.6247210513265559,2625,3537,176,-0.14800389483933787,0.4259980525803311,1810,2226,83,-0.10307234886025768,-37.979496063049595,-33.47487773620657
2020-09-08,6551,4266,0.6262601120099565,1654,4507,153,-0.463074176270086,0.26846291186495697,966,3047,57,-0.5185646648392723,-56.2644761575375,-54.41162942157743
2020-09-09,6475,4235,0.6295359716778354,4315,1779,171,0.41614702986544144,0.7080735149327207,2823,1130,74,0.4282823172274222,-27.65575145076062,-24.698144862126895
2020-09-10,6546,4201,0.6247342753532574,1968,4120,159,-0.35348226018396844,0.3232588699080158,1032,2911,47,-0.4765407050469186,-41.53847757168307,-44.41077595320309
2020-09-11,6438,4174,0.6306890414441901,2562,3475,187,-0.15123405665065429,0.42438297167467287,1654,2218,73,-0.14566115702479338,-43.08810584054764,-44.49904425520097
2020-09-14,6553,4190,0.6219879518072289,4690,1379,159,0.5455594002306805,0.7727797001153403,3212,683,50,0.6492939666238767,-9.357924637157373,-4.604262249699644
2020-09-15,6535,4175,0.6250627825213461,3214,2838,226,0.06212822207534699,0.5310641110376735,1953,1906,96,0.012179321067634101,-4.643388992839579,-2.3269346015596417
2020-09-16,6627,4318,0.6209497897600792,3737,2394,212,0.21905072581960527,0.6095253629098026,2431,1481,79,0.24284253578732107,7.256881115229246,11.164975946592207
2020-09-17,6546,4224,0.6243572055687947,2425,3699,225,-0.20803396472893534,0.39598301763553234,1565,2366,80,-0.20376494530653777,-3.9589068753750865,0.31436053083613513
2020-09-18,6486,4529,0.6295595102865076,2493,3581,165,-0.17912413566019098,0.4104379321699045,1569,2418,64,-0.2129420617005267,-12.083119619527697,-9.423343271988932
2020-09-21,6630,4434,0.6231884057971014,1010,5182,103,-0.6737726098191215,0.16311369509043927,634,3543,28,-0.6964328465405794,-43.70132962562706,-41.87650254904705
2020-09-22,6601,4241,0.6219208758397612,3168,2996,200,0.027903958468526932,0.5139519792342635,2044,1960,68,0.02097902097902098,-35.43256411833146,-33.5439778422065
2020-09-23,6638,4435,0.6212755478946073,850,5432,97,-0.7293855460044572,0.13530722699777142,430,3627,21,-0.7880207049543998,-66.05008201265129,-66.70193562531782
2020-09-24,6600,4352,0.6240536179719498,2903,3291,171,-0.06264126574103972,0.46867936712948016,2087,1991,58,0.023540951446787643,-58.560595389060595,-54.14039703169206
2020-09-25,6573,4177,0.624484181568088,4292,1878,154,0.3912479740680713,0.6956239870340356,2827,1098,63,0.4405095541401274,-29.169819358489704,-22.281149414316573
2020-09-28,6611,4201,0.6223932472691162,4958,1265,127,0.5934436766832717,0.7967218383416359,3174,707,46,0.6356609121360474,6.214928375200875,14.827480945407045
2020-09-29,6611,4177,0.6210552575776475,2550,3651,179,-0.177552007740687,0.4112239961296565,1490,2381,52,-0.23017308189098423,-2.11197117556762,3.189522796892129
2020-09-30,6668,4320,0.6207830583600098,3210,3021,209,0.03033220991815118,0.5151661049590756,2093,1784,81,0.07970079958730977,1.1733004473450623,8.716815039842109
2020-10-01,6632,4215,0.6229184655236215,4059,2191,174,0.29888,0.64944,2617,1302,61,0.3355447818321,17.403730686791125,26.191264944604644
2020-10-02,6615,4078,0.6224159402241594,3285,2907,177,0.061046511627906974,0.5305232558139535,2002,1781,58,0.058419243986254296,19.302055469478898,27.144686396161305
2020-10-05,6644,4071,0.621845620979713,4746,1488,149,0.5226179018286814,0.7613089509143407,3131,625,59,0.667199148029819,43.90718239136827,58.26313350743968
2020-10-06,6687,4206,0.6201911296250919,2488,3741,197,-0.20115588376946542,0.3994220581152673,1366,2428,67,-0.2799156562994201,28.536340717719508,37.222349903583535
2020-10-07,6607,4144,0.6227567298105683,4699,1549,150,0.5041613316261203,0.7520806658130602,3081,773,56,0.598858329008822,50.517450152940505,62.98506743818072
2020-10-08,6622,4053,0.621355594318465,4393,1768,198,0.42606719688362277,0.7130335984418114,2747,1018,65,0.4592297476759628,65.15400473216489,77.71583652642744
2020-10-09,6582,4018,0.625374251497006,3280,2867,170,0.0671872458109647,0.5335936229054824,1992,1708,57,0.07675675675675675,59.39849132010801,70.79841536828597
2020-10-12,6590,3959,0.6238154613466335,3669,2439,195,0.2013752455795678,0.6006876227897839,2184,1452,69,0.20132013201320131,60.889934884628985,70.75819696405581
2020-10-13,6558,3934,0.6296342529022594,2228,3890,178,-0.2716574043805165,0.3641712978097417,1248,2365,55,-0.30916136174923886,38.20903695986707,44.845944555496736
2020-10-14,6513,3953,0.6288347430879939,2134,3913,210,-0.2941954688275178,0.3529022655862411,1244,2349,72,-0.3075424436404119,17.498920827046224,22.547684928842585
2020-10-15,6539,3970,0.6259147110774665,3296,2742,183,0.09175223583968202,0.545876117919841,2172,1481,53,0.18915959485354503,19.001662162709152,28.205036448106917
2020-10-16,6556,4011,0.6255345911949686,2731,3332,200,-0.09912584529111002,0.450437077354445,1575,2046,82,-0.1300745650372825,10.647593637347814,16.93933882029601
2020-10-19,6617,4013,0.6244114002478315,1849,4273,188,-0.39594903626265926,0.30202548186867034,1060,2619,53,-0.4237564555585757,-11.389532468600333,-7.461623871648455
2020-10-20,6504,4005,0.6303221730890713,3618,2458,197,0.19091507570770244,0.5954575378538512,2051,1617,70,0.1183206106870229,-0.8311220283249137,-1.1832855416228014
2020-10-21,6623,3987,0.6223880597014926,2289,3796,181,-0.247658175842235,0.3761709120788825,1344,2340,53,-0.2703583061889251,-13.728188069244677,-15.243335685540155
2020-10-22,6614,4130,0.6251398731816487,3990,2145,203,0.30073349633251834,0.6503667481662592,2570,1121,70,0.3925765375237063,2.733045014852815,5.958280305469781
2020-10-23,6572,3961,0.6251411366202484,3656,2436,211,0.20026263952724885,0.6001313197636244,2240,1456,77,0.21212121212121213,11.770191236418436,15.03310430613122
2020-10-26,6685,4119,0.6230110159118727,1014,5163,155,-0.6716852841185041,0.16415735794074793,535,3163,41,-0.7106544077879935,-24.159295882612703,-23.421867690294192
2020-10-27,6537,3988,0.6275818639798488,2118,3985,215,-0.305915123709651,0.3470424381451745,1196,2515,55,-0.3554298032875236,-36.469702869528604,-38.42252918376296
2020-10-28,6746,4282,0.6208444552293133,766,5458,115,-0.7538560411311054,0.1230719794344473,409,3375,38,-0.7838266384778013,-69.20979820006677,-72.47582387427383
2020-10-29,6579,4119,0.629786176031825,3852,2330,211,0.2461986412164348,0.6230993206082174,2392,1439,72,0.24876011485251892,-46.85379659929957,-49.59967404877324
2020-10-30,6738,4289,0.6207565470417071,2029,4173,176,-0.345694937117059,0.3271525314414705,1284,2556,59,-0.33125,-57.099825164321814,-58.793073320352306
2020-11-02,6662,4137,0.6244471744471745,4449,1812,173,0.42117872544321994,0.71058936272161,2803,1056,62,0.4527079554288676,-27.230997333580266,-27.161566559507264
2020-11-03,6638,4156,0.6263844449913857,5000,1177,188,0.6189088554314393,0.8094544277157196,3228,588,64,0.6918238993710691,8.32951194778262,11.974976750922853
2020-11-04,6684,4061,0.6249846907532149,3339,2881,159,0.07363344051446945,0.5368167202572347,1876,1897,61,-0.0055658627087198514,11.428329077760488,10.507358293596543
2020-11-05,6656,4169,0.6258294421233719,4828,1402,157,0.5499197431781702,0.7749598715890851,3000,780,51,0.5873015873015873,37.83499121168781,38.843380221629936
2020-11-06,6616,4071,0.6257600198535799,2422,3744,168,-0.21440155692507298,0.3927992215374635,1461,2354,54,-0.23407601572739187,22.007447374975065,21.807581917541363
2020-11-09,6848,4514,0.6197032640949555,4518,1803,131,0.4295206454674893,0.7147603227337447,2648,1255,53,0.3569049449141686,40.56097027733891,36.68198449003596
2020-11-10,6719,4295,0.6224875137044708,3977,2410,152,0.2453421011429466,0.6226710505714733,2659,1429,48,0.300880626223092,47.01250029124617,46.41497283251482
2020-11-11,6636,4132,0.6263777089783281,3331,2904,185,0.06848436246992783,0.5342421812349639,1995,1883,59,0.02888086642599278,43.45060901802971,40.90461501131671
2020-11-12,6676,4160,0.6243710884771138,1716,4482,199,-0.4462729912875121,0.27686350435624396,943,2892,51,-0.5082138200782269,14.450071246467484,9.134001673924763
2020-11-13,6615,4124,0.628103277060576,4719,1485,175,0.5212765957446809,0.7606382978723404,3019,790,56,0.5851929640325545,37.959840447159095,36.5947964676241
2020-11-16,6794,4420,0.6191566265060241,4715,1562,155,0.5023100207105305,0.7511550103552652,2908,1007,48,0.4855683269476373,56.92256515980711,54.90957017965306
2020-11-17,6731,4257,0.6221192537495427,3383,2917,213,0.07396825396825397,0.536984126984127,2086,1880,89,0.05194150277357539,51.433993626208306,48.61281264383646
2020-11-18,6816,4293,0.616580310880829,2533,3788,186,-0.19854453409270684,0.40072773295364655,1328,2618,61,-0.3269133299543842,32.85845559380224,24.043279251096102
2020-11-19,6765,4236,0.6193540553666829,3758,2541,235,0.19320527067788537,0.5966026353389426,2400,1506,78,0.22887864823348694,36.39956853665564,30.705710713441164
2020-11-20,6757,4334,0.6209618654359971,3177,3097,227,0.012751036021676761,0.5063755180108384,1951,1941,101,0.0025693730729701952,30.222510527301605,24.933097302153158
2020-11-23,6874,4457,0.6128103634400863,4471,1886,183,0.4066383514236275,0.7033191757118138,2860,1175,59,0.41759603469640644,44.48437914676494,40.62418043016296
2020-11-24,6867,4562,0.6161664474470884,4555,1930,146,0.40478026214340784,0.7023901310717039,2911,1250,46,0.39918288872867097,56.36295045666129,52.91627830407375
2020-11-25,6782,4369,0.618117875333495,2928,3437,221,-0.07996857816182247,0.46001571091908877,1782,2299,88,-0.12668463611859837,41.999872159077825,36.86806435238364
2020-11-27,6667,3960,0.6196464143426295,3583,2678,184,0.14454559974444978,0.5722727998722249,2137,1586,64,0.1479989255976363,40.73514974916222,36.69667918773842
2020-11-30,6949,4625,0.610277613703485,2082,4285,160,-0.3460028270771164,0.3269985864614418,1178,2630,48,-0.38130252100840334,14.922714998860235,9.90158914572608
2020-12-01,6933,4458,0.6119828815977175,4004,2520,180,0.22746781115879827,0.6137339055793991,2532,1664,59,0.20686367969494757,21.452001624153464,16.35058924924443
2020-12-02,6831,4348,0.617512629299976,3717,2713,193,0.15614307931570762,0.5780715396578539,2278,1759,80,0.1285608124845182,23.361045088503882,17.867588030984926
2020-12-03,6897,4370,0.6144047619047619,3859,2540,238,0.2061259571808095,0.6030629785904047,2368,1612,83,0.1899497487437186,27.375615918336067,22.144730862178164
2020-12-04,6953,4488,0.608767969585363,4845,1661,189,0.4893944051644636,0.7446972025822318,3117,966,56,0.526818515797208,44.8346182974336,42.53440268121196
2020-12-07,7000,4548,0.6083274523641496,3049,3547,162,-0.07550030321406913,0.46224984839296546,1839,2306,82,-0.1126658624849216,31.293156821148195,27.780681158973323
2020-12-08,6951,4561,0.6071939018580277,4085,2439,216,0.25229920294297975,0.6261496014714899,2563,1583,91,0.2363724071394115,35.94871678267088,32.479259332881064
2020-12-09,7016,4623,0.6076038488617695,2699,3869,198,-0.17813641900121802,0.410931790499391,1628,2623,58,-0.2340625735121148,18.22769586864953,12.812398342331472
2020-12-10,6981,4476,0.6089728453364817,3777,2786,218,0.15099801919853725,0.5754990095992686,2446,1705,88,0.1785112021199711,19.441806417805797,16.561858985304198
2020-12-11,6978,4493,0.6077897478394696,2632,3912,208,-0.19559902200489,0.402200488997555,1508,2596,79,-0.2651072124756335,3.052809845074014,-2.496082189660867
2020-12-14,7045,4700,0.6074013541909876,2812,3798,170,-0.1491679273827534,0.4254160363086233,1783,2438,70,-0.15517649846008055,-8.653491542730208,-13.281605782530043
2020-12-15,7010,4622,0.6078408288203437,4709,1942,162,0.41602766501278005,0.70801383250639,3196,1096,69,0.48928238583411,9.640667848187498,9.786123789188986
2020-12-16,6982,4599,0.6088242252188313,3056,3515,209,-0.0698523816770659,0.46507380916146707,1898,2339,78,-0.10408307764928015,0.9399684536889052,-0.20817122010668987
2020-12-17,6980,4553,0.6087471850183714,4231,2312,206,0.293290539507871,0.6466452697539355,2767,1431,85,0.3182467841829443,11.653316688371024,12.364240494657258
2020-12-18,7039,4853,0.606203007518797,2895,3674,216,-0.11858730400365353,0.44070634799817326,1864,2425,72,-0.1307997202145022,0.16107067000614705,0.5995060884348286
2020-12-21,7111,4747,0.6058579335793358,2654,4001,193,-0.20240420736288506,0.3987978963185575,1705,2695,67,-0.225,-13.856450197007424,-14.172353348602416
2020-12-22,7055,4676,0.60586585650853,3262,3443,157,-0.026994780014914243,0.48650260999254286,2205,2147,69,0.01332720588235294,-17.001676919920452,-14.815071106408602
2020-12-23,7055,4656,0.6059718969555035,4365,2298,178,0.31022062134173795,0.655110310670869,2859,1437,71,0.33100558659217877,-2.7450673155788725,0.5933996016904419
2020-12-24,6835,3951,0.6099230111206159,3317,3152,214,0.025506260627608596,0.5127531303138043,1809,1940,79,-0.03494265137369965,-4.777658802995396,-4.53273683918725
2020-12-28,7112,4711,0.6032798325191905,3365,3200,154,0.02513328255902513,0.5125666412795126,1874,1934,54,-0.015756302521008403,-6.51028513415073,-7.93360236930718
2020-12-29,7106,4701,0.6046134229743827,2036,4706,163,-0.3960249184218333,0.30198754078908335,1053,3294,65,-0.515527950310559,-29.01703927066071,-35.79025677519071
2020-12-30,7091,4582,0.6045942164179104,4411,2284,208,0.3176997759522031,0.6588498879761016,2900,1332,86,0.3705103969754253,-12.428994142321612,-15.126827644045962
2020-12-31,7116,4649,0.6039856331827135,3428,3299,175,0.01917645309944998,0.509588226549725,2078,2133,68,-0.013061030634053668,-13.110236729517728,-16.562532979170914
2021-01-04,7100,4759,0.6095489498450591,2425,4328,126,-0.28180068117873536,0.3590996594106323,1560,2724,50,-0.27170868347338933,-28.676004671832096,-30.639631017773684
2021-01-05,7084,4617,0.6061520603598375,4766,1954,146,0.41845238095238096,0.7092261904761905,3165,1170,66,0.4602076124567474,-6.828703132595891,-5.926536889183341
2021-01-06,7121,4818,0.6076197053406999,4286,2450,155,0.27256532066508316,0.6362826603325415,3034,1312,74,0.39622641509433965,4.590530184749156,12.033731407086925
2021-01-07,7088,4661,0.6048001864150064,4517,2199,167,0.34514592019058965,0.6725729600952948,3083,1286,73,0.41130693522545203,17.96005199643075,28.083618149918195
2021-01-08,7089,4641,0.6081675150393336,3362,3315,172,0.007039089411412311,0.5035195447057061,2069,2209,71,-0.03272557269752221,12.395851346477485,19.464227828140626
2021-01-11,7166,4588,0.601496833621186,2952,3785,173,-0.12364553955766662,0.43817723022116667,1957,2277,76,-0.07557864903164856,1.0422490855811206,9.854674147173794
2021-01-12,7184,4747,0.6014658726523133,4569,2235,157,0.3430335097001764,0.6715167548500882,3044,1237,71,0.4220976407381453,14.663660369978974,26.473046867700965
2021-01-13,7151,4709,0.6014534548390817,3245,3551,168,-0.045026486168334316,0.47748675691583287,1812,2540,72,-0.16727941176470587,6.8336489228637,11.080537684270627
2021-01-14,7189,4816,0.5993799517740269,4619,2196,153,0.3555392516507704,0.6777696258253851,3028,1363,70,0.37918469596902754,20.13310778192105,25.187745030703006
2021-01-15,7195,4785,0.6004351809436556,2122,4677,173,-0.3757905574349169,0.3121047212825416,1241,3201,68,-0.4412426834759118,-5.163010886778868,-3.897900385497782
2021-01-19,7182,4799,0.6014874141876431,4290,2509,162,0.26195028680688337,0.6309751434034416,2926,1508,77,0.31980153360396935,5.1216649180066,9.305573139572102
2021-01-20,7205,4713,0.5994959330965747,3981,2818,189,0.1710545668480659,0.5855272834240329,2503,1895,90,0.13824465666211916,9.344668408567264,11.470171290716467
2021-01-21,7123,4745,0.6056760498384864,2800,3988,167,-0.17501473187978786,0.41249263406010606,1696,2680,67,-0.22486288848263253,-4.3948518854388805,-4.891825403746261
2021-01-22,7079,4785,0.6065650098940752,3800,2882,186,0.13738401676144868,0.5686920083807243,2550,1867,70,0.15462983925741453,-0.5002300453251091,0.11776293650918312
2021-01-25,7268,4925,0.5987549518958687,3081,3662,186,-0.08616342874091651,0.45691828562954173,2113,2368,76,-0.05690694041508592,-8.345199496919468,-6.176466830879974
2021-01-26,7239,4854,0.599088319088319,2639,4225,186,-0.23106060606060605,0.38446969696969696,1638,2872,82,-0.2736141906873614,-22.25578124653253,-22.36251346145708
2021-01-27,7359,5135,0.5952912296362419,1145,5867,100,-0.6734169994295494,0.16329150028522532,751,3904,27,-0.6773361976369495,-56.155869404666205,-56.27587111077263
2021-01-28,7268,4937,0.5999094305445488,4313,2655,148,0.23794489092996557,0.6189724454649828,2837,1825,81,0.21707421707421706,-39.29157091487143,-40.269891809825225
2021-01-29,7368,5043,0.5957304869913276,1965,4980,163,-0.43412526997840173,0.28293736501079914,1125,3500,73,-0.5135135135135135,-58.27964589694089,-62.912816577852595
2021-02-01,7328,4983,0.5974433729535771,5421,1588,149,0.546868312170067,0.7734341560850335,3703,950,57,0.5916612937889534,-25.17337266970214,-26.6992128065034
2021-02-02,7357,4901,0.5947492426792326,5080,1900,172,0.45558739255014324,0.7277936962750716,3308,1269,70,0.4454883111208215,-1.3056881780606835,-2.9117346513739055
2021-02-03,7350,4896,0.5932394366197183,4157,2838,189,0.18856325947105074,0.5942816297355253,2774,1746,81,0.22743362831858407,5.756503849228434,6.538383704406805
2021-02-04,7350,4914,0.5915047446904654,4918,2052,185,0.41119081779053085,0.7055954088952654,3210,1335,74,0.41254125412541254,22.897273429288504,23.8409242704187
2021-02-05,7380,4964,0.5905211141060198,4648,2316,193,0.33486502010338887,0.6674325100516945,3009,1528,90,0.32642715450738374,33.62185516873631,34.209686852105335
2021-02-08,7428,5141,0.5923008653206124,5280,1772,150,0.497447532614861,0.7487237663074305,3649,1034,58,0.5584027332906256,50.75238890569411,54.50270936434898
2021-02-09,7432,5081,0.5905748663101604,4041,3004,190,0.14719659332860185,0.573598296664301,2651,2072,89,0.12259157315265722,47.63268634195161,49.790172058597136
2021-02-10,7458,5151,0.5907733156322602,3301,3784,168,-0.06817219477769937,0.46591390261115034,2137,2631,56,-0.10360738255033557,33.95873781292695,34.20205401673669
2021-02-11,7426,5071,0.5908432661245405,3048,4022,180,-0.13776520509193776,0.4311173974540311,2088,2655,80,-0.11954459203036052,18.618067615834317,19.906342346861074
2021-02-12,7482,4968,0.5863717207647844,3920,3154,186,0.10828385637545943,0.5541419281877297,2679,1959,82,0.15523932729624837,17.711157332610806,21.323173123713556
2021-02-16,7541,5184,0.5876052027543994,3600,3570,170,0.0041841004184100415,0.502092050209205,2430,2248,74,0.03890551517742625,11.642205455939179,16.61125696636276
2021-02-17,7502,5073,0.5878266622560371,2847,4324,180,-0.2059684841723609,0.39701575791381954,1771,2990,67,-0.2560386473429952,-4.112588655433319,-2.247695759025059
2021-02-18,7478,5091,0.5879029577932868,2056,5094,158,-0.4248951048951049,0.2875524475524476,1215,3506,58,-0.4852785426816352,-28.508705713516832,-29.822856627368523
2021-02-19,7503,5075,0.5870597328033565,4838,2291,178,0.35727310983307614,0.6786365549165381,3324,1370,82,0.41627609714529185,-10.116431533201595,-8.17277289531898
2021-02-22,7545,5179,0.5867279894875165,3064,4127,154,-0.147823668474482,0.426088165762759,2060,2739,41,-0.1414878099604084,-19.595293866743962,-17.50928279522504
2021-02-23,7573,5320,0.58721183123097,2402,4858,131,-0.33829201101928374,0.3308539944903581,1654,3277,44,-0.32914216183329953,-37.12516181982906,-34.78716993931315
2021-02-24,7548,5168,0.5866184844502847,4901,2318,162,0.35780579027566145,0.6789028951378308,3454,1424,72,0.41615416154161544,-17.122683045870414,-12.121011429066172
2021-02-25,7617,5304,0.5856741573033708,959,6334,95,-0.7370080899492664,0.1314959550253668,515,4378,39,-0.7894951972205191,-54.67564429015282,-52.96330878376641
2021-02-26,7583,5304,0.5860722421086886,2904,4363,155,-0.20077060685289666,0.3996146965735517,1879,3059,75,-0.2389631429728635,-59.69817377774501,-60.0920537657335
2021-03-01,7581,5157,0.5847883020515059,5788,1471,120,0.5947100151536024,0.7973550075768012,3971,887,53,0.6348291477974475,-23.91991452042266,-22.197055917971145
2021-03-02,7543,5129,0.5858163826278174,2485,4736,149,-0.31172967733000967,0.34413516133499517,1404,3353,69,-0.40971200336346436,-38.53188790699055,-41.91290503659006
2021-03-03,7595,5268,0.5844947735191638,2785,4423,171,-0.22724750277469477,0.38637624861265263,1735,3075,78,-0.2785862785862786,-46.60835698520538,-52.00410526896701
2021-03-04,7660,5527,0.5834945196647324,1360,5954,128,-0.6281104730653542,0.18594476346732294,807,4216,52,-0.6786780808281904,-73.32384477668602,-80.37665105340005
2021-03-05,7632,5397,0.5810165073848828,5318,1955,175,0.4623951601814932,0.7311975800907466,3908,1201,76,0.5298492855744764,-41.27368595217617,-43.806926123689955
2021-03-08,7587,5103,0.5844410546960122,3872,3315,192,0.07750104355085571,0.5387505217754278,2549,2284,71,0.054831367680529694,-32.90913755899124,-36.07167257286672
2021-03-09,7543,5046,0.5864109589041095,4866,2315,155,0.3552430023673583,0.6776215011836791,3125,1569,51,0.33148700468683423,-11.705805054198034,-15.444890573733282
2021-03-10,7604,5043,0.5831969448990726,4789,2344,210,0.3427730267769522,0.6713865133884761,3138,1492,94,0.35550755939524836,5.858074483150844,3.4692602238151764
2021-03-11,7601,5117,0.5819967266775777,5367,1841,170,0.48917869034406214,0.7445893451720311,3550,1122,72,0.5196917808219178,28.166184293523877,27.832723925933514
2021-03-12,7518,4844,0.5863857016769638,3874,3198,235,0.09558823529411764,0.5477941176470589,2699,1830,96,0.1918745860013248,27.41926450742798,32.13346203058537
2021-03-15,7655,5079,0.5816370723256821,4230,2917,189,0.1837134462012033,0.5918567231006017,2755,1813,66,0.2062171628721541,31.049812313133128,36.36705464345125
2021-03-16,7636,5001,0.5795949477351916,2272,4956,203,-0.37133370226895407,0.314333148865523,1148,3502,68,-0.5062365591397849,6.246324201937492,4.18225495363736
2021-03-17,7592,4949,0.58155094877701,4135,2988,249,0.16102765688614348,0.5805138284430718,2932,1599,96,0.2941955418229971,11.626178203610413,16.664944992217407
2021-03-18,7639,5024,0.582646420824295,1650,5567,157,-0.5427462934737426,0.22862685326312873,936,3659,51,-0.5926006528835691,-19.02087503397159,-17.085489485086057
2021-03-19,7604,5133,0.581945661700263,4157,3008,214,0.1603628750872296,0.5801814375436148,2695,1931,80,0.1651534803285776,-9.973542748885738,-7.9689768551477504
2021-03-22,7632,4964,0.5810250817884406,3082,4059,228,-0.13681557204873268,0.4315922139756337,1817,2774,95,-0.2084513177956872,-17.04712828819102,-18.814753578488002
2021-03-23,7686,5166,0.5796804145972793,1225,6049,142,-0.6631839428100083,0.16840802859499587,566,4090,38,-0.756872852233677,-49.32822682091985,-55.41489563095097
2021-03-24,7715,5138,0.5778520595212422,2329,4952,181,-0.3602527125394863,0.31987364373025684,1227,3506,62,-0.48151278259032326,-61.53536341877231,-72.66293912548439
2021-03-25,7700,5108,0.5784758203799655,4611,2634,230,0.2728778467908903,0.6364389233954452,3408,1296,82,0.4489795918367347,-40.00826042632348,-40.52208289633011
2021-03-26,7637,4873,0.5816282107096212,4937,2277,186,0.36872747435542,0.68436373717771,3081,1484,77,0.34983570646221246,-16.610064687421623,-17.79623467464767
2021-03-29,7680,4867,0.5812344611393363,2074,5095,208,-0.4213976844748222,0.2893011577625889,978,3495,61,-0.562709590878605,-36.02781494873554,-43.90391813877682
2021-03-30,7639,4907,0.5819288898553876,4221,2956,218,0.17625748920161627,0.5881287446008081,2778,1677,79,0.24713804713804713,-22.567093663593337,-25.514086009080753
2021-03-31,7717,5061,0.5802150537634408,4352,2820,240,0.21360847741215838,0.6068042387060792,2713,1788,87,0.20550988669184625,-9.077792085951678,-11.744617130455255
2021-04-01,7750,4924,0.579976493215087,5540,1748,191,0.5203073545554336,0.7601536772777168,3456,1069,66,0.5275138121546962,17.835893580525465,16.187198119564318
2021-04-05,7817,4928,0.5783463734404737,4391,2944,193,0.1972733469665985,0.5986366734832993,2653,1822,69,0.18569832402234637,24.606214978019043,22.89718976111574
2021-04-06,7758,4852,0.580593509820666,3859,3409,270,0.061915244909190974,0.5309576224545954,2194,2207,93,-0.002953874119518291,23.503903595115574,19.087136758743398
2021-04-07,7709,4864,0.5790155440414507,2613,4590,263,-0.27446897126197417,0.3627655143690129,1296,3099,91,-0.41023890784982936,5.624697036199274,-4.630145928594225
2021-04-08,7679,4780,0.5821073128515794,4506,2617,284,0.26519724835041414,0.6325986241752071,2731,1612,100,0.2576559981579553,17.293162923764253,8.50947340376431
2021-04-09,7673,4815,0.579187983019484,3365,3723,294,-0.0505079006772009,0.47474604966139955,2000,2321,104,-0.07428835917611663,11.397977991632745,3.1040826992084405
2021-04-12,7689,4751,0.5814506539833532,2974,4185,232,-0.16915770358988685,0.41542114820505655,1773,2534,71,-0.17668911074994195,0.36811483906783876,-6.653084345374137
2021-04-13,7707,4747,0.5782144013818418,3279,3849,270,-0.07996632996632996,0.460016835016835,1878,2418,90,-0.12569832402234637,-4.6046900493926515,-12.412657410385593
2021-04-14,7691,4760,0.579590953360026,4001,3111,292,0.125140607424072,0.562570303712036,2489,1816,87,0.15632984901277583,1.42193209074069,-3.1736204421623495
2021-04-15,7724,4777,0.5808151414130551,3852,3303,270,0.07672955974842767,0.5383647798742138,2268,2039,88,0.053169259345251914,4.147031976318778,-0.4164052154968581
2021-04-16,7709,4862,0.5792202181661087,3539,3578,315,-0.005479837009976113,0.49726008149501194,2214,2102,113,0.025949953660797033,2.345787380686262,0.5821305451568772
2021-04-19,7737,4895,0.5797117039586919,2266,4901,276,-0.3676573182642668,0.31617134086786663,1312,3104,88,-0.4057971014492754,-17.3148797481975,-20.154384787713585
2021-04-20,7721,4902,0.5799160477881821,1783,5425,214,-0.5052719200887902,0.24736403995560488,1014,3465,67,-0.5472203616878768,-40.91890583587832,-44.85449648530934
2021-04-21,7732,4738,0.5803225806451613,5641,1557,237,0.567379827729925,0.7836899138649625,3728,650,59,0.7030607583371402,-7.263166220730251,-3.2347635030763104
2021-04-22,7736,4714,0.5791343669250646,3243,3868,327,-0.08789199831247363,0.4560540008437632,1913,2356,88,-0.10377137502928087,-11.214784320794935,-7.975324654072741
2021-04-23,7723,4654,0.5786741645939224,5360,1769,276,0.5037172113900968,0.7518586056950484,3303,971,66,0.5456247075339261,15.043116610382258,20.481176313256025
2021-04-26,7776,4727,0.5781400836640567,4678,2483,293,0.3065214355536936,0.6532607177768468,2942,1317,81,0.3815449636064804,27.558617531666684,36.505091562383555
2021-04-27,7735,4676,0.5792261132728059,3374,3782,305,-0.05701509223029626,0.4714924538848519,1968,2252,100,-0.06729857819905213,19.944751342507047,27.58083655229905
2021-04-28,7740,4635,0.5789019523244526,3956,3111,360,0.11956983161171643,0.5597849158058582,2424,1759,95,0.15897681090126703,22.16441818616365,31.126463790931265
2021-04-29,7784,4627,0.5783055198973043,3365,3782,290,-0.058346159227647965,0.470826920386176,1929,2257,74,-0.07835642618251314,15.055611704591014,22.135680906818145
2021-04-30,7774,4868,0.5791840668165756,2456,4738,283,-0.3172087850986934,0.34139560745065334,1256,2991,88,-0.408523663762656,-4.04082718922882,-2.1704787426398107
2021-05-03,7884,4810,0.575306294888044,4272,2972,280,0.17945886250690227,0.5897294312534511,2491,1875,82,0.14109024278515803,4.485304072781148,4.539302478177538
2021-05-04,7884,4879,0.5747017210431845,2571,4758,272,-0.2984036021285305,0.3507981989357348,1406,2992,78,-0.36061846293769895,-12.140403450335873,-14.831966376557368
2021-05-05,7842,4757,0.5774408989716951,3502,3763,304,-0.03592567102546455,0.48203716448726774,1993,2367,93,-0.08577981651376147,-13.170784810195949,-17.57830909427605
2021-05-06,7839,4851,0.5770742590035058,3433,3786,294,-0.048898739437595234,0.47555063028120237,2124,2243,81,-0.027249828257384933,-14.634560369431869,-16.91204115963532
2021-05-07,7849,4715,0.5765555319600765,4996,2219,304,0.3848925848925849,0.6924462924462924,3061,1256,90,0.41811443131804493,5.876650545777587,6.010391109052177
2021-05-10,7924,4909,0.5754371270024081,2050,5255,276,-0.43874058863791926,0.2806297056810404,1027,3355,66,-0.5312642628936559,-17.797306050972423,-21.889915967350312
2021-05-11,7918,4902,0.5752620545073375,2652,4701,271,-0.27866177070583437,0.36066911464708284,1818,2658,75,-0.1876675603217158,-29.94561151433458,-28.455393809240693
2021-05-12,7978,4959,0.5738181818181818,1390,6009,255,-0.6242735504797946,0.18786322476010273,680,3819,58,-0.6977106023560792,-57.463273616635554,-59.42875249672893
2021-05-13,7842,4919,0.5779213899777519,4163,3205,244,0.13002171552660152,0.5650108577633007,2670,1834,63,0.18561278863232683,-42.98879504569991,-41.44766086262742
2021-05-14,7842,4741,0.5778675454448815,5874,1354,278,0.6253458771444383,0.8126729385722191,3813,568,72,0.7406984706687971,-5.6319638114295945,1.8876948906660111
2021-05-17,7833,4639,0.5773152081563296,3802,3390,297,0.05728587319243604,0.528642936596218,2235,1978,75,0.061001661523854736,-2.066713484671441,4.9451451280314505
2021-05-18,7821,4740,0.577829937053238,3457,3686,329,-0.03205935881282374,0.48397032059358813,1910,2301,94,-0.0928520541439088,-3.475352488132851,-0.15814642804943235
2021-05-19,7800,4686,0.58250053157559,2620,4521,290,-0.2662092143957429,0.3668953928021286,1476,2781,101,-0.30655391120507397,-16.369854852797655,-15.205762829416603
2021-05-20,7790,4716,0.5794893799613817,4881,2253,290,0.368376787216148,0.684188393608074,2989,1258,84,0.407581822462915,4.416494980272476,7.711340644961003
2021-05-21,7736,4690,0.5836114999461613,4049,2997,347,0.1493045699687766,0.5746522849843883,2334,1882,117,0.10721062618595825,11.213130750277505,12.248347598481212
2021-05-24,7829,4628,0.5817930741448906,3942,3130,328,0.11481900452488687,0.5574095022624435,2350,1862,83,0.11585944919278253,15.243910407685933,16.498687956089803
2021-05-25,7861,4759,0.5776668083297918,2599,4570,305,-0.27493374250244107,0.36253312874877947,1276,2941,75,-0.3948304481859142,-0.8736298886346887,-5.484259346870139
2021-05-26,7852,4651,0.578589634664401,5094,2128,278,0.41068955967875936,0.7053447798393797,3281,982,67,0.5392915787004458,19.631406416514377,22.453843350151462
2021-05-27,7828,4748,0.5808651182612401,4647,2542,311,0.2928084573654194,0.6464042286827097,2910,1354,82,0.3649155722326454,31.171000309667253,37.50985161596416
2021-05-28,7843,4670,0.5798659146536128,3797,3315,359,0.06777277840269966,0.5338863892013498,2084,2136,114,-0.012322274881516588,29.629714138628653,31.333297069446097
2021-06-01,8003,4901,0.5754305872587674,4866,2391,319,0.3410500206696982,0.6705250103348491,2906,1405,97,0.3481790767803294,41.82762800504743,43.92074402991822
2021-06-02,7916,4851,0.5769998948806896,3821,3510,317,0.04242258900559269,0.5212112945027964,2181,2255,98,-0.016681695220919748,37.116334637604965,36.22036886090983
2021-06-03,7794,4752,0.5824890689986136,3025,4155,318,-0.1573816155988858,0.4213091922005571,1698,2674,87,-0.2232387923147301,22.912386905029717,19.127591392412594
2021-06-04,7798,4698,0.5824505082932049,4277,2817,328,0.20580772483789117,0.6029038624189456,2609,1658,93,0.22287321303023203,28.81291668099157,26.723228967133494
2021-06-07,7847,4826,0.5808948261238338,4405,2732,312,0.2344122180187754,0.6172061090093877,2734,1565,87,0.2719237031867876,35.14402971507821,35.53640745651198
2021-06-08,7887,4836,0.5797698236722627,4402,2762,342,0.22892238972640983,0.6144611948632049,2810,1568,103,0.28369118318867065,40.10691979602862,43.48236702774219
2021-06-09,7914,4855,0.5772280367903584,3377,3850,328,-0.0654490106544901,0.4672754946727549,1735,2644,99,-0.20758163964375428,29.431086197216086,25.49510948438405
2021-06-10,7916,4843,0.5774129039048521,3667,3561,318,0.01466519092418373,0.5073325954620919,2091,2278,96,-0.042801556420233464,24.161803118178984,18.227532898566963
2021-06-11,7907,4790,0.5771307570142933,4469,2757,330,0.23692222529753668,0.6184611126487684,2744,1591,90,0.2659746251441753,30.648608788679006,27.361426331420954
2021-06-14,7935,4966,0.5782219884271436,3164,4113,295,-0.13041088360588154,0.43479455819705926,1870,2526,85,-0.1492265696087352,17.674929147842217,14.274038347208494
2021-06-15,7879,4837,0.5788914843915905,3024,4244,285,-0.1678591084204733,0.4160704457897633,1742,2715,77,-0.21830827911151,4.62164716845797,-0.4411340461679472
2021-06-16,7853,4885,0.583968657348581,3048,4100,334,-0.14717403469501958,0.4264129826524902,1880,2538,87,-0.14893617021276595,-5.527763473485173,-9.551795327336762
2021-06-17,7857,4942,0.5834126732254311,2782,4347,333,-0.21952588020760275,0.3902370598961986,1621,2888,82,-0.28099356841871814,-17.795463030608293,-23.896521656397024
2021-06-18,7899,5087,0.5816133108677338,1889,5303,307,-0.4746941045606229,0.26265294771968856,927,3660,67,-0.5958142576847613,-40.95378005444652,-51.78281452276372
2021-06-21,7867,4895,0.583729529846804,4724,2504,292,0.30713890426120644,0.6535694521306032,3246,1319,89,0.4221248630887185,-21.45772176846451,-24.469724812219447
2021-06-22,7891,4824,0.5812870448772227,3718,3430,346,0.04029099048684947,0.5201454952434247,2173,2244,107,-0.01607425854652479,-18.023699013825418,-22.904640567405153
2021-06-23,7886,4807,0.58285774677658,4110,3080,345,0.14325452016689846,0.5716272600834492,2501,1859,88,0.14724770642201834,-9.849314579537412,-13.285872086824746
2021-06-24,7823,4782,0.5848976109215017,4925,2234,312,0.37589048749825393,0.687945243749127,3184,1164,92,0.46458141674333026,8.820829051244296,10.871289840571215
2021-06-25,7876,5056,0.5821815862215607,3864,3269,344,0.08341511285574092,0.5417075564278705,2460,1978,95,0.10860748084722849,10.115928978180783,13.672610044486825
2021-06-28,8077,5047,0.5726115308974227,3176,4156,284,-0.1336606655755592,0.4331696672122204,1780,2737,68,-0.21186628293114898,0.3188708492555675,-0.024312420306638743
2021-06-29,7945,4830,0.5798062750052643,3008,4331,338,-0.18026979152473088,0.40986510423763456,1608,2810,88,-0.27206880941602535,-10.389664502680352,-14.745185889847336
2021-06-30,8036,5023,0.5782857142857143,3746,3598,316,0.020152505446623094,0.5100762527233116,2159,2252,93,-0.021083654500113354,-9.472399057504465,-14.708549031059794
2021-07-01,8011,4855,0.5803237858032378,4307,3026,351,0.17468975862539207,0.5873448793126961,2657,1749,93,0.20608261461643212,-0.9139124476531119,-3.245368315813877
2021-07-02,7896,4640,0.5836505922165821,3166,4128,311,-0.13188922401974226,0.4340553879901289,1579,2690,85,-0.26024830171000235,-8.920785966248653,-16.74466777902127
2021-07-06,8036,4845,0.5804621415308439,2373,4928,306,-0.34995206136145734,0.32502396931927136,1157,3169,62,-0.4650947757743874,-26.625200761902356,-38.445169184387744
2021-07-07,7899,4860,0.5854070012652889,2825,4444,337,-0.22272664740679599,0.38863667629660203,1506,2924,65,-0.3200902934537246,-35.26807871064369,-49.556647924020986
2021-07-08,7962,4860,0.5834551911426781,2117,5067,356,-0.4106347438752784,0.2946826280623608,1189,3232,77,-0.46211264419814524,-51.876803786688434,-65.91029654400835
2021-07-09,7907,4649,0.5827163105563783,5673,1601,288,0.5598020346439373,0.7799010173219687,3653,666,65,0.6915952766844177,-17.29604078181246,-21.877718587249355
2021-07-12,7917,4698,0.5845700452583938,3906,3323,312,0.08064739244708811,0.540323696223544,2172,2043,75,0.030604982206405694,-11.600740318576904,-17.169990565184765
2021-07-13,7936,4755,0.5824129588724098,1808,5465,300,-0.5028186443008387,0.24859067784958064,772,3522,68,-0.6404285048905449,-35.84655655831395,-46.61070750834115
2021-07-14,7916,4852,0.5835795694385817,2486,4797,272,-0.317314293560346,0.341342853219827,1264,3100,67,-0.42071494042163154,-47.122279123472936,-60.56378873375248
2021-07-15,7917,4788,0.5854840408722216,2821,4378,340,-0.21628003889429087,0.39185998055285454,1653,2685,95,-0.23789764868603042,-51.47569778776375,-63.049989651030344
2021-07-16,7926,4829,0.584289775718648,2248,4999,303,-0.3796053539395612,0.3101973230302194,1251,3133,73,-0.42928832116788324,-63.10675800905709,-74.42997511114041
2021-07-19,8140,5090,0.5772996124821538,1726,5713,240,-0.5359591342922436,0.23202043285387822,1089,3401,79,-0.5149220489977728,-80.55346972585173,-88.0693991954733
2021-07-20,7916,4964,0.5853812888935767,5909,1474,290,0.6007043207368279,0.800352160368414,3890,690,64,0.6986899563318777,-38.23446814362832,-38.61015952511802
2021-07-21,7914,4728,0.5871076469349062,5407,1838,302,0.49261559696342305,0.7463077984817115,3531,863,70,0.6071916249431042,-7.264985638779396,-0.7043753787773499
2021-07-22,7884,4657,0.5870488322717622,2370,4855,284,-0.3439446366782007,0.32802768166089963,1144,3126,63,-0.4641686182669789,-22.57776485102086,-21.85942021726634
2021-07-23,7853,4557,0.5910057410163725,3780,3350,321,0.06030855539971949,0.5301542776998598,2170,2007,77,0.0390232224084271,-15.344642649336194,-14.678094419317798
2021-07-26,8024,4671,0.5808808182007932,3674,3538,319,0.018857459789240156,0.5094287298946201,2187,1997,72,0.04541108986615679,-11.156154734173091,-8.145277017088725
2021-07-27,7958,4688,0.5867309506341054,2174,5136,317,-0.4051983584131327,0.29740082079343366,1204,3029,84,-0.431136309945665,-28.72200770315642,-26.34636174368851
2021-07-28,7926,4630,0.5892613218451193,5098,2191,293,0.3988201399368912,0.6994100699684456,3119,1121,70,0.4712264150943396,-3.3962770356201903,3.341578875787336
2021-07-29,7980,4634,0.5834032731850608,4246,2991,340,0.17341439823131133,0.5867071991156556,2404,1800,81,0.14367269267364416,7.003916985022396,12.330374090025481
2021-07-30,7992,4678,0.5853199498117942,3064,4217,317,-0.15835736849333884,0.4208213157533306,1637,2548,86,-0.2176821983273596,-0.7275250484858122,1.8863975776987827
2021-08-02,8029,4698,0.5845786633457867,3545,3792,294,-0.03366498568897369,0.48316750715551315,1957,2270,80,-0.07404778802933523,-1.0996512216746441,0.1290861866721782
2021-08-03,7948,4718,0.588284782837312,3809,3502,300,0.04199151962795787,0.5209957598139789,2242,2028,82,0.05011709601873536,2.3705044222038576,4.834183718814604
2021-08-04,7978,4706,0.5856469355683604,2482,4775,324,-0.3159707868265123,0.3420146065867438,1270,2990,73,-0.40375586854460094,-12.57248034711455,-13.86077703796451
2021-08-05,8000,4693,0.5842696629213483,5008,2308,299,0.36905412793876435,0.6845270639693821,3107,1137,66,0.4641847313854854,8.965375815117618,13.621365396683485
2021-08-06,7936,4629,0.5882662734358542,4059,3208,331,0.117104719966974,0.558552359983487,2408,1776,97,0.15105162523900573,14.737945556161012,21.39383504400012
2021-08-09,7972,4657,0.5866009645628014,3150,4057,348,-0.12584986818371027,0.4370750659081449,1816,2367,96,-0.1317236433181927,7.452073549438097,13.79356398937592
2021-08-10,7967,4689,0.5867577509196006,3672,3578,337,0.01296551724137931,0.5064827586206897,2256,1978,84,0.06565895134624469,8.126161887197293,17.095494150947218
2021-08-11,7953,4676,0.5882043734230445,4230,2978,329,0.17369589345172032,0.5868479467258602,2461,1772,89,0.16276872194660996,16.698395417062468,24.68865549835421
2021-08-12,7964,4653,0.5867368421052631,3028,4205,318,-0.16272639292133279,0.41863680353933364,1669,2556,91,-0.20994082840236686,7.1230487893592285,12.42188765544657
2021-08-13,7959,4639,0.5861996201730323,2960,4272,340,-0.18141592920353983,0.4092920353982301,1497,2673,92,-0.2820143884892086,-2.0339646353841925,-1.7319862928587837
2021-08-16,8026,4765,0.5852640367355458,2410,4873,321,-0.3381848139502952,0.3309075930248524,1257,2966,76,-0.404688609992896,-17.69148552770066,-19.958599662379942
2021-08-17,8119,4879,0.5807447027360625,2046,5354,288,-0.447027027027027,0.2764864864864865,1193,3163,68,-0.4522497704315886,-36.43231911682933,-37.82061911694328
2021-08-18,7969,4741,0.5889865996649917,2692,4595,371,-0.26114999313846576,0.3694250034307671,1469,2821,107,-0.3151515151515151,-42.97971854552214,-46.04862989100653
2021-08-19,8022,4884,0.5857009054011864,2047,5277,288,-0.4410158383397051,0.2794920808301475,1142,3217,69,-0.476026611608167,-57.35613872438884,-60.89709077620815
2021-08-20,8065,4831,0.5827098919368247,5179,2182,297,0.40714576823801113,0.7035728841190055,3359,1009,93,0.538003663003663,-26.953116954812124,-22.586525648583017
2021-08-23,8067,4745,0.5839037544077992,5302,2112,277,0.43026706231454004,0.7151335311572701,3436,906,59,0.5826807922616306,0.3322969467764794,12.515796626677774
2021-08-24,8051,4762,0.5834982810709449,4824,2491,344,0.3189336978810663,0.6594668489405332,3030,1249,93,0.4162187426968918,18.092996126227167,34.14260071065542
2021-08-25,7946,4686,0.590181205225453,4130,3119,365,0.13946751276038075,0.5697337563801904,2568,1684,94,0.2079021636876764,24.214619687992094,42.04697624844226
2021-08-26,7911,4631,0.5908561752566409,2297,4934,291,-0.3646798506430646,0.3176600746784677,1160,3073,79,-0.45192534845263405,4.120166564688877,15.603606844992289
2021-08-27,7951,4759,0.5901224145208949,5767,1457,282,0.5966223698781838,0.7983111849390919,3664,625,56,0.7085567731405922,34.98391933750361,50.94061405047891
2021-08-30,7980,4659,0.5895090928203511,3137,4128,313,-0.13640743289745355,0.43179628355127325,1717,2588,75,-0.20232288037166085,24.54601822279081,35.355069465304915
2021-08-31,8056,4811,0.5848465873512837,4213,3090,334,0.1537724222922087,0.5768862111461044,2564,1703,103,0.2017811108507148,30.007875438080525,42.05785305877341
2021-09-01,8060,4722,0.5872472783825816,4289,3005,384,0.1760350973402797,0.5880175486701399,2481,1836,89,0.14940931202223767,35.640857732366385,44.95985382447125
2021-09-02,7977,4691,0.5901794145420207,4676,2669,318,0.27324710687542547,0.6366235534377127,2816,1473,92,0.31312660293774774,45.139453782076245,55.40212975579607
2021-09-03,7958,4550,0.5910240202275601,2944,4295,359,-0.1866279872910623,0.40668600635446883,1563,2636,87,-0.25553703262681593,30.041301427343413,35.62008325007161
2021-09-07,8014,4731,0.5890681936491411,2578,4741,278,-0.29553217652684793,0.35223391173657603,1398,2825,72,-0.33791143736680085,11.536965195120839,14.409612834427591
2021-09-08,7987,4688,0.5902959322388371,2457,4830,313,-0.3256484149855908,0.3371757925072046,1258,3044,75,-0.41515574151557416,-5.847739032342206,-7.6596026425588475
2021-09-09,7946,4717,0.5922299431459255,3679,3530,351,0.020668608683589957,0.5103343043417949,2159,2104,95,0.012901712409101571,-3.3665712682023634,-5.087611165935674
2021-09-10,7953,4687,0.5924992121021115,2490,4692,347,-0.3065998329156224,0.3467000835421888,1220,3034,97,-0.42642219087917255,-17.591762053482405,-24.82931556200689
2021-09-13,8070,4760,0.5854696419304618,4003,3252,347,0.10351481736733287,0.5517574086836664,2438,1859,81,0.13474517104956946,-9.160608850481665,-13.525958146400638
2021-09-14,8015,4816,0.5883827831174259,2035,5325,288,-0.4470108695652174,0.2764945652173913,1029,3349,61,-0.5299223389675651,-29.43245416429114,-37.027333266182026
2021-09-15,8030,4828,0.5869428750784683,4773,2516,332,0.3096446700507614,0.6548223350253807,2929,1424,83,0.3457385711003905,-8.784942655977842,-13.15282682386642
2021-09-16,8031,4774,0.5871971595655806,3442,3824,361,-0.05257363060831269,0.47371318469584367,1963,2348,111,-0.08930642542333565,-9.198310636043791,-14.426609507753547
2021-09-17,7957,5082,0.5929463629684056,3240,4021,319,-0.10756094201900565,0.44621952899049716,1927,2474,83,-0.12428993410588503,-12.255114276354604,-17.192736089065747
2021-09-20,8068,5039,0.5944648692810458,1195,6154,228,-0.6747856851272281,0.1626071574363859,632,3985,53,-0.7262291531297379,-43.168642972849696,-49.568771586835
2021-09-21,7897,4718,0.5980568169817299,3975,3271,315,0.09715705216671267,0.5485785260833563,2287,2120,96,0.03789425913319719,-30.786729928791715,-38.79626746634678
2021-09-22,8008,4716,0.5920600187558612,5470,1759,291,0.5133490109282058,0.7566745054641029,3358,900,82,0.5772663222170032,0.7633373115964702,-2.4231919518073117
2021-09-23,8044,4739,0.5902864259028643,5052,2242,308,0.3852481491636962,0.692624074581848,3292,991,75,0.5372402521597012,21.329785027344908,26.68660007001787
2021-09-24,7933,4664,0.5968861771512729,2997,4238,339,-0.17152729785763648,0.41423635107118173,1719,2553,81,-0.1952247191011236,10.968676548106465,14.818790685287073
2021-09-27,8099,4857,0.5883202641353694,4441,2858,286,0.2168790245239074,0.6084395122619537,2881,1453,71,0.3294877711121366,21.475401534694257,30.833344218578812
2021-09-28,8057,4891,0.5941641837049214,1383,6013,269,-0.6260140616549487,0.1869929691725257,672,3775,71,-0.6977737800764561,-11.793379918389455,-6.991456790979275
2021-09-29,8051,4751,0.5919867481105705,3529,3785,344,-0.03500136724090785,0.4824993163795461,1865,2486,103,-0.14272581015858424,-10.628586440482042,-11.544305874302955
2021-09-30,8200,4938,0.5839593908629441,3104,4302,316,-0.16176073453956252,0.41911963273021874,1663,2669,88,-0.2322253000923361,-15.91751344960153,-19.854244807860784
2021-10-01,8099,4811,0.5922399672399672,4782,2619,353,0.29225780299959464,0.6461289014997973,3053,1298,87,0.40335555044817284,2.340968401807173,4.919071155012028
2021-10-04,8310,4912,0.5810919309514251,2358,5163,291,-0.37295572397287596,0.31352213801356205,1319,3092,62,-0.40194967127635456,-15.320410805870946,-14.189600138733146
2021-10-05,8099,4703,0.5912828947368421,4213,3213,371,0.13466199838405601,0.567330999192028,2533,1798,91,0.16970676518125144,-4.963401856559788,-1.8737442713113035
2021-10-06,8004,4661,0.5975533900062202,3064,4246,326,-0.16169630642954858,0.4191518467852257,1736,2488,84,-0.17803030303030304,-10.901257436296177,-8.721172193886794
2021-10-07,8107,4649,0.591771827228891,5180,2157,302,0.41202126209622464,0.7060106310481123,3192,1027,71,0.5131547760132733,12.762260756499346,20.02713674545941
2021-10-08,7962,4492,0.5961356715320802,3020,4188,367,-0.16204217536071033,0.41897891231964485,1560,2534,89,-0.23790913531998045,4.22758563471028,6.953609638210425
2021-10-11,7951,4520,0.5984904077995598,2919,4209,345,-0.18097643097643099,0.4095117845117845,1483,2552,85,-0.26493184634448574,-4.037412303378958,-5.610159637903775
2021-10-12,8012,4616,0.594383775351014,4199,3024,287,0.16267478886889103,0.5813373944344455,2432,1646,82,0.1927415399705738,6.0987625133377374,6.559537744961086
2021-10-13,8090,4640,0.5920849221890138,4415,2859,332,0.2139125653010723,0.6069562826505361,2517,1608,86,0.22036363636363637,17.29658699067289,18.312936138238868
2021-10-14,8145,4726,0.5917365514420126,5120,2292,304,0.3815434430652995,0.6907717215326498,3004,1202,83,0.42843556823585355,35.16578787205244,38.674123677411025
2021-10-15,8034,4786,0.5961100765570039,3349,4017,323,-0.09068693999456964,0.45465653000271516,1905,2362,86,-0.1071010077337708,26.65660653327824,29.112739606534955
2021-10-18,8035,4691,0.5967725250853418,3343,3930,329,-0.0807094733947477,0.4596452633026262,1940,2322,80,-0.08962928202721727,19.746846785951,21.66577881323092
2021-10-19,8153,4684,0.5909694555112882,4361,2970,344,0.18974219069703996,0.59487109534852,2699,1512,104,0.2818807884113037,27.26285117264584,33.765801962815864
2021-10-20,8118,4703,0.5937564181556788,4576,2808,347,0.23943661971830985,0.6197183098591549,2669,1551,78,0.26492890995260665,36.037442118470196,43.094898822962065
2021-10-21,8069,4742,0.5958281701776126,3375,3926,362,-0.07546911382002465,0.4622654430899877,1999,2223,78,-0.053055423969682616,27.614243489640945,34.95658544815779
2021-10-22,8085,4790,0.5928682170542635,3409,3910,327,-0.0684519743134308,0.4657740128432846,1881,2430,84,-0.12734864300626306,20.625194419873427,24.10888363363032
2021-10-25,8249,4990,0.5859691808596919,4733,2730,315,0.26839072758944127,0.6341953637947206,2822,1563,86,0.287115165336374,31.38856658826643,35.43674458117303
2021-10-26,8273,5027,0.5864608555286521,3233,4302,363,-0.14187126741871267,0.42906436629064365,1630,2863,103,-0.27442688626752726,19.92120720889342,16.86777938822113
2021-10-27,8191,4880,0.589704383282365,2186,5307,362,-0.41652208728146267,0.29173895635926866,1018,3451,96,-0.5444170955471023,-3.7155320896524726,-12.592535212672606
2021-10-28,8209,4832,0.5890731508800489,5068,2392,351,0.3587131367292225,0.6793565683646112,3209,1165,102,0.4673068129858253,14.855394671073311,12.86805390627299
2021-10-29,8259,4944,0.5882471728594507,3774,3770,308,0.0005302226935312832,0.5002651113467657,2070,2324,78,-0.05780609922621757,12.750114376353928,8.316871722837966
2021-11-01,8348,5060,0.5847871598046057,5683,1953,301,0.4884756416972237,0.7442378208486118,3588,945,61,0.5830575777630708,35.283620102671705,36.427210446851255
2021-11-02,8282,4944,0.5866894885219492,3651,3961,352,-0.04072517078297425,0.4796374146085129,2021,2499,104,-0.10575221238938053,27.913308774150153,25.838924496025786
2021-11-03,8331,4930,0.5857028434120946,5063,2490,385,0.34065934065934067,0.6703296703296703,3191,1287,90,0.4251898168825368,40.541351616509225,43.20384684918575
2021-11-04,8287,4932,0.5890052356020943,3434,4152,327,-0.09464803585552334,0.45267598207223836,1808,2658,74,-0.1903269144648455,29.370252662900477,27.058999659522485
2021-11-05,8292,5027,0.5887906789875452,4452,3146,327,0.1718873387733614,0.5859436693866807,2659,1845,87,0.18072824156305506,32.99888052569474,31.6726181154578
2021-11-08,8334,5040,0.5864315061629422,4181,3396,337,0.10360300910650654,0.5518015045532533,2463,2076,98,0.08526107072042301,32.522146462412614,30.685540262573607
2021-11-09,8267,4900,0.5898547801532876,3181,4370,353,-0.1574625877367236,0.4212687061316382,1897,2600,85,-0.15632643984878808,18.89864826383283,17.608785468584202
2021-11-10,8401,5017,0.5853827846092821,2383,5225,329,-0.3735541535226078,0.3132229232386961,1389,3118,81,-0.3836254714887952,-3.6485142265662645,-5.024835389620022
2021-11-11,8186,4835,0.5948346263781135,4403,3142,350,0.16713055003313454,0.5835652750165673,2672,1763,92,0.20496054114994364,4.126139593062462,5.077843585500407
2021-11-12,8289,4927,0.5887113089217074,3954,3587,302,0.048667285505901076,0.5243336427529506,2391,2002,89,0.08854996585476894,4.8296746845180385,7.869716126542143
2021-11-15,8377,5057,0.5870755750273823,3410,4205,318,-0.10439921208141825,0.4478003939592909,1955,2534,91,-0.1289819558921809,-2.246276065076002,-0.6591775188473786
2021-11-16,8333,5048,0.5876981737908891,3410,4220,325,-0.10615989515072084,0.44692005242463956,1979,2595,90,-0.13467424573677306,-8.373016729118659,-8.232700190290789
2021-11-17,8412,5068,0.585263995227205,2454,5179,348,-0.35700248919166777,0.3214987554041661,1336,3238,82,-0.41582859641451686,-26.11164461527688,-28.72461610731064
2021-11-18,8349,5118,0.5896334764805753,2430,5219,333,-0.3646228265132697,0.31768858674336514,1304,3316,81,-0.4354978354978355,-41.528630100945875,-47.085043089992
2021-11-19,8388,4936,0.5864339152119701,2764,4860,348,-0.27492130115424973,0.36253934942287513,1507,3058,89,-0.3397590361445783,-50.01743327273714,-57.76084297707173
2021-11-22,8455,5118,0.5864410115123487,3059,4659,303,-0.20730759264058046,0.3963462036797098,1821,2748,71,-0.20288903479973736,-53.64458739257153,-59.75634759839751
2021-11-23,8447,5053,0.5846579129232896,3418,4344,310,-0.11929914970368462,0.4403504251481577,2136,2504,88,-0.07931034482758621,-52.077159081222284,-54.98478781303151
2021-11-24,8212,4791,0.5979339679967591,4382,3157,374,0.16248839368616527,0.5812441968430826,2614,1837,96,0.1745675129184453,-36.38724491012007,-37.93628737017685
2021-11-26,8092,4764,0.6012326656394453,1264,6165,279,-0.6597119396957868,0.1701440301521066,553,3789,62,-0.745278673422386,-63.90044873837466,-69.16244737172678
2021-11-29,8382,5115,0.5896901072705601,3559,3938,284,-0.05055355475523543,0.4747232226223823,1974,2493,78,-0.11618535930154467,-56.646816520812926,-64.06033623015128
2021-11-30,8481,5257,0.5874426325554145,1932,5814,293,-0.5011618900077459,0.24941905499612704,1025,3695,64,-0.565677966101695,-72.6921436548191,-81.852359862961
2021-12-01,8413,5229,0.5908778138208984,2053,5726,282,-0.47216865921069545,0.26391567039465225,879,3914,61,-0.6332151053619862,-84.59777609626774,-100.03213523271303
2021-12-02,8294,5117,0.5944020866773676,5207,2463,281,0.3577574967405476,0.6788787483702738,3520,1178,72,0.4985100042571307,-52.85779515566287,-58.489427016731625
2021-12-03,8318,5157,0.593320039880359,1701,5891,279,-0.5518967334035827,0.22405163329820865,933,3761,72,-0.6024712398806987,-70.93853398287389,-77.72702656387534
2021-12-06,8389,5175,0.5906746031746032,5284,2376,286,0.3796344647519582,0.6898172323759791,3488,1220,74,0.4817332200509771,-39.466313102447884,-39.57631604728005
2021-12-07,8390,5094,0.5898480182775405,5974,1749,273,0.5470672018645604,0.7735336009322802,3856,827,55,0.6468076019645527,-3.9885958285413166,1.4941421203240948
2021-12-08,8348,4930,0.5922010571457066,4829,2804,319,0.2652954277479366,0.6326477138739683,3018,1515,79,0.3315684976836532,12.276206713960322,20.839957928979057
2021-12-09,8371,4949,0.5912947988419687,1873,5740,315,-0.5079469328779719,0.24602653356101406,765,3707,62,-0.657871198568873,-12.540886177066001,-12.195554156892163
2021-12-10,8354,4909,0.5900571314022252,3161,4399,356,-0.16375661375661377,0.4181216931216931,1859,2561,97,-0.1588235294117647,-16.487280211940263,-15.42755576167218
2021-12-13,8314,5117,0.5937531384955308,2142,5390,348,-0.4312267657992565,0.2843866171003718,1213,3295,78,-0.4618456078083407,-33.15251831283021,-33.26488327477953
2021-12-14,8459,5177,0.5857496288965859,2130,5503,323,-0.44189702607100745,0.2790514869644963,1327,3346,73,-0.43205649475711533,-47.76904731111452,-46.860018229551144
2021-12-15,8429,5323,0.5895736472450291,4932,2717,369,0.28958033729899335,0.6447901686494967,3357,1366,102,0.42155409697226337,-23.453466199591976,-15.569028938264202
2021-12-16,8357,5184,0.5934821606537771,2964,4627,356,-0.21907522065604004,0.39046238967198,1508,3280,70,-0.37009189640768586,-27.979154915993913,-28.31968761852001
2021-12-17,8364,5261,0.5931983644160765,3791,3810,320,-0.0024996710959084333,0.4987501644520458,2590,2156,79,0.09144542772861357,-20.879945515931016,-16.003036145231146
2021-12-20,8420,5116,0.5927641955835962,1843,5808,304,-0.5182329107306235,0.24088354463468828,1066,3660,77,-0.5488785442234447,-40.49238373303335,-37.40848255244593
2021-12-21,8310,5055,0.5975232198142415,5937,1685,311,0.5578588297034899,0.7789294148517449,3882,764,73,0.6711149375807146,-3.2539694682850033,5.4765772723556205
2021-12-22,8346,4896,0.5954518252543387,4934,2580,356,0.31328187383550704,0.6566409369177535,3032,1438,120,0.3565995525727069,16.37229678201712,26.39015128579879
2021-12-23,8292,4835,0.5956846138334342,5283,2282,320,0.3966953073364177,0.6983476536682088,3247,1152,92,0.4762446010456922,37.24156461716088,50.12155873451297
2021-12-27,8371,4921,0.5949417504729663,4351,3204,312,0.15181998676373262,0.5759099933818663,2652,1783,77,0.1959413754227734,42.65481476448874,56.14614302834511
2021-12-28,8313,4922,0.5967709586843161,3017,4510,361,-0.1983525973163279,0.40082370134183604,1582,2878,87,-0.2905829596412556,29.561240362628595,36.6902151312284
2021-12-29,8337,4936,0.595061975209916,3445,4055,355,-0.08133333333333333,0.4593333333333333,1961,2507,91,-0.12220232766338407,24.06939124637475,28.290977302431052
2021-12-30,8371,4940,0.5933978258701506,4342,3213,325,0.14943745863666447,0.5747187293183322,2571,1905,96,0.1487935656836461,30.792052894245728,34.517968739648666
2021-12-31,8394,4947,0.5922388059701492,3815,3799,325,0.0021013921723141583,0.501050696086157,2057,2402,93,-0.07737160798385288,29.019165015486674,28.361197891396536
2022-01-03,8405,4941,0.595501183898974,5030,2670,218,0.3064935064935065,0.6532467532467533,3139,1303,42,0.41332733003151734,42.57785577012986,47.490299727452495
2022-01-04,8284,4909,0.6009188055527814,3440,4148,281,-0.09330521876647338,0.4533473906167633,2070,2385,74,-0.0707070707070707,33.96771082350015,39.40651026171367
2022-01-05,8412,5076,0.5955332546241637,1479,6158,242,-0.6126751342150059,0.19366243289249704,580,3962,48,-0.7446059004843681,0.4677025675876162,-1.3971037716664636
2022-01-06,8402,4950,0.5930508810136607,3884,3728,367,0.020493956910141883,0.5102469784550709,2368,2110,118,0.05761500669941939,3.4813115522018476,3.8338371078412288
2022-01-07,8306,4747,0.5974767197356563,3452,4071,364,-0.0822810049182507,0.45885949754087463,1786,2555,97,-0.17714812255240728,0.901792584866376,-3.451034088310233
2022-01-10,8446,4991,0.5941234084231146,2632,4931,337,-0.3039799021552294,0.3480100489223853,1621,2755,84,-0.25914076782449724,-12.393149956978725,-13.761976054182675
2022-01-11,8269,4841,0.6008441362677118,5351,2170,341,0.4229490759207552,0.7114745379603776,3265,1150,85,0.47904869762174407,12.648088823327841,14.40045171757936
2022-01-12,8336,4922,0.595725556776191,3338,4118,358,-0.1046137339055794,0.4476931330472103,1785,2600,83,-0.18586088939566706,7.616967045056593,5.161845852977444
2022-01-13,8366,4877,0.5962073073868149,2681,4848,338,-0.2878204276796387,0.3560897861601806,1438,2962,78,-0.3463636363636364,-5.883061599293575,-10.78810873892054
2022-01-14,8295,4917,0.600360757590941,3206,4268,346,-0.14209258763714208,0.428953706181429,2081,2276,114,-0.044755565756254306,-10.109778780091672,-9.29097584092961
2022-01-18,8500,5054,0.5915616759449165,1309,6361,261,-0.6586701434159061,0.17066492829204694,616,3880,54,-0.7259786476868327,-39.50195086471178,-42.025626430471654
2022-01-19,8416,5040,0.5935063653409651,2468,5192,345,-0.3556135770234987,0.32219321148825064,1221,3326,77,-0.4629425995161645,-49.28191992311806,-56.65182214384434
2022-01-20,8479,5065,0.591033672670321,2079,5590,342,-0.4578171860738036,0.2710914069630982,995,3544,87,-0.56157743996475,-62.50756432095507,-73.80570239048804
2022-01-21,8635,5336,0.5847514662051726,1504,6332,262,-0.6161306789178153,0.1919346605410924,788,3871,59,-0.6617299849753165,-81.41862710170153,-93.11086873994425
2022-01-24,8871,5697,0.5776640297812936,3811,4222,295,-0.051163948711564794,0.4744180256442176,2963,1992,85,0.19596367305751766,-68.93215613341874,-66.26654872338791
2022-01-25,8478,5134,0.5933496332518338,3274,4590,329,-0.16734486266531026,0.4163275686673449,1751,3007,89,-0.2639764606977722,-63.72060837255711,-65.9803290533798
2022-01-26,8538,5117,0.5918387128041097,2760,4950,315,-0.2840466926070039,0.35797665369649806,1447,3127,81,-0.36729339746392653,-64.7812234922423,-70.5715564285637
2022-01-27,8658,5113,0.5844792768535436,1875,5958,311,-0.5212562236690923,0.23937188816545385,952,3617,72,-0.5832786167651565,-77.22461985521636,-84.9434590172646
2022-01-28,8508,5045,0.5911661466458659,4958,2810,349,0.276519052523172,0.638259526261586,3359,1174,95,0.48202073681888374,-47.5888368366699,-43.54175075631553
2022-01-31,8462,5133,0.5952544367094813,6413,1306,271,0.6616141987304055,0.8308070993652027,4031,551,44,0.759493670886076,-2.7575408612676293,5.948065263937124
2022-02-01,8520,5026,0.5910994254552536,5647,2069,276,0.46371176775531364,0.7318558838776568,3362,1174,92,0.48236331569664903,25.69188335325305,34.3755998754621
2022-02-02,8351,4935,0.6010706850401507,2719,4911,309,-0.2872870249017038,0.3563564875491481,1385,3076,78,-0.3790629903609056,12.33774200705108,15.437948666060922
2022-02-03,8193,4748,0.6104797344865734,1822,5646,294,-0.5120514193893948,0.24397429030530263,1043,3326,73,-0.522545204852369,-10.379957278371405,-8.00504358588057
2022-02-04,8224,4821,0.6090097321159827,3967,3446,304,0.07028193713746121,0.5351409685687306,2529,1772,81,0.17600558009765171,-0.6350225546729732,6.918762504139892
2022-02-07,8457,4833,0.5954978865624693,4351,3154,314,0.15949367088607594,0.579746835443038,2612,1703,87,0.21066048667439166,12.160658434293287,21.37676822742369
2022-02-08,8365,4797,0.599523241954708,4662,2914,327,0.2307286166842661,0.6153643083421331,3021,1290,73,0.40153096729297144,26.60190967759748,43.17500331062321
2022-02-09,8293,4979,0.6038603860386038,5386,2138,279,0.43168527379053695,0.7158426368952685,3430,946,64,0.5676416819012797,48.86400279754813,69.9021550206211
2022-02-10,8461,5067,0.5962629622383095,2171,5384,293,-0.42528127068166777,0.2873593646591661,1135,3382,72,-0.4974540624308169,24.80544517750795,39.149571740961356
2022-02-11,8482,5030,0.5967034038817907,2254,5379,310,-0.4094065243023713,0.2952967378488144,1238,3318,71,-0.456540825285338,4.905088505450878,14.706027035421405
2022-02-14,8449,4931,0.5968817415179447,2381,5234,334,-0.3746552856204859,0.31267235718975706,1445,3034,83,-0.35476668899307884,-10.396679957590901,-1.1780270083793924
2022-02-15,8349,4864,0.6032155617308456,5940,1689,278,0.5572158867479355,0.7786079433739678,3748,696,35,0.6867686768676867,23.165850024717404,37.323765212251104
2022-02-16,8391,4834,0.6002965892239248,4272,3211,369,0.1417880529199519,0.570894026459976,2366,1934,97,0.10046511627906977,30.97459221806824,40.741000705398065
2022-02-17,8328,4845,0.6040027880115504,1743,5791,301,-0.5372975842845766,0.2313512078577117,734,3630,55,-0.6636113657195234,3.541911972066436,5.255207948582065
2022-02-18,8252,4761,0.6073903002309469,2531,4873,341,-0.3163155051323609,0.3418422474338196,1248,3094,85,-0.4251497005988024,-8.881635240514662,-13.188337642202466
2022-02-22,8464,4929,0.5999805106217112,1957,5552,298,-0.4787588227460381,0.26062058862698095,1103,3295,66,-0.4984083674397453,-27.5815258117528,-32.55456077615937
2022-02-23,8452,4878,0.5973707446286667,1890,5706,367,-0.5023696682464455,0.24881516587677724,820,3593,73,-0.6283707228642647,-44.612566896123,-55.44802652303771
2022-02-24,8657,5238,0.5916001520334474,4530,3229,296,0.16767624693903854,0.5838381234695192,3089,1427,57,0.36802480070859167,-25.44874842950469,-24.924923425360678
2022-02-25,8382,4760,0.603743842364532,5886,1807,306,0.5302222799948004,0.7651111399974002,3552,901,60,0.5953289916909948,9.190861754389573,12.66216388940014
2022-02-28,8465,4940,0.5982186551825389,3690,3851,355,-0.021349953587057418,0.4893250232064713,2080,2258,74,-0.04103273397879207,11.183162473754324,12.917726440584303
2022-03-01,8449,4977,0.6003529757819394,2869,4800,285,-0.25179293258573476,0.3741035337071326,1351,3108,67,-0.3940345368916798,1.3085148265085529,-4.578446356000549
2022-03-02,8314,4802,0.6067806721018095,5131,2384,344,0.36553559547571524,0.6827677977378577,3213,1171,77,0.4657846715328467,23.725574917053365,23.476178555925728
2022-03-03,8389,4821,0.6026666666666667,2763,4743,339,-0.2637889688249401,0.36810551558752996,1402,2918,75,-0.3509259259259259,11.307305204851154,6.509972089904448
2022-03-04,8366,4849,0.603185595567867,2143,5389,309,-0.4309612320764737,0.28451938396176313,1132,3232,50,-0.48120989917506873,-7.725465087682667,-14.542882961450426
2022-03-07,8529,5155,0.5971912832929782,1855,5799,291,-0.515286124902012,0.24235693754899398,1092,3413,61,-0.5152053274139845,-28.176101003637584,-34.17013102749738
2022-03-08,8404,5105,0.6044074436826641,3943,3684,340,0.03395830601809362,0.5169791530090468,2588,2028,93,0.12131715771230503,-18.058292660755594,-18.95445321251557
2022-03-09,8395,4935,0.6032496307237813,5806,1783,294,0.5301093688232968,0.7650546844116485,3753,821,48,0.6410144293834718,15.49027807597246,20.134587168914795
2022-03-10,8227,4793,0.6104575163398693,2932,4522,323,-0.21330829085055003,0.393345854574725,1818,2591,67,-0.17532320254025857,6.925971681802742,12.63816216300668
2022-03-11,8343,4838,0.6045887961859356,2159,5283,325,-0.41977962913195377,0.2901101854340231,988,3368,77,-0.5463728191000918,-10.754707057691576,-12.386952855851465
2022-03-14,8398,5017,0.6055577376276512,1917,5695,236,-0.49632159747766685,0.2518392012611666,1188,3290,47,-0.4694059848146494,-29.6450122619564,-29.873149718423793
2022-03-15,8227,4880,0.6119193338015451,4792,2684,329,0.28196896736222576,0.6409844836811129,3159,1338,68,0.40493662441627754,-6.733469908298415,-0.9573518257846719
2022-03-16,8397,5053,0.604692429022082,6026,1457,298,0.6105839903781906,0.8052919951890953,3904,608,64,0.7304964539007093,29.320317304418893,40.04843360577229
2022-03-17,8283,4878,0.6081297557068482,5671,1867,280,0.5046431414168214,0.7523215707084108,3432,1092,58,0.5172413793103449,54.70266133670164,64.2453842522064
2022-03-18,8321,5155,0.607901528687711,5106,2380,310,0.3641464066257013,0.6820732033128507,3108,1411,93,0.3755255587519363,69.10621543806387,77.52675910572613
2022-03-21,8418,4942,0.6042565712043939,2873,4653,291,-0.23651342014350252,0.38174328992824874,1754,2826,76,-0.23406113537117904,51.042731779078075,58.01536610380108
2022-03-22,8381,4905,0.6032657100445324,4967,2545,371,0.3224174653887114,0.6612087326943556,3163,1297,85,0.41838565022421526,63.28978386836051,73.66538753640587
2022-03-23,8236,4854,0.6121035728623043,2615,4850,307,-0.2993971868720697,0.3503014065639652,1286,3123,71,-0.4166477659333182,42.35383187231616,44.926158115724284
2022-03-24,8328,4789,0.6050059832469087,4781,2629,332,0.2904183535762483,0.6452091767881242,2958,1390,88,0.36062557497700093,53.73260077875254,58.99315321597885
2022-03-25,8379,4769,0.6039564787339268,3411,4116,285,-0.09366281387006775,0.4531685930649661,2054,2286,62,-0.053456221198156684,43.98872681754609,50.02137845185873
2022-03-28,8414,4829,0.6017952258828171,3594,3941,324,-0.04605175846051759,0.4769741207697412,1958,2369,79,-0.09498497804483476,37.81832371710435,40.023966293942834
2022-03-29,8551,5011,0.5969961240310078,5851,1828,303,0.523896340669358,0.761948170334679,3643,809,60,0.6365678346810423,60.85094240413491,67.85369970374889
2022-03-30,8258,4834,0.610877824435113,2846,4698,332,-0.2454931071049841,0.37725344644750797,1286,3158,76,-0.42124212421242124,41.770104280808276,38.41835532594113
2022-03-31,8502,4970,0.5984375,2767,4800,295,-0.26866657856482096,0.36566671071758955,1242,3176,69,-0.43775464010864645,24.08846359096811,12.233418311474532
2022-04-01,8313,4835,0.6098503617084531,4526,3031,350,0.19782982665078735,0.5989149133253937,2813,1575,76,0.2821330902461258,32.175038743980345,25.77851659028683
2022-04-04,8513,4853,0.5986560186988703,4471,3145,279,0.17410714285714285,0.5870535714285714,2610,1780,56,0.18906605922551253,37.74205111640369,32.57733148468925
2022-04-05,8319,4853,0.6106756622680821,1746,5900,269,-0.5432906094690034,0.2283546952654983,805,3593,53,-0.6339245111414279,6.443248822936296,-2.9220969563671475
2022-04-06,8460,4906,0.6027891554515311,2115,5474,282,-0.4426143101857952,0.2786928449071024,1180,3249,62,-0.46714834048317905,-15.315628417932588,-24.920689255776104
2022-04-07,8230,4719,0.613855421686747,3236,4219,357,-0.1318578135479544,0.43407109322602283,1770,2567,89,-0.1837675812773807,-18.305065484893788,-29.43584426520196
2022-04-08,8237,4698,0.6110272663245799,2974,4436,263,-0.19730094466936574,0.4013495276653171,1636,2627,74,-0.23246539995308468,-24.041665405791708,-35.58401351072026
2022-04-11,8290,4773,0.6104842735896155,2306,5118,300,-0.37877155172413796,0.31061422413793105,1391,2886,82,-0.3495440729483283,-37.8997803638691,-46.51671179784697
2022-04-12,8333,4735,0.6086525104187339,3485,3957,329,-0.06342381080354743,0.4682880945982263,1977,2320,96,-0.07982313241796603,-33.791582705176374,-42.145538247832974
2022-04-13,8333,4681,0.6055760967322874,5400,2085,301,0.44288577154308617,0.7214428857715431,3459,828,60,0.6137158852344297,-4.79463667613654,-3.520506288712054
2022-04-14,8277,4693,0.6093139709564347,2583,4907,294,-0.3102803738317757,0.3448598130841122,1305,2957,58,-0.38761145002346314,-17.636581906669896,-20.544868195114752
2022-04-18,8395,4778,0.6059830741979925,2625,4867,300,-0.299252536038441,0.3503737319807795,1427,2853,81,-0.33317757009345794,-27.976870279575834,-32.276279287613214
2022-04-19,8236,4724,0.613766155695822,5076,2375,321,0.3625016776271641,0.6812508388135821,3254,1044,85,0.5141926477431363,-3.590221803732273,0.22325651656836948
2022-04-20,8313,4763,0.6082167311699911,4315,3157,281,0.15497858672376874,0.5774892933618844,2406,1866,81,0.12640449438202248,6.902159206962868,8.6198356785051
2022-04-21,8359,4773,0.6072063178677196,1524,5986,301,-0.5941411451398135,0.2029294274300932,640,3692,49,-0.7045244690674054,-21.61735241810671,-25.790636488902923
2022-04-22,8202,4741,0.6178267401101653,1472,5955,316,-0.6036084556348459,0.19819577218257708,620,3679,77,-0.711560828099558,-46.36681362020229,-55.43445496119989
2022-04-25,8457,4888,0.6038581449727202,3865,3616,300,0.033284320278037696,0.5166421601390189,2520,1827,76,0.15942028985507245,-35.45113008424882,-36.95369158247629
2022-04-26,8322,4859,0.6078159095417576,1361,6242,282,-0.6419834275943707,0.17900828620281467,428,4003,41,-0.8068156172421576,-59.70435240420777,-69.27966579061672
2022-04-27,8423,4810,0.6052683117900509,3304,4146,386,-0.11302013422818792,0.44348993288590605,2014,2303,101,-0.0669446374797313,-53.69417105744251,-59.57842642150241
2022-04-28,8449,4831,0.6026320958554312,4998,2575,342,0.3199524626964215,0.6599762313482107,3059,1268,97,0.4139126415530391,-26.638365304440526,-26.943110677163638
2022-04-29,8407,4863,0.606697436904645,1959,5645,320,-0.48474487112046294,0.25762756443976853,735,3619,65,-0.662379421221865,-43.60732624994584,-52.71980330111338
2022-05-02,8315,4870,0.6143674758239589,3738,3806,306,-0.009013785790031814,0.4954931071049841,2651,1718,60,0.2135500114442664,-34.111196960581594,-30.69880484477826
2022-05-03,8278,4807,0.6115215654952076,4426,2990,338,0.19363538295577132,0.5968176914778857,2714,1652,86,0.24324324324324326,-15.68899199608212,-10.232695550439
2022-05-04,8335,4847,0.6110122578094108,5580,1880,311,0.4959785522788204,0.7479892761394102,3563,829,73,0.6224954462659381,15.257596674697803,26.279601525108003
2022-05-05,8276,4818,0.6142147117296223,1151,6375,265,-0.6941270263087962,0.1529364868456019,402,4019,43,-0.8181406921510971,-17.864636924539685,-14.665589403776602
2022-05-06,8301,4874,0.6131329113924051,1987,5455,328,-0.46600376242945446,0.2669981187852728,1024,3355,93,-0.5323133135419046,-34.68866027329795,-35.30903077049444
2022-05-09,8619,5203,0.5989508822126848,1074,6626,227,-0.721038961038961,0.13948051948051948,549,4012,45,-0.7592633194474896,-61.65151686559511,-64.13012828046496
2022-05-10,8475,5097,0.6070840994870802,3345,4462,244,-0.14307672601511465,0.42846163699244266,2025,2634,74,-0.13071474565357372,-55.4983899164889,-57.02408732039163
2022-05-11,8527,5053,0.6014155516773317,2011,5700,269,-0.4784074698482687,0.2607962650758657,1029,3566,66,-0.5521218715995647,-66.72651161707834,-71.73365816022653
2022-05-12,8451,5056,0.6062761914043465,4004,3656,297,0.04543080939947781,0.5227154046997389,2780,1771,94,0.22170951439244121,-49.80100915060959,-45.260103637883965
2022-05-13,8394,4881,0.6080722773249534,5942,1692,276,0.5567199371233953,0.7783599685616976,3852,667,39,0.7048019473334809,-9.516243109829889,1.7557076439603385
2022-05-16,8318,4816,0.6122408491221109,3457,4063,312,-0.08058510638297872,0.4597074468085106,1856,2538,76,-0.15521165225307237,-6.89043910473279,-1.0552322276102393
2022-05-17,8268,4825,0.6145167731629393,5787,1715,262,0.5427885897094108,0.7713942948547055,3775,613,46,0.7206016408386509,26.557760319768363,40.33735499792114
2022-05-18,8171,4747,0.6192918929792798,1317,6109,261,-0.6453002962563964,0.17734985187180177,458,3898,43,-0.7897153351698806,-4.381262272172351,0.010481500334280636
2022-05-19,8202,4764,0.6182547642928786,4029,3316,315,0.09707283866575903,0.5485364193328796,2358,1982,63,0.08663594470046083,6.306436469186965,9.348516245912917
2022-05-20,8178,4733,0.6215295178911496,3306,4014,330,-0.09672131147540984,0.4516393442622951,2038,2278,78,-0.05560704355885079,5.723179203644804,10.173643959187503
2022-05-23,8154,4688,0.6223656347685792,4557,2780,302,0.24219708327654355,0.6210985416382718,2668,1607,88,0.24818713450292398,22.141798083185705,26.017968837330084
2022-05-24,8258,4769,0.6136250124862651,2557,4818,265,-0.30657627118644065,0.34671186440677965,1307,2976,68,-0.38968013074947466,8.630340511628031,7.5414135013354
2022-05-25,8162,4691,0.6203900171769223,5255,2093,315,0.4303211758301579,0.715160587915079,3133,1167,80,0.4572093023255814,33.87976493621801,34.05072327530607
2022-05-26,8232,4737,0.6175705423253952,5740,1634,255,0.5568212639001898,0.778410631950095,3518,776,62,0.6385654401490451,61.623628398062955,65.61373640684765
2022-05-27,8171,4731,0.6210345524348353,6126,1307,245,0.6483250369971748,0.8241625184985873,3763,569,48,0.73730378578024,89.61170217079932,97.20896123384121
2022-05-31,8367,4948,0.6104920619268317,2844,4606,290,-0.23651006711409395,0.381744966442953,1434,2905,83,-0.3390182069601291,68.85169153007148,69.92073401773305
2022-06-01,8224,4739,0.6192188592548197,2805,4655,302,-0.2479892761394102,0.3760053619302949,1448,2933,59,-0.3389637069162292,50.18366352333299,46.24242108006689
2022-06-02,8163,4759,0.6198179979777553,5531,1855,256,0.4976983482263742,0.7488491741131871,3564,771,53,0.6442906574394464,71.25596247824416,74.92896963074577
2022-06-03,8143,4555,0.6202942668696093,2419,4875,306,-0.3367151083081985,0.33164244584590075,1235,2991,74,-0.41552295314718407,47.19582544557334,46.090643264090964
2022-06-06,8249,4715,0.616916916916917,3823,3525,293,0.04055525313010343,0.5202776265650517,2306,1917,67,0.09211461046649301,45.25194722732702,46.585299184964505
2022-06-07,8307,4769,0.61271042932563,4710,2703,314,0.2707405908539053,0.6353702954269527,2978,1345,65,0.3777469349988434,54.872938500779874,61.056919728004075
2022-06-08,8131,4671,0.6241678434537018,2825,4510,329,-0.22972051806407634,0.38513974096796183,1457,2837,74,-0.32137866790870984,37.801465901179085,38.16859054828523
2022-06-09,8143,4658,0.6243066061522945,1485,5831,271,-0.5940404592673593,0.2029797703663204,693,3569,63,-0.674800563115908,4.800352438850367,0.7371313865242868
2022-06-10,8177,4761,0.6224694327520546,1291,6075,254,-0.649470540320391,0.1752647298398045,540,3756,47,-0.7486033519553073,-26.21110538628653,-34.960591295683905
2022-06-13,8470,5092,0.6115718418514947,634,6948,206,-0.8327618042732788,0.0836190978633606,214,4276,30,-0.9046770601336303,-61.75940949749153,-73.11102664140964
2022-06-14,8342,4906,0.6146038628301143,3040,4540,301,-0.19788918205804748,0.40105540897097625,1933,2553,79,-0.13820775746767722,-60.1007813543228,-67.04062859550046
2022-06-15,8265,4896,0.6196148501091919,5413,2017,347,0.4570659488559892,0.7285329744279946,3430,1007,86,0.5460897002479153,-25.63439383944008,-27.30036223749098
2022-06-16,8375,4988,0.6152414536193554,1071,6457,236,-0.7154622741764081,0.14226886291179597,414,4108,48,-0.8168951791242813,-54.66387169663801,-61.33517665881524
2022-06-17,8290,5097,0.6174749578498463,4762,2746,305,0.2685135855087906,0.6342567927543953,3111,1450,73,0.3641745231308923,-30.011962921799114,-31.07478199299475
2022-06-21,8221,4868,0.621492060321582,5230,2180,298,0.4116059379217274,0.7058029689608637,3327,1170,82,0.47965310206804534,-1.6299034840560334,0.7271583031044082
2022-06-22,8120,4811,0.6267797637079673,3435,3890,318,-0.0621160409556314,0.4689419795221843,2101,2341,81,-0.0540297163439892,-1.0411920912333505,1.2300405441519473
2022-06-23,8123,4817,0.625278058645096,4398,2882,308,0.20824175824175825,0.6041208791208791,2792,1607,69,0.2693794044100932,12.98525206995569,17.824310695230956
2022-06-24,8037,4931,0.6300418666394363,5410,1854,285,0.4895374449339207,0.7447687224669604,3437,986,70,0.5541487678046575,38.97771990203066,46.16175829065557
2022-06-27,8064,4689,0.6296484454379191,3771,3466,261,0.04214453502832666,0.5210722675141634,2266,2107,67,0.03635947861879717,38.636745803664915,44.27000273399731
2022-06-28,8059,4667,0.628274385893385,2038,5158,309,-0.43357420789327406,0.283212896053363,844,3425,74,-0.604591239166081,14.366092074463834,10.383665830140602
2022-06-29,7894,4637,0.637400228050171,2439,4657,301,-0.3125704622322435,0.34371476888387825,1251,2999,64,-0.4112941176470588,-0.4069600413238797,-8.976214475856475
2022-06-30,8270,4773,0.6191609639988099,2920,4287,278,-0.18967670320521715,0.40516164839739144,1564,2693,70,-0.265210241954428,-6.8911968487644355,-18.179837280473148
2022-07-01,7960,4554,0.6361490300728728,4844,2420,302,0.33370044052863435,0.6668502202643172,2990,1228,64,0.4177335229966809,13.768093851810278,8.1891526555374
2022-07-05,8194,4720,0.6234338979653202,3771,3492,250,0.03841387856257745,0.5192069392812887,2391,1834,57,0.13183431952662722,16.598618833239765,16.39873311404605
2022-07-06,8060,4578,0.6294141661563585,3003,4262,299,-0.17329662766689607,0.41335168616655193,1607,2600,78,-0.2360351794628001,8.3501992867221,4.942455791029345
2022-07-07,8082,4641,0.626809378185525,5522,1674,317,0.5347415230683713,0.7673707615341857,3424,754,68,0.6390617520344662,36.65795711477926,38.87747297575824
2022-07-08,8039,4474,0.629625832906202,3715,3413,376,0.042368125701459036,0.5211840628507295,2030,2082,89,-0.01264591439688716,36.05913040384861,35.11214198225498
2022-07-11,8043,4441,0.6288934426229508,1976,5182,304,-0.44789047219893824,0.27605476390053085,742,3312,62,-0.6339417858904786,10.853908018963816,0.6524296982188538
2022-07-12,7890,4480,0.639007165853152,3158,3901,317,-0.10525570194078482,0.4473721490296076,1806,2197,87,-0.09767674244316762,6.380911852700163,-2.000634280757585
2022-07-13,8038,4435,0.6304748260335653,3143,3873,364,-0.1040478905359179,0.44797605473204105,1780,2206,90,-0.10687405920722529,2.584986141524581,-4.718866649581536
2022-07-14,8044,4470,0.6286971650803398,2158,4960,331,-0.39364990165776903,0.3031750491711155,1100,2903,75,-0.45041219085685735,-15.153555828330722,-24.196267574159712
2022-07-15,7936,4515,0.6338758163159531,5273,1813,313,0.4882867626305391,0.7441433813152696,3210,845,63,0.5832305795314426,13.85259178100005,10.953674492611746
2022-07-18,8108,4581,0.6257743475170102,3632,3477,354,0.02180334786889858,0.5109016739344493,2027,2041,82,-0.00344149459193707,15.25941428999084,11.618502881069297
2022-07-19,8034,4548,0.6314010651372388,5782,1450,308,0.599004424778761,0.7995022123893806,3697,437,50,0.7885824866956942,45.246004309221135,51.73003770317672
2022-07-20,7949,4624,0.6374148255213711,4812,2270,344,0.3589381530641062,0.6794690765320531,2916,1215,77,0.4117647058823529,58.6549951683842,66.92586074689564
2022-07-21,7954,4504,0.6330265742942819,4100,2972,302,0.1595022624434389,0.5797511312217195,2382,1731,81,0.15827862873814733,59.85461284609332,66.90935628833053
2022-07-22,7991,4469,0.6336837765409195,2363,4730,293,-0.33370929085013395,0.33314535457493305,950,3122,63,-0.5333988212180747,35.920435231625504,31.97682569700462
2022-07-25,7965,4462,0.6336059633502433,3630,3476,293,0.021671826625386997,0.5108359133126935,2130,1919,65,0.05211163250185231,33.04616706887345,31.2251505989323
2022-07-26,7919,4404,0.6346435291657955,2786,4212,361,-0.2037725064304087,0.39811374678479566,1496,2500,69,-0.25125125125125125,19.151220301586296,15.25819844943062
2022-07-27,7915,4467,0.638335408883354,5428,1591,308,0.5466590682433395,0.7733295341216697,3243,769,73,0.6166500498504487,44.69686344773525,44.92522842444453
2022-07-28,8014,4536,0.6327706875257307,4786,2288,320,0.3531241164828951,0.6765620582414476,2846,1229,59,0.39680981595092024,56.638156432431714,59.07390121598278
2022-07-29,8107,4596,0.6267276422764227,4432,2726,331,0.23833473037161218,0.6191673651858061,2445,1643,73,0.1961839530332681,60.82530184662089,60.84435380078546
2022-08-01,8158,4611,0.6247216035634744,3685,3546,300,0.01922279076199696,0.5096113953809985,2024,2112,60,-0.02127659574468085,53.145587686038766,51.180841552890385
2022-08-02,8063,4605,0.6305323271466449,3593,3604,350,-0.0015284146172016117,0.49923579269139917,1914,2208,67,-0.07132459970887918,45.27614387135093,40.16023417496572
2022-08-03,8074,4668,0.6307472729126312,4931,2272,331,0.3691517423295849,0.6845758711647925,2997,1183,59,0.43397129186602873,56.85539653777541,55.801608274710716
2022-08-04,7978,4678,0.6345119933829612,3877,3280,339,0.08341483861953332,0.5417074193097666,2217,1986,79,0.054960742326909354,52.184535399376884,49.94544761166316
2022-08-05,8007,4594,0.6351295763060469,3642,3460,339,0.025626584060827937,0.5128132920304139,2428,1767,73,0.15756853396901072,45.040613721113985,49.81909258880425
2022-08-08,8093,4695,0.6265589858924555,4624,2541,322,0.2907187718073971,0.6453593859036986,2762,1444,64,0.3133618640038041,51.9619670049221,57.25163008305552
2022-08-09,8089,4690,0.6279307873451418,2345,4827,332,-0.3460680423870608,0.3269659788064696,1378,2853,66,-0.3486173481446467,25.78057351783053,30.221230882802548
2022-08-10,8100,4692,0.6289110117838277,5659,1550,302,0.5699819669857124,0.7849909834928561,3470,745,51,0.6465005931198102,49.06907968741675,56.71503047539508
2022-08-11,7991,4680,0.635689264372553,4135,3002,366,0.15875017514361778,0.5793750875718089,2477,1711,79,0.18290353390639924,48.17381747187113,55.903801014014185
2022-08-12,7902,4676,0.6392299687825183,5241,1861,312,0.47592227541537596,0.737961137707688,3339,881,69,0.5824644549763033,63.0261042038082,74.90872687295865
2022-08-15,8071,4717,0.6323574415995104,3796,3278,343,0.07322589765337857,0.5366129488266893,2244,1987,87,0.06074214133774521,55.2748599504955,64.69727916606347
2022-08-16,8064,4714,0.6324594511884117,3440,3718,364,-0.03883766415199776,0.48058116792400113,2166,2076,93,0.021216407355021217,42.76799372389183,53.666718281701556
2022-08-17,8044,4666,0.6340442902336973,1679,5522,292,-0.5336758783502291,0.23316206082488544,850,3387,66,-0.5987727165447251,7.118872421614672,12.967798939176308
2022-08-18,7842,4540,0.6441602013000629,3919,3150,330,0.10878483519592587,0.554392417597963,2357,1768,94,0.1427878787878788,8.726315023367375,15.18341367325153
2022-08-19,7853,4603,0.642744892613934,1367,5693,259,-0.6127478753541077,0.19362606232294619,615,3541,52,-0.7040423484119346,-26.019588654752578,-25.339664157471077
2022-08-22,7957,4571,0.6384884678747941,1465,5626,278,-0.5868001692285997,0.2065999153857002,702,3483,55,-0.6645161290322581,-54.29985304999598,-57.88388641296773
2022-08-23,7886,4564,0.6421645292461683,3388,3641,348,-0.03599374021909233,0.48200312989045385,2034,2062,102,-0.0068359375,-50.667658392203755,-52.535767432739625
2022-08-24,8036,4477,0.6326300696435887,4391,2674,325,0.24302901627742393,0.621514508138712,2647,1417,78,0.30265748031496065,-33.35765584300456,-32.225775976732876
2022-08-25,7978,4488,0.6360165118679051,5114,1987,348,0.4403605126038586,0.7201802563019293,3079,955,69,0.526524541398116,-8.524240567902488,-3.5062513478056614
2022-08-26,7952,4526,0.639921722113503,1058,6036,296,-0.7017197631801523,0.1491401184099239,336,3737,44,-0.8350110483672968,-44.35306309405125,-47.0103060216045
2022-08-29,8047,4484,0.6360775555781139,2394,4687,356,-0.3238243185990679,0.33808784070046605,1291,2778,77,-0.3654460555419022,-55.87016880938396,-60.49297159632476
2022-08-30,7964,4491,0.6390434961863534,1826,5285,345,-0.4864294754605541,0.256785262269723,931,3151,66,-0.5438510534051936,-73.56820119502083,-80.63843569789353
2022-08-31,7908,4538,0.6433595366156393,2526,4515,355,-0.28248828291435873,0.3587558585428206,1391,2672,86,-0.31528427270489784,-78.13511825145547,-86.0312762912306
2022-09-01,8050,4654,0.6371555915721232,2276,4843,291,-0.3605843517347942,0.3197078241326029,1398,2707,75,-0.31887941534713765,-85.55396018447162,-90.39175574918961
2022-09-02,7944,4395,0.6416803953871499,2907,4210,333,-0.18308275958971476,0.4084586202051426,1380,2678,81,-0.3198620009857072,-82.59422062902408,-93.7171361889271
2022-09-06,7984,4643,0.6402626718653807,2219,4889,304,-0.37563308947664603,0.31218345526167696,1258,2819,66,-0.3828795683100319,-89.27818870031786,-99.24262915017427
2022-09-07,7921,4541,0.6413515189088654,5263,1825,322,0.4850451467268623,0.7425225733634312,3306,823,74,0.601356260595786,-51.51267864759705,-54.2589210409988
2022-09-08,8008,4492,0.6375756332683827,4032,3000,375,0.14675767918088736,0.5733788395904437,2546,1503,95,0.2575944677698197,-35.87997753658151,-32.71464564374711
2022-09-09,7988,4506,0.6397330595482547,5414,1735,330,0.5146174290110505,0.7573087145055253,3259,801,72,0.6054187192118227,-3.9416307074721657,3.26049562122197
2022-09-12,8117,4633,0.6328473066018631,4862,2321,335,0.3537519142419602,0.6768759571209801,2993,1120,70,0.45538536348164355,15.342088246499172,26.501271138155474
2022-09-13,7999,4648,0.6396276595744681,1127,6119,263,-0.6889318244548717,0.15553408777256417,378,3825,43,-0.8201284796573876,-20.38122942392942,-17.536064307508717
2022-09-14,8009,4731,0.6382063882063882,3409,3676,368,-0.03768525052928723,0.4811573747353564,2122,2075,88,0.011198475101262807,-18.260431188747006,-13.533958054081536
2022-09-15,8049,4589,0.6362894172874783,2571,4562,340,-0.2791251927660171,0.36043740361699145,1418,2773,92,-0.3233118587449296,-28.4278436535588,-26.770004109440507
2022-09-16,7934,5028,0.6451712434433817,2163,5006,302,-0.3965685590737899,0.301715720463105,1168,3105,64,-0.4533114907559092,-42.85101040809372,-44.452955066774216
2022-09-19,8154,4681,0.6310806727767146,3586,3556,333,0.004200504060487258,0.5021002520302437,2408,1902,82,0.11740139211136891,-34.93010977446676,-30.813969216596742
2022-09-20,8197,4619,0.6310058935171312,1737,5559,341,-0.5238486842105263,0.23807565789473684,806,3398,63,-0.6165556612749762,-54.38554859739407,-55.696419137929276
2022-09-21,8113,4580,0.6358049566794277,2059,5215,361,-0.4338740720373935,0.28306296398130326,758,3389,77,-0.6344345309862551,-66.24929043935329,-77.58637521054291
2022-09-22,8141,4661,0.6354521756567074,1409,5851,314,-0.6118457300275482,0.1940771349862259,751,3427,62,-0.6404978458592628,-84.96012616153939,-96.21752152022525
2022-09-23,8197,4784,0.6349316425599366,1256,6084,291,-0.6577656675749319,0.17111716621253406,656,3613,49,-0.692668072148044,-102.82908695057,-114.2745753218416
2022-09-26,8334,4725,0.6251106085930587,1874,5539,306,-0.49440172669634425,0.25279913665182785,966,3294,66,-0.5464788732394367,-109.42470594650894,-121.83252350018401
2022-09-27,8258,4698,0.6278448446467445,3738,3638,380,0.013557483731019523,0.5067787418655098,2257,1943,76,0.07476190476190477,-89.11887613693601,-96.62336767509875
2022-09-28,8132,4734,0.6357808274065913,6078,1269,319,0.6545528787260106,0.8272764393630053,3725,489,63,0.7679164689131467,-39.262027519316916,-39.92869439871327
2022-09-29,8164,4590,0.6342805683410047,1546,5750,305,-0.5762061403508771,0.2118969298245614,635,3554,60,-0.6968250179040344,-57.976062767500395,-64.49217961626918
2022-09-30,7986,4788,0.6454175152749491,3180,4019,334,-0.11654396443950549,0.4417280177802473,1635,2540,105,-0.21676646706586827,-50.70357379529117,-61.168571037289816
2022-10-03,8297,4687,0.6291241162608012,5609,1661,284,0.5430536451169189,0.7715268225584594,3432,784,61,0.6280834914611005,-11.252197377254621,-15.778544920727569
2022-10-04,8310,4796,0.6297276112090927,6160,1311,310,0.6490429661357248,0.8245214830678624,3864,370,47,0.8252243741143127,27.834456497993195,32.96586426619739
2022-10-05,7986,4498,0.6447609359104781,2580,4714,312,-0.2925692349876611,0.35371538250616946,1458,2687,67,-0.2965018094089264,14.033763222670817,18.3911956235253
2022-10-06,8024,4423,0.6386786663939455,2557,4527,369,-0.2780914737436477,0.3609542631281762,1318,2632,101,-0.3326582278481013,2.887889718357503,4.030077033964297
2022-10-07,7870,4487,0.6514775780119859,1205,5908,294,-0.6611837480669197,0.16940812596654015,454,3563,48,-0.7739606671645507,-25.81088529258578,-30.333951711102674
2022-10-10,7933,4357,0.646484375,2422,4644,277,-0.31446362864421173,0.34276818567789413,1344,2639,67,-0.3251318101933216,-32.88327752934397,-37.12208368101796
2022-10-11,8146,4567,0.6361175172967011,2906,4270,304,-0.19007803790412486,0.4049609810479376,1737,2281,65,-0.13539074166251866,-32.54647696712115,-33.253272670350306
2022-10-12,8057,4409,0.6391982182628062,3174,4014,362,-0.11686143572621036,0.44156928213689484,1751,2235,89,-0.12142498745609634,-28.434949992689308,-29.08088518255658
2022-10-13,8130,4642,0.6398678414096917,4925,2304,296,0.3625674367132383,0.6812837183566192,3116,913,55,0.5467858029287664,-0.805976057614205,8.042450064662976
2022-10-14,7987,4375,0.6436945662147008,1787,5417,330,-0.5038867295946696,0.2480566352026652,584,3434,63,-0.7093081134892981,-20.50188177823231,-23.062006370190847
2022-10-17,8100,4514,0.639220044453425,5578,1644,305,0.5447244530600942,0.772362226530047,3472,510,56,0.7438473129080864,15.191187372268558,23.116764729729304
2022-10-18,8080,4519,0.641064408829755,4813,2408,375,0.3330563633845728,0.6665281816922863,2922,1098,89,0.4537313432835821,35.0494010753094,47.97823171528718
2022-10-19,8064,4530,0.6414217913763506,1855,5364,310,-0.4860784042111096,0.2569607978944452,853,3208,49,-0.5799064269884265,10.896188406248633,17.313006315762298
2022-10-20,8020,4421,0.6418107833163784,2661,4495,348,-0.2562884292901062,0.3718557853549469,1341,2626,90,-0.3239223594655911,1.6802093782206096,3.8068769437314827
2022-10-21,8000,4480,0.6437086092715232,4803,2326,351,0.34745406087810354,0.6737270304390518,3110,860,72,0.5667506297229219,23.979270770776036,36.77375140535214
2022-10-24,8006,4483,0.6432492883285889,3731,3423,319,0.043052837573385516,0.5215264187866928,2163,1808,71,0.08939813648954924,27.70501074232115,40.90893565134239
2022-10-25,8079,4605,0.6401728295819936,5691,1501,313,0.5825917686318132,0.7912958843159066,3390,656,57,0.675729115175482,57.728939917202,73.556522437704
2022-10-26,8172,4646,0.6365625621643127,4445,2837,312,0.2208184564680033,0.6104092282340017,2539,1577,96,0.2337220602526725,65.02208905394863,79.00207378171417
2022-10-27,8051,4495,0.6406566680178354,3536,3706,323,-0.023474178403755867,0.48826291079812206,1876,2183,79,-0.07563439270756343,58.71798937700928,67.79518716392249
2022-10-28,8013,4581,0.6435845213849287,5157,2019,310,0.43729096989966554,0.7186454849498328,3199,853,54,0.5789733464955578,76.07265162151216,90.60471013004707
2022-10-31,8060,4632,0.6431522724982364,3379,3818,320,-0.06099763790468251,0.46950118104765876,1907,2182,69,-0.06725360723893373,65.61609419223718,77.34248102870878
2022-11-01,8011,4516,0.6458375531699413,3990,3197,310,0.11033811047725059,0.5551690552386253,2285,1755,91,0.1311881188118812,64.91444453834252,75.53864904446172
2022-11-02,7964,4590,0.6499034847099462,1695,5528,255,-0.5306659282846463,0.23466703585767687,626,3453,49,-0.6930620250061289,31.939759923476043,32.4061722618077
2022-11-03,7983,4446,0.6464964914064883,2898,4264,300,-0.19072884669086848,0.4046355766545658,1636,2390,69,-0.18728266269249877,20.58355985783671,20.654841867010962
2022-11-04,7953,4491,0.6501835236541599,4434,2688,324,0.2451558550968829,0.6225779275484414,2638,1370,65,0.31636726546906185,32.56532609181347,35.68667657820273
2022-11-07,8011,4492,0.6468857780482856,4206,2951,317,0.17535280145312282,0.5876764007265614,2429,1597,64,0.20665673124689518,39.156756909216526,42.874935162272344
2022-11-08,7998,4521,0.6499493414387031,3911,3276,322,0.0883539724502574,0.5441769862251287,2102,1914,85,0.046812749003984064,40.246705023406776,40.81432246369495
2022-11-09,7973,4574,0.648121682319314,1562,5636,271,-0.5659905529313698,0.21700472353431507,628,3450,51,-0.6920058852378617,8.260150866841059,1.9074952820005153
2022-11-10,8185,4818,0.6396316102198455,6182,1138,236,0.6890710382513662,0.844535519125683,3813,389,31,0.814850071394574,43.62342586777996,43.97541839686355
2022-11-11,7979,4674,0.6489459211732356,4801,2464,294,0.3216792842395045,0.6608396421197522,2847,1407,66,0.3385049365303244,55.27132116365075,55.906358824874644
2022-11-14,8057,4600,0.6459151808199859,2552,4669,289,-0.2931726907630522,0.3534136546184739,1334,2821,75,-0.3578820697954272,34.21131628567417,31.008430780412183
2022-11-15,8037,4681,0.6479114242576749,4896,2334,296,0.35435684647302906,0.6771784232365146,2922,1207,77,0.41535480745943326,48.41043239537989,48.227504011237734
2022-11-16,7988,4488,0.6474000203520912,2329,4858,308,-0.3518853485459858,0.3240573257270071,986,3113,58,-0.518907050500122,24.99651475625064,15.995581205559644
2022-11-17,8020,4444,0.6470290515234336,2580,4584,317,-0.2797319932998325,0.3601340033500838,1407,2590,72,-0.29597197898423816,8.46030036332154,-0.4959371235287377
2022-11-18,7938,4429,0.6512915129151291,3939,3172,330,0.10786106032906764,0.5539305301645339,2204,1752,71,0.11425682507583418,13.659188236995561,5.917734593721956
2022-11-21,8008,4441,0.6480617008321494,2918,4222,303,-0.1826330532212885,0.40868347338935573,1560,2394,68,-0.2109256449165402,3.511235750284062,-4.887288260616033
2022-11-22,8029,4454,0.646331576813944,4633,2517,328,0.29594405594405593,0.647972027972028,2721,1237,78,0.37493683678625567,18.746035653661533,15.191977725367861
2022-11-23,7814,4235,0.6579875518672199,4317,2755,311,0.2208710407239819,0.610435520361991,2351,1500,78,0.22098156323032977,27.92440863177726,24.586026576960958
2022-11-25,7431,3631,0.6702127659574468,3961,2723,335,0.18521843207660083,0.5926092160383004,2010,1367,80,0.19040568551969203,33.84966505253827,30.966214326656363
2022-11-28,8044,4492,0.6463019250253292,1567,5286,243,-0.5426820370640595,0.22865898146797023,504,2949,36,-0.7080799304952216,2.35148750999323,-8.657837019733028
2022-11-29,7958,4387,0.6511604234527687,3666,3505,325,0.02245154092874076,0.5112257704643703,2220,1703,82,0.13178689778230945,3.665467173207262,-0.4997703219207401
2022-11-30,8118,4725,0.6444954128440367,5725,1504,275,0.583898187854475,0.7919490939272376,3449,583,61,0.7108134920634921,32.842924795675934,35.4292052703775
2022-12-01,7986,4490,0.6496090973702914,3908,3286,349,0.08646093967194884,0.5432304698359744,2078,1999,82,0.019376992886926663,32.75357402978196,31.39950841661235
2022-12-02,7981,4450,0.6509002136100092,3950,3154,361,0.11204954954954954,0.5560247747747747,2240,1746,82,0.12393376818866031,33.79284174867374,33.02495882964676
2022-12-05,8014,4595,0.6512355017650026,1580,5673,241,-0.564318213153178,0.217840893423411,639,3421,37,-0.6852216748768473,0.6940633044464696,-6.208178014632435
2022-12-06,7932,4552,0.6534451032508689,2035,5157,293,-0.43409343715239157,0.2829532814238042,993,3119,60,-0.517023346303502,-21.09762378185076,-31.311552697750724
2022-12-07,7872,4443,0.6583393058257397,3120,3958,340,-0.11839502684374117,0.4408024865781294,1577,2432,79,-0.2132701421800948,-23.839107606293123,-37.43072008215774
2022-12-08,7900,4519,0.6553846153846153,3953,3118,338,0.1180879649271673,0.5590439824635837,2493,1513,90,0.24463305042436345,-14.239731149614448,-19.580294965192046
2022-12-09,7894,4438,0.6558588138723579,2338,4719,339,-0.3373954938359076,0.3313022530820462,1198,2791,95,-0.39934820757081974,-28.735238561559857,-36.41934291511957
2022-12-12,7909,4670,0.655917280917281,4227,2869,309,0.19137542277339345,0.5956877113866967,2717,1328,74,0.3433868974042027,-14.54667537550033,-13.49787694898089
2022-12-13,8024,4861,0.6525849929591632,4457,2711,275,0.24358258928571427,0.6217912946428571,2693,1538,67,0.2729851099030962,0.26763785107410815,2.6473764617572653
2022-12-14,7899,4762,0.659016727866177,2862,4298,316,-0.2005586592178771,0.39972067039106146,1634,2652,90,-0.2375174988334111,-9.274524954639686,-9.086799191195768
2022-12-15,7862,4703,0.6608570842731187,1562,5585,249,-0.5628935217573807,0.21855323912130964,650,3637,64,-0.6967576393748542,-35.503444655726966,-42.036092405586786
2022-12-16,7820,4874,0.6644385026737968,2451,4634,266,-0.30811573747353566,0.3459421312632322,1320,2987,80,-0.3870443464128163,-45.01276456268571,-54.51189299376127
2022-12-19,7922,4790,0.6582664363377706,1994,5172,229,-0.44348311470834495,0.2782584426458275,1072,3288,66,-0.5082568807339449,-59.68653812206245,-70.9667697477381
2022-12-20,7946,4797,0.6557010864047111,3723,3430,292,0.04096183419544247,0.5204809170977213,2445,1868,88,0.13378159054022723,-47.71193437952989,-52.57893195994098
2022-12-21,7905,4711,0.6609996945943195,5028,2145,280,0.40192388122124634,0.7009619406106232,3216,1015,97,0.5202079886551643,-19.186986156476717,-17.273116085827883
2022-12-22,7893,4638,0.6592252803261978,1991,5205,243,-0.4466370205669817,0.2766814897165092,1078,3114,65,-0.4856870229007634,-37.130265584395275,-37.29502851082843
2022-12-23,7804,4441,0.6636054070787328,4094,2978,311,0.1578054298642534,0.5789027149321267,2384,1626,94,0.18902743142144637,-22.063995645781905,-20.491565775539268
2022-12-27,7938,4628,0.6583138886070813,2664,4496,237,-0.2558659217877095,0.37206703910614525,1552,2464,58,-0.22709163346613545,-29.75558245263671,-26.828100552368436
2022-12-28,7932,4702,0.6594408427876823,2093,5132,283,-0.4206228373702422,0.2896885813148789,1020,3115,90,-0.5066505441354293,-44.420957039361014,-46.08964281726025
2022-12-29,7889,4709,0.6603330268668914,5746,1477,234,0.5910286584521667,0.7955143292260833,3729,536,45,0.748651817116061,-6.15517273469305,0.43730482291809425
2022-12-30,7997,4858,0.6566579634464752,3490,3712,278,-0.030824770896973063,0.48458761455151345,1997,2297,86,-0.06986492780624126,-4.499822757985466,-0.7101787149591323
2023-01-03,7974,4571,0.6575922565033273,4055,3180,236,0.12093987560469938,0.5604699378023497,2142,2042,53,0.02390057361376673,4.526232910973073,3.0005488247310392
2023-01-04,7866,4575,0.6591537752279479,5362,1849,232,0.48717237553737347,0.7435861877686867,3147,975,51,0.5269286754002911,30.532504340011464,31.309623216368696
2023-01-05,7793,4463,0.6646657006830884,2908,4180,253,-0.17945823927765236,0.4102708803611738,1395,2634,84,-0.3075204765450484,19.28367314938794,13.634876107870081
2023-01-06,7952,4539,0.6560211554109032,5547,1605,239,0.5511744966442953,0.7755872483221476,3245,800,56,0.6044499381953028,46.101140911755266,44.05331368658197
2023-01-09,7942,4572,0.6575412171789131,4319,2901,272,0.196398891966759,0.5981994459833795,2327,1752,73,0.14096592302034813,51.06078991014375,46.6666104892
2023-01-10,7757,4475,0.6656928213689483,4962,2140,291,0.39735285834976064,0.6986764291748803,3027,1037,72,0.4896653543307087,65.09368417336525,66.10261776851044
2023-01-11,7939,4617,0.6588846977265777,5040,2100,254,0.4117647058823529,0.7058823529411765,2915,1149,71,0.4345472440944882,77.48693272418244,79.6339853916673
2023-01-12,7863,4573,0.6618520794919074,5213,1985,250,0.44845790497360377,0.7242289524868019,3053,1085,76,0.47559207346544224,89.53038552607278,92.85737625105578
2023-01-13,7818,4510,0.6636673906298479,4360,2722,299,0.23129059587687095,0.6156452979384355,2540,1547,85,0.24296550036701736,88.521520289222,92.06775989965641
2023-01-17,7959,4632,0.6572269589930978,3714,3440,278,0.038300251607492314,0.5191501258037462,1992,2104,86,-0.02734375,77.56681569679954,77.41683660136079
2023-01-18,7867,4546,0.663220391032859,2293,4922,261,-0.3643797643797644,0.3178101178101178,934,3197,64,-0.5478092471556524,47.67870839243151,38.47993814052861
2023-01-19,7788,4442,0.6642146705346043,2760,4316,289,-0.21989824759751272,0.3900508762012436,1333,2690,81,-0.33731046482724336,29.11005894434727,15.521429382234903
2023-01-20,7848,4536,0.6611425630468348,5254,1828,268,0.48376164925162385,0.741880824625812,3280,742,64,0.6310293386374938,48.27130821397034,44.23128742021947
2023-01-23,7907,4530,0.6611671249618087,4774,2355,291,0.33931827745826904,0.6696591387291345,2854,1189,84,0.4118229037843186,57.190651208760464,57.596737862936436
2023-01-24,7797,4327,0.6655304204111145,3363,3691,326,-0.046498440601077405,0.4767507796994613,1738,2219,81,-0.1215567349001769,45.239900310294885,42.067232367919985
2023-01-25,7800,4342,0.6654609342703597,3652,3353,322,0.042683797287651676,0.5213418986438259,2088,1790,76,0.07684373388344508,39.25492068499181,38.49919244702241
2023-01-26,7754,4377,0.6693330563058384,4302,2720,280,0.22529193961834235,0.6126459698091712,2388,1515,84,0.22367409684857803,43.07189561846726,42.597540500676516
2023-01-27,7754,4423,0.6695135923341319,4043,2953,293,0.15580331618067467,0.5779016580903373,2337,1606,78,0.18539183362921632,42.64561853661304,43.97452722307932
2023-01-30,7899,4457,0.6622807017543859,2227,4877,285,-0.37302927927927926,0.31348536036036034,1017,2983,60,-0.4915,15.626293765946924,11.087386553157497
2023-01-31,7835,4599,0.6665980018539499,5538,1603,309,0.5510432712505251,0.7755216356252626,3336,707,82,0.6502597081375217,38.650267144687874,40.00142975448463
2023-02-01,7832,4654,0.6689803000918648,4966,2161,280,0.3935737336887891,0.6967868668443945,3071,1114,71,0.46762246117084827,50.269036169701174,55.39106719451323
2023-02-02,7846,4707,0.6683319738988581,4954,2224,233,0.38032878239063805,0.690164391195319,2896,1317,85,0.37479230951815806,59.28949094033147,63.630744287130625
2023-02-03,7786,4606,0.6685225280956799,2576,4589,233,-0.2809490579204466,0.35952547103977667,1565,2648,71,-0.2570614763826252,33.641640298964475,38.76482518484369
2023-02-06,7782,4546,0.6684275947793661,2194,4878,277,-0.37952488687782804,0.310237556561086,1135,2997,70,-0.4506292352371733,6.615728351231809,7.632252283736721
2023-02-07,7735,4558,0.6728875064800415,4050,3000,277,0.14893617021276595,0.574468085106383,2488,1618,83,0.21188504627374574,9.898547848693914,14.101455267417531
2023-02-08,7764,4409,0.6687402799377916,2314,4770,251,-0.34669678147939015,0.3266516092603049,1032,3010,69,-0.48936170212765956,-12.125781804827263,-15.500220877942727
2023-02-09,7719,4451,0.6720850265708034,2005,5030,276,-0.42999289267945984,0.2850035536602701,917,3113,52,-0.5449131513647643,-35.060760309567215,-43.50972533969127
2023-02-10,7711,4346,0.671685487243831,3232,3701,356,-0.06764748305206982,0.4661762584739651,1906,2032,95,-0.031995937023869984,-36.37759264820254,-41.59444231074311
2023-02-13,7715,4379,0.6713389121338912,4528,2465,296,0.295009295009295,0.6475046475046475,2736,1194,86,0.39236641221374047,-19.188757431426477,-18.530785647558194
2023-02-14,7764,4361,0.6718766173273988,3358,3667,278,-0.04398576512455516,0.4780071174377224,1920,2047,76,-0.032014116460801614,-21.34611254061833,-19.937731706024397
2023-02-15,7736,4379,0.6708610648918469,4220,2817,300,0.19937473355122923,0.5996873667756146,2599,1332,80,0.3223098448232002,-10.915895662485044,-3.32478386328279
2023-02-16,7728,4399,0.6731109032325122,2193,4815,283,-0.3741438356164384,0.3129280821917808,1052,2892,85,-0.4665314401622718,-30.619409211752046,-28.546153787695907
2023-02-17,7631,4394,0.6768028719248231,3350,3565,331,-0.03109182935647144,0.48445408532176426,1959,1997,97,-0.009605662285136502,-30.160215937318227,-27.12140541027388
2023-02-21,7854,4510,0.6666666666666666,1121,5993,205,-0.6848467809952207,0.15757660950238966,452,3596,34,-0.7766798418972332,-62.304552189928174,-64.12134750113151
2023-02-22,7717,4408,0.6747552593209748,3579,3473,297,0.015031196823596143,0.507515598411798,2057,1989,86,0.01680672268907563,-54.482538034019214,-55.76136302199368
2023-02-23,7705,4350,0.6738812212463404,4035,2954,300,0.15467162684218058,0.5773358134210903,2226,1738,74,0.1231079717457114,-40.54028173961773,-43.01970702438908
2023-02-24,7697,4416,0.675822454308094,1898,5100,250,-0.45755930265790223,0.2712203486710489,957,3026,58,-0.5194576952046196,-59.02849767421052,-64.03877595883175
2023-02-27,7800,4358,0.6683916373421652,3961,3010,309,0.1364223210443265,0.5682111605221632,2222,1736,85,0.12278928751894896,-44.84169862480486,-49.57753688180766
2023-02-28,7719,4499,0.6759075217072915,3423,3548,339,-0.01793143021087362,0.4910342848945632,1819,2134,106,-0.0796863141917531,-40.205464507199004,-47.08906987207811
2023-03-01,7747,4437,0.674290466784489,3177,3854,285,-0.0962878680130849,0.45185606599345757,1909,2119,73,-0.052135054617676264,-39.95827890422056,-43.34842225069512
2023-03-02,7720,4373,0.672569153394803,3656,3385,263,0.03848885101548075,0.5192444255077404,2243,1752,59,0.12290362953692115,-32.80830786772461,-31.18149221542932
2023-03-03,7664,4347,0.6774159553166825,5208,1816,235,0.48291571753986334,0.7414578587699316,3128,825,49,0.5825954970908171,-4.30969776596282,2.361733803494889
2023-03-06,7760,4521,0.6716541978387365,2486,4548,268,-0.29314756895081034,0.3534262155245948,1104,2889,64,-0.4470323065364388,-18.725001964660358,-20.45200680070518
2023-03-07,7655,4398,0.6796523196146194,1906,5139,273,-0.4589070262597587,0.2705464868701207,973,3055,74,-0.5168818272095332,-39.244434910170874,-43.34797101694743
2023-03-08,7673,4343,0.6760356581017305,3389,3531,309,-0.020520231213872833,0.4897398843930636,1994,1943,81,0.012954025908051815,-34.67298815173721,-36.215487910870586
2023-03-09,7710,4507,0.6764552743934187,1195,5854,219,-0.6609448148673571,0.16952759256632147,451,3589,26,-0.7767326732673268,-62.61226541519196,-69.42047237438945
2023-03-10,7717,4717,0.6766753246753247,1181,5930,221,-0.6678385599774996,0.16608072001125018,497,3711,49,-0.7637832699619772,-86.53197340387696,-96.81616156355865
2023-03-13,7766,4733,0.6756449948400413,2383,4725,240,-0.3294879009566685,0.3352560495216657,1482,2806,61,-0.3087686567164179,-89.63313091614167,-97.00466435020257
2023-03-14,7698,4663,0.6790780141843972,4739,2339,270,0.3390788358293303,0.6695394179146652,3015,1267,69,0.4082204577300327,-58.408118095247346,-60.831355188709594
2023-03-15,7683,4657,0.6823273179838207,1911,5112,264,-0.45578812473302005,0.27210593763348995,1135,3114,75,-0.4657566486232055,-71.16203957102398,-73.29787439735145
2023-03-16,7650,4595,0.6829446826309735,4730,2284,241,0.3487311092101511,0.6743655546050755,2881,1335,78,0.36669829222011385,-41.48487053779934,-41.967511906587525
2023-03-17,7601,4786,0.6839378238341969,1607,5390,225,-0.5406602829784193,0.22966985851079033,769,3471,60,-0.6372641509433963,-60.37303627113179,-65.16833657562692
2023-03-20,7701,4582,0.6805584496770161,3681,3347,218,0.04752418895845191,0.523762094479226,2511,1750,63,0.17859657357427833,-46.81132919493182,-43.88616375889376
2023-03-21,7680,4543,0.6802763819095478,5225,1790,255,0.4896650035637919,0.744832501781896,3308,857,60,0.5884753901560624,-12.874972268539175,-4.976534352703219
2023-03-22,7636,4435,0.6849973863042342,1915,5086,273,-0.45293529495786317,0.27353235252106844,639,3481,44,-0.6898058252427185,-30.92502716121352,-35.59797930858584
2023-03-23,7592,4467,0.6871908220187348,2785,4165,250,-0.1985611510791367,0.40071942446043163,1631,2426,62,-0.1959576041409909,-33.484491764707705,-36.90891379423618
2023-03-24,7589,4364,0.6859504132231405,3990,2910,268,0.1565217391304348,0.5782608695652174,2411,1588,82,0.20580145036259065,-17.751267031393112,-17.757265485316946
2023-03-27,7686,4419,0.6806107508889354,4469,2491,269,0.2841954022988506,0.6420977011494253,2691,1270,78,0.3587477909618783,2.173079609168613,6.353497176199964
2023-03-28,7630,4389,0.6830554969402828,3417,3525,307,-0.015557476231633534,0.49222126188418325,1954,1988,93,-0.008625063419583967,4.209886662278846,8.567789046842814
2023-03-29,7637,4456,0.684878355704698,4893,2082,249,0.40301075268817205,0.701505376344086,2953,1043,65,0.477977977977978,26.85871870536698,34.74832172088634
2023-03-30,7589,4405,0.6854266030736619,4002,2943,280,0.15248380129589634,0.5762419006479481,2259,1718,86,0.13603218506411868,33.56282893906671,39.86164590289614
2023-03-31,7670,4675,0.6846706212925382,5225,1757,245,0.4967058149527356,0.7483529074763678,3289,787,64,0.6138370951913641,56.33812972702661,67.92447535536232
2023-04-03,7740,4553,0.6795004128819158,3412,3584,270,-0.024585477415666093,0.48770726129216696,1876,2260,88,-0.09284332688588008,49.46475663367711,56.24455105658189
2023-04-04,7670,4460,0.6840079076058683,2113,4928,275,-0.3998011646073001,0.30009941769634996,1050,3056,56,-0.48855333658061373,24.579914496113197,26.19149254110502
2023-04-05,7588,4331,0.6877307732883216,2457,4510,259,-0.2946748959379934,0.3526625520310033,1187,2800,60,-0.40456483571607726,8.436788329480818,4.5645950908935955
2023-04-06,7708,4252,0.6795314297667608,3840,3114,292,0.10440034512510785,0.5522001725625539,2217,1668,81,0.14131274131274132,14.545993568517794,13.344653646949292
2023-04-10,7636,4415,0.6846846846846847,4163,2785,316,0.19833045480713873,0.5991652274035694,2544,1361,89,0.3029449423815621,24.393139564153365,28.8664904975832
2023-04-11,7723,4464,0.6801122777835534,4545,2443,303,0.3008013737836291,0.6504006868918145,2712,1301,91,0.35160727635185646,37.814029641425535,44.426445250902
2023-04-12,7696,4392,0.681251299106215,2835,4178,313,-0.1915014972194496,0.4042492513902752,1398,2589,81,-0.2987208427389014,24.484676959132173,24.991668384197165
2023-04-13,7652,4382,0.6841276506403527,4852,2168,261,0.38233618233618233,0.6911680911680912,2927,1031,59,0.4790298130368873,41.65754100875728,47.137508610032974
2023-04-14,7583,4377,0.6879762912785775,2480,4431,304,-0.28230357401244394,0.35884821299377806,1317,2646,79,-0.33535200605601817,22.900064248711654,25.117423505427166
2023-04-17,7643,4429,0.6848510281158204,4148,2781,272,0.19728676576706594,0.598643382883533,2590,1375,71,0.3064312736443884,30.727438286604578,38.25382760848239
2023-04-18,7616,4360,0.685530614395616,3037,3930,267,-0.12817568537390556,0.4359121573130472,1627,2340,74,-0.17973279556339802,20.99308334052143,24.985980518162872
2023-04-19,7622,4318,0.6867773807021232,3322,3598,312,-0.039884393063583816,0.4800578034682081,1911,2003,79,-0.02350536535513541,16.979809060433816,21.328412863762
2023-04-20,7588,4317,0.6873012507949968,2537,4381,277,-0.26655102630818156,0.36672448684590925,1247,2660,65,-0.3616585615561812,2.1302288434268504,1.1868906448781573
2023-04-21,7595,4323,0.6854027733672066,3147,3724,307,-0.08397613156745742,0.4580119342162713,1827,2070,86,-0.06235565819861432,-1.4480686492950348,-1.0749001376135805
2023-04-24,7586,4302,0.6873543740732896,3108,3792,293,-0.09913043478260869,0.4504347826086956,1699,2200,78,-0.12849448576558092,-5.257987823083333,-6.310298134304278
2023-04-25,7614,4354,0.6847207586933615,1399,5560,236,-0.5979307371748814,0.20103463141255928,631,3308,50,-0.6796141152576796,-33.429193897170556,-38.310993405408226
2023-04-26,7583,4354,0.6885557432432432,2566,4350,291,-0.25795257374204744,0.3710237131289763,1312,2630,76,-0.3343480466768138,-40.34952094938758,-48.21672946613179
2023-04-27,7502,4271,0.6911622924477772,4681,2184,278,0.3637290604515659,0.681864530225783,2798,1114,74,0.43047034764826175,-14.98057126460553,-18.204130434465984
2023-04-28,7579,4426,0.6912291798439806,4566,2295,284,0.3310013117621338,0.6655006558810669,2691,1224,80,0.37471264367816093,5.148396137734553,4.759777191275561
2023-05-01,7560,4409,0.6921779464473962,3188,3787,221,-0.08587813620071684,0.4570609318996416,1920,2092,47,-0.04287138584247258,1.4889488879041153,3.4909178492965287
2023-05-02,7620,4502,0.6869674976333228,1748,5240,224,-0.4997137950772753,0.25014310246136234,843,3215,48,-0.5845243962543125,-22.339106198968345,-24.694061997934032
2023-05-03,7564,4487,0.6907052976631067,3111,3816,287,-0.10177566045907319,0.4491121697704634,1875,2207,72,-0.08133268005879471,-22.703491036339354,-23.509163647550604
2023-05-04,7541,4490,0.6924056003394146,2582,4315,266,-0.25126866753661015,0.3743656662316949,1512,2540,81,-0.25370187561697927,-30.37617297098673,-30.996989517644234
2023-05-05,7523,4421,0.6940663547426627,5395,1540,232,0.5558759913482336,0.7779379956741168,3300,770,55,0.6216216216216216,3.572797783986892,6.522079172943972
2023-05-08,7549,4369,0.6920144037280237,3389,3530,245,-0.020378667437490967,0.4898106662812545,1969,2010,73,-0.010304096506659964,3.7685708512831746,6.971986601118092
2023-05-09,7580,4382,0.689119170984456,2938,3924,322,-0.14368988633051588,0.42815505683474203,1690,2268,87,-0.146033350176857,-2.248446975086166,0.5353348356915213
2023-05-10,7570,4477,0.6939632545931759,3837,3038,311,0.11621818181818182,0.5581090909090909,2196,1791,82,0.10158013544018059,5.613648425678363,7.409995182925226
2023-05-11,7503,4387,0.6928090607970937,2366,4521,266,-0.3129083781036736,0.3435458109481632,1375,2651,69,-0.31693989071038253,-9.148656244889128,-7.675221503632742
2023-05-12,7447,4375,0.6958207669108143,2873,3951,267,-0.15797186400937865,0.42101406799531066,1646,2342,68,-0.17452357071213642,-13.977857752285134,-13.413889663209332
2023-05-15,7554,4432,0.6886138085583182,4459,2408,254,0.29867482161060144,0.6493374108053007,2737,1234,69,0.37849408209519014,4.795398528651709,9.397501149035055
2023-05-16,7532,4417,0.6922097219274039,1884,5020,255,-0.4542294322132097,0.2728852838933951,888,3106,49,-0.5553329994992489,-16.822657034981106,-17.837101291963123
2023-05-17,7569,4448,0.6906757186803861,5034,1912,250,0.44946731932047224,0.7247336596602361,3037,963,59,0.5185,9.96285631997184,12.658149102405698
2023-05-18,7495,4414,0.6954114766315341,3838,3079,251,0.10972965158305624,0.5548648257915281,2369,1641,62,0.18154613466334166,15.827772569985951,21.820604177246093
2023-05-19,7442,4417,0.6982795698924731,2970,3858,277,-0.13005272407732865,0.4349736379613357,1619,2358,85,-0.18581845612270556,8.77401831787884,11.177170706046041
2023-05-22,7583,4494,0.6909608691066343,4205,2698,235,0.21831087932782847,0.6091554396639143,2657,1390,55,0.31307141092167035,20.11736851099572,26.96564258685856
2023-05-23,7547,4490,0.6933672388217843,2942,4007,261,-0.15325946179306374,0.42337026910346814,1607,2475,76,-0.212640862322391,11.136829027511068,14.044344169815906
2023-05-24,7578,4387,0.6922510002105706,2062,4858,249,-0.40404624277456647,0.29797687861271677,1038,3001,61,-0.48601138895766277,-9.13655542508101,-10.742114029368235
2023-05-25,7590,4351,0.6914635433153952,2249,4701,262,-0.35280575539568343,0.32359712230215826,1225,2770,48,-0.3867334167709637,-23.862591985977677,-26.91692661018888
2023-05-26,7528,4279,0.6927511476459912,4468,2429,290,0.2956357836740612,0.6478178918370306,2633,1285,81,0.3440530883103624,-3.911963332127205,-4.072481479673283
2023-05-30,7618,4430,0.6906384317014362,3165,3787,235,-0.08947065592635213,0.4552646720368239,1633,2310,61,-0.17169667765660665,-6.089937996445083,-10.307606784032536
2023-05-31,7631,4544,0.6906655504395144,2835,4131,266,-0.18604651162790697,0.4069767441860465,1466,2557,62,-0.27119065374098933,-12.750449429532386,-20.561799689558665
2023-06-01,7589,4420,0.6925579930723208,4760,2186,283,0.37057299164987045,0.6852864958249352,2805,1217,71,0.3948284435604177,9.449540706214503,4.074629239734638
2023-06-02,7574,4519,0.69509886411443,5427,1569,227,0.5514579759862779,0.7757289879931389,3363,704,50,0.6537988689451685,37.4275337855674,38.06692409731928
2023-06-05,7644,4489,0.6926910299003323,2683,4320,265,-0.233756961302299,0.38312151934885047,1419,2665,72,-0.3050930460333007,21.900833335057435,18.995405831144094
2023-06-06,7581,4553,0.6924375065921317,5178,1844,248,0.4747935061236115,0.7373967530618057,3215,906,60,0.56030089784033,43.94352365449166,45.863977878090125
2023-06-07,7558,4586,0.6952051201342986,4161,2814,242,0.19311827956989247,0.5965591397849462,2705,1452,74,0.3014192927592014,48.48654493164952,55.663206834782095
2023-06-08,7442,4405,0.699753456962161,3375,3491,261,-0.016894844159627147,0.4915525779201864,1855,2209,71,-0.08710629921259842,41.62773921248525,44.33695195998984
2023-06-09,7468,4323,0.698733089972085,2494,4310,264,-0.26690182245737804,0.366549088771311,1365,2615,63,-0.314070351758794,23.054972711649835,23.083116654932724
2023-06-12,7571,4461,0.6954780225571835,3792,3101,264,0.10024662701291165,0.5501233135064558,2350,1645,76,0.17647058823529413,25.41740496339179,29.32271888553864
2023-06-13,7570,4569,0.6935483870967742,4536,2425,244,0.30326102571469615,0.6516305128573481,2990,1137,71,0.44899442694451175,37.460917448903416,48.13715713373988
2023-06-14,7539,4613,0.6981688065670385,2440,4460,282,-0.2927536231884058,0.3536231884057971,1327,2849,83,-0.36446360153256707,17.770083591616256,23.309914626429304
2023-06-15,7549,4574,0.6964869711994937,4586,2301,285,0.3317845215623639,0.6658922607811819,2860,1315,81,0.37005988023952097,32.072477463216124,38.69224679815102
2023-06-16,7491,4794,0.6999152003391986,2834,4038,283,-0.17520372526193248,0.41239813736903375,1603,2612,82,-0.23938315539739027,18.79124949490312,21.178527789136766
2023-06-20,7624,4628,0.6922512320436196,2469,4535,208,-0.29497430039977157,0.3525128498001142,1477,2799,61,-0.3091674462114125,1.3533145776290327,2.6091908567827833
2023-06-21,7526,4502,0.699103848181339,3189,3750,270,-0.08084738434932988,0.45957630782533504,1785,2375,75,-0.14182692307692307,-2.8565405470063747,-4.913612017939315
2023-06-22,7459,4422,0.7014141847010927,2505,4338,273,-0.26786497150372646,0.36606751424813677,1432,2634,69,-0.2956222331529759,-15.792563333554444,-19.010805919539653
2023-06-23,7450,4673,0.7038927887683472,2215,4627,246,-0.3525285004384683,0.32373574978076586,1001,3081,80,-0.5095541401273885,-31.007076446122362,-41.665448024530875
2023-06-26,7541,4495,0.6981986727062046,3714,3158,260,0.08090803259604191,0.5404540162980209,2236,1888,73,0.08438409311348205,-22.188623123411812,-31.12992812213219
2023-06-27,7447,4408,0.7035256410256411,4379,2511,230,0.2711175616835994,0.6355587808417997,2788,1254,72,0.37951509153884216,-5.027425962499362,-7.209859043702645
2023-06-28,7496,4399,0.7018567639257295,3657,3178,294,0.07008046817849305,0.5350402340892465,2140,1819,105,0.08108108108108109,-0.38131993536203584,-1.6438512093149247
2023-06-29,7532,4367,0.6995993251792493,4233,2689,244,0.22305691996532795,0.6115284599826639,2641,1340,78,0.3268023109771414,11.241829906858936,15.409366239936165
2023-06-30,7443,4539,0.7067701137209055,4257,2624,260,0.2373201569539311,0.6186600784769656,2468,1512,97,0.24020100502512562,21.83657572185373,25.58275503024538
2023-07-03,7369,3930,0.7062269472770666,4397,2383,259,0.29705014749262537,0.6485250737463126,2432,1246,83,0.322457857531267,33.77240004199973,38.2659312961156
2023-07-05,7519,4440,0.7008106116433309,2292,4576,222,-0.33255678509027375,0.3337216074548631,1120,2605,55,-0.39865771812080536,12.328321206369594,12.862938564350443
2023-07-06,7468,4414,0.7052742616033755,1401,5537,210,-0.5961372153358316,0.20193139233208418,681,3368,42,-0.6636206470733514,-19.24702931640391,-22.169081361757826
2023-07-07,7433,4403,0.7066467831273967,4701,2148,249,0.37275514673674986,0.6863775733683749,2818,1185,69,0.40794404196852363,2.2968992368358343,1.5676214603221494
2023-07-10,7482,4300,0.7026452778072878,4601,2254,254,0.3423778264040846,0.6711889132020423,2859,1089,70,0.44832826747720367,19.186607637038378,23.873875541332925
2023-07-11,7466,4370,0.7047051309346392,4629,2254,250,0.3450530292023827,0.6725265146011914,2777,1177,64,0.4046535154274153,33.66513542094127,40.64261580040105
2023-07-12,7499,4469,0.7024802110817941,4584,2326,217,0.32677279305354556,0.6633863965267728,2751,1274,64,0.36695652173913046,44.96193919163168,52.891825958488056
2023-07-13,7589,4416,0.6974939708503722,4447,2486,252,0.28285013702581857,0.6414250685129093,2656,1366,84,0.32073595226255597,52.19976391822747,60.7894130400313
2023-07-14,7532,4358,0.6993029150823827,2021,4934,230,-0.4188353702372394,0.2905823148813803,1088,2901,54,-0.45449987465530206,23.04282987672284,28.476111583657698
2023-07-17,7483,4363,0.7031216818857506,4048,2846,242,0.1743545111691326,0.5871772555845662,2488,1459,62,0.26070433240435775,27.657931192171365,36.466068633522966
2023-07-18,7512,4413,0.7025343189017952,4449,2440,247,0.29162432863986065,0.6458121643199303,2574,1391,69,0.2983606557377049,37.3290440344554,44.99796773465753
2023-07-19,7506,4403,0.7031003678402522,4010,2907,250,0.15946219459303165,0.5797310972965158,2299,1672,78,0.15789473684210525,38.80309359209452,45.044455682674304
2023-07-20,7440,4302,0.7070212765957447,2665,4218,231,-0.2256283597268633,0.3871858201365684,1481,2471,71,-0.25050607287449395,20.614862779920756,24.438940113985314
2023-07-21,7430,4344,0.7080989279269717,3165,3622,287,-0.06733461028436717,0.4663326948578164,1776,2150,80,-0.09526235354049924,12.875538593737385,14.461215568886034
2023-07-24,7561,4354,0.7000733829541881,3658,3181,282,0.06974703904079543,0.5348735195203977,2082,1836,82,0.06278713629402756,13.048121187840046,13.760429496708054
2023-07-25,7448,4328,0.7061011904761905,3206,3692,265,-0.07045520440707452,0.46477239779646273,1878,2083,64,-0.051754607422368086,6.120326527465123,7.365368071692566
2023-07-26,7473,4305,0.7046511627906977,4155,2739,223,0.20539599651871193,0.602697998259356,2339,1573,67,0.19580777096114518,13.959020506496563,14.238882632121523
2023-07-27,7490,4392,0.7046937486844875,1944,4978,235,-0.43831262640855245,0.2808436867957238,995,2954,61,-0.49607495568498355,-11.59412239032726,-14.549593164178768
2023-07-28,7401,4315,0.7076280265695307,4823,2045,230,0.4044845661036692,0.7022422830518346,2916,1040,67,0.474216380182002,8.755770670451087,9.423574789154662
2023-07-31,7597,4471,0.6978469899665551,4536,2347,260,0.3180299288101119,0.6590149644050559,2679,1290,70,0.34996220710506426,21.78841851938646,23.66080686146208
2023-08-01,7488,4380,0.7051767676767676,2562,4396,243,-0.2635814889336016,0.3682092555331992,1408,2588,70,-0.2952952952952953,3.7418194504435927,3.4524611289596385
2023-08-02,7455,4348,0.708171206225681,1937,4949,243,-0.43740923613128085,0.28129538193435955,1028,2972,51,-0.486,-20.398119210638743,-23.378172013209987
2023-08-03,7468,4351,0.7061319753872268,2930,3958,233,-0.14924506387921022,0.4253774680603949,1790,2145,75,-0.09021601016518424,-26.527567557207412,-26.412272997958183
2023-08-04,7373,4278,0.7111944295661489,3357,3470,249,-0.016551926175479712,0.49172403691226013,1760,2152,74,-0.10020449897750511,-25.00095117055106,-29.37379241554414
2023-08-07,7394,4339,0.7097257926306769,3568,3242,245,0.04787077826725404,0.523935389133627,2138,1773,64,0.0933265149578113,-20.349554181970436,-22.082471858736593
2023-08-08,7373,4305,0.7108744756373023,2629,4155,266,-0.22494103773584906,0.38752948113207547,1415,2508,75,-0.2786133061432577,-29.911452785979307,-34.3349714784259
2023-08-09,7367,4352,0.711581649021495,2763,4023,248,-0.1856763925729443,0.40716180371352784,1502,2440,60,-0.23795027904616944,-35.97408657033176,-42.606032441013724
2023-08-10,7360,4328,0.7134747215081405,3071,3698,239,-0.09262815777810607,0.45368592111094697,1677,2259,74,-0.14786585365853658,-36.32535628335953,-44.96053813243961
2023-08-11,7322,4246,0.7145631067961165,3245,3495,267,-0.037091988130563795,0.4814540059347181,1929,1958,71,-0.007460766658091073,-33.66725662420438,-39.728583457924266
2023-08-14,7425,4273,0.707436607713616,2831,3961,229,-0.16637220259128385,0.4168138987043581,1644,2228,47,-0.15082644628099173,-37.69025585554169,-42.22490327506906
2023-08-15,7387,4336,0.7119042530455225,1630,5220,224,-0.5240875912408759,0.23795620437956205,805,3100,62,-0.587708066581306,-58.82723835153699,-65.99221321736823
2023-08-16,7376,4374,0.7136620168246193,1997,4825,234,-0.41454119026678393,0.29272940486660803,1022,2937,61,-0.48370800707249306,-71.12790214515068,-80.78329917650652
2023-08-17,7428,4308,0.7104534809452843,2191,4629,251,-0.35747800586510264,0.3212609970674487,1220,2707,82,-0.3786605551311434,-78.43617095788059,-87.77338857861974
2023-08-18,7325,4293,0.7167941398254875,3674,3071,293,0.0893995552260934,0.5446997776130467,2269,1634,73,0.16269536254163464,-61.94868188341546,-66.24325219089455
2023-08-21,7460,4246,0.7092973890893653,2897,3896,265,-0.1470631532459885,0.42646842337700575,1721,2133,72,-0.10690192008303062,-59.36527073893479,-60.9836334496683
2023-08-22,7367,4231,0.7142857142857143,2868,3909,291,-0.15360779105799027,0.42319610447100486,1584,2250,86,-0.17370892018779344,-57.18685974730922,-59.52209126390966
2023-08-23,7361,4223,0.7148235800344234,4656,2082,253,0.38201246660730187,0.691006233303651,2748,1091,68,0.43162281844230266,-28.257371167468204,-27.708275307261673
2023-08-24,7298,4238,0.7175440492919685,1881,4846,218,-0.44076111193697043,0.2796194440315148,885,2973,52,-0.5412130637636081,-44.520050503080405,-49.01071539808688
2023-08-25,7273,4099,0.7195016251354279,3661,2948,305,0.10788318958995309,0.5539415947949765,2166,1570,94,0.15952890792291222,-30.769826006167275,-31.942149514425978
2023-08-28,7330,4190,0.7171314741035857,4303,2343,278,0.29491423412578993,0.647457117062895,2626,1109,77,0.4061579651941098,-9.507982704483865,-4.857362072763896
2023-08-29,7365,4239,0.7162133219104734,4963,1811,236,0.46530853262474164,0.7326542663123708,2891,905,69,0.5231822971549,17.238148156925458,24.175634598260515
2023-08-30,7337,4208,0.7182237477206908,3741,2962,290,0.11621661942413844,0.5581083097120693,2179,1625,86,0.1456361724500526,22.565303642615643,30.00066234375272
2023-08-31,7367,4403,0.7151639344262295,2976,3748,283,-0.11481261154074955,0.44259369422962525,1513,2353,73,-0.2172788411795137,15.455733516423274,16.68530707295147
2023-09-01,7283,4251,0.720618668990306,4201,2531,262,0.24806892453951276,0.6240344622697563,2609,1273,68,0.3441524987120041,27.443849194959796,33.28881877562754
2023-09-05,7375,4365,0.7159224756397902,1872,4913,204,-0.4481945467943994,0.2759027266028003,892,3040,45,-0.5462868769074263,2.743295287438118,2.79640840656592
2023-09-06,7310,4259,0.719451640759931,2411,4317,278,-0.2832936979785969,0.35835315101070153,1385,2534,74,-0.29318703750956876,-10.144352339139981,-10.633592531121721
2023-09-07,7273,4322,0.722288568016502,2364,4350,242,-0.2957998212689902,0.3521000893655049,1242,2665,51,-0.3642180701305349,-21.737875462688226,-25.614627001237352
2023-09-08,7279,4163,0.7195865070729053,3105,3536,296,-0.06489986447824123,0.4675500677608794,1742,2089,85,-0.09057687287914383,-19.996650516471085,-24.61327847561047
2023-09-11,7349,4288,0.7176899957063118,3434,3267,260,0.024921653484554544,0.5124608267422772,2060,1782,73,0.07235814679854242,-13.916844036733288,-15.487308109937134
2023-09-12,7283,4220,0.718102508178844,3138,3537,316,-0.059775280898876404,0.4701123595505618,1831,2034,85,-0.05252263906856404,-12.883871995545352,-13.851206200092058
2023-09-13,7287,4293,0.7197784294558488,2608,4036,301,-0.21493076459963878,0.3925346177001806,1403,2455,76,-0.272680145152929,-19.69403572539006,-23.390958340392302
2023-09-14,7310,4276,0.7208423326133909,4561,2128,266,0.3637314994767529,0.6818657497383764,2863,1033,76,0.4697125256673511,3.514857668039252,5.6891419123669476
2023-09-15,7302,4754,0.7214193270060397,2344,4327,281,-0.29725678309099085,0.35137160845450455,1244,2745,81,-0.3762847831536726,-9.708526897306072,-11.77568352213692
2023-09-18,7381,4329,0.718008972441786,2763,3958,274,-0.17780092248177354,0.4110995387591132,1496,2543,81,-0.25922257984649666,-14.993185035728919,-20.796120685668246
2023-09-19,7351,4278,0.7200642054574639,2791,3957,287,-0.17279193835210432,0.4136040308239478,1599,2316,75,-0.18314176245210728,-19.186152612418365,-24.60057298733971
2023-09-20,7392,4212,0.7182108626198083,2567,4182,294,-0.23929471032745592,0.380352644836272,1238,2577,94,-0.3509829619921363,-26.000347726193322,-36.12243681733357
2023-09-21,7367,4240,0.7220691117235531,1549,5281,195,-0.5464128843338214,0.2267935578330893,738,3100,49,-0.6154247003647734,-47.05239151015821,-59.015105126523515
2023-09-22,7299,4170,0.7226836371480962,3048,3683,265,-0.09433962264150944,0.4528301886792453,1628,2169,81,-0.14248090597840402,-42.2129639032818,-54.64607128592983
2023-09-25,7341,4169,0.722952045284631,3170,3584,245,-0.061297009179745336,0.46935149541012733,2033,1741,67,0.07737148913619502,-36.21205780679787,-39.64469724006261
2023-09-26,7331,4253,0.7231263383297645,1737,5064,206,-0.48919276576973975,0.25540361711513015,818,3002,57,-0.5717277486910994,-52.29501063476985,-59.07526083601056
2023-09-27,7353,4227,0.7214636227864305,3612,3158,262,0.06706056129985229,0.5335302806499261,2223,1639,70,0.15121698601760747,-37.97179389603243,-39.245779670930666
2023-09-28,7358,4177,0.7218472088288868,4059,2703,276,0.2005323868677906,0.6002661934338953,2482,1343,68,0.29777777777777775,-18.861993336534848,-14.767304788424182
2023-09-29,7405,4334,0.7194023524425135,3353,3477,270,-0.01815519765739385,0.4909224011713031,1753,2077,81,-0.0845953002610966,-13.36318311774097,-12.883026141882748
2023-10-02,7303,4282,0.726707408598692,1779,5052,177,-0.47913921826965306,0.2604303908651735,873,3024,50,-0.5519630484988453,-31.64408549569646,-34.57594018026783
2023-10-03,7367,4275,0.7239335238700116,1451,5340,214,-0.5726697099101752,0.21366514504491238,787,3129,51,-0.5980592441266599,-51.79256118339603,-55.25531176357648
2023-10-04,7320,4191,0.7267299285638128,3818,2943,252,0.12941872504067445,0.5647093625203372,2279,1579,70,0.18144116122343182,-33.65612334291971,-33.684877640982904
2023-10-05,7255,4251,0.728161668839635,3162,3497,286,-0.05030785403213696,0.4748460729839315,1934,1899,81,0.009131228802504566,-26.967517326238422,-23.689228699006858
2023-10-06,7231,4189,0.7292210617928634,4181,2440,252,0.26295121582842473,0.6314756079142123,2591,1226,77,0.35761068902279275,-5.450968102316642,2.3994703008921174
2023-10-09,7225,4030,0.7300774010683527,3623,3003,242,0.09357078176878962,0.5467853908843948,2070,1644,63,0.1147011308562197,4.503914621666313,12.547832685972635
2023-10-10,7302,4203,0.7252996436669906,4568,2109,257,0.3682791672906994,0.6841395836453497,2771,948,65,0.49018553374563056,26.72823905365889,39.93616350625716
2023-10-11,7281,4132,0.7289163148208293,3428,3266,270,0.02420077681505826,0.5121003884075291,1886,1831,85,0.014796879203658865,28.392475723962193,39.38407281297055
2023-10-12,7227,4235,0.730748284500599,1495,5209,225,-0.5539976133651552,0.22300119331742244,588,3191,56,-0.6888065625826938,0.763516189441038,3.5349428168280213
2023-10-13,7257,4126,0.7274214659685864,2507,4137,266,-0.2453341360626129,0.37733293196869355,1424,2373,67,-0.2499341585462207,-7.429887928394635,-5.190117842134343
2023-10-16,7243,4227,0.7312574590430726,4546,2121,235,0.36373181340932953,0.6818659067046647,2928,857,61,0.5471598414795245,16.05519846409495,27.23060588495077
2023-10-17,7284,4426,0.7291891891891892,3906,2758,277,0.1722689075630252,0.5861344537815126,2628,1274,78,0.3470015376729882,26.48152604503785,44.80625645185698
2023-10-18,7286,4177,0.7290793855408744,1467,5275,229,-0.5648175615544349,0.21759121922278254,623,3256,50,-0.6787831915442124,-1.5906949593541553,8.320169943442465
2023-10-19,7253,4202,0.7334624072281382,1526,5156,269,-0.5432505237952708,0.22837473810236456,714,3077,78,-0.6233183856502242,-24.50613855535437,-20.143794576269748
2023-10-20,7231,4287,0.7329514751972334,2070,4574,257,-0.37688139674894644,0.3115593016255268,952,2878,88,-0.5028720626631854,-35.657855784841544,-38.35744911839041
2023-10-23,7268,4281,0.7325631151048353,2168,4521,209,-0.3517715652563911,0.32411421737180446,1162,2728,53,-0.4025706940874036,-43.758793162501114,-48.72326807752253
2023-10-24,7217,4184,0.7326366209449162,4139,2516,247,0.24387678437265214,0.6219383921863261,2452,1394,67,0.2750910036401456,-20.683883173135367,-23.459342060815416
2023-10-25,7281,4221,0.7291242362525459,1867,4802,239,-0.4400959664117559,0.27995201679412207,942,2892,60,-0.5086071987480438,-35.050053255582384,-40.926298725636244
2023-10-26,7290,4193,0.7317827803264696,3363,3318,259,0.00673551863493489,0.5033677593174675,2002,1802,73,0.052576235541535225,-24.816304157462138,-27.596743465950897
2023-10-27,7394,4174,0.72163195920102,2075,4631,262,-0.38115120787354606,0.30942439606322697,998,2800,65,-0.47446024223275407,-35.33670348320609,-42.41381389030466
2023-10-30,7298,4193,0.729565124479111,4232,2498,251,0.2576523031203566,0.6288261515601783,2528,1296,53,0.32217573221757323,-12.21478583960596,-15.038541311159213
2023-10-31,7325,4240,0.7270786636780873,4274,2433,248,0.2744893394960489,0.6372446697480244,2589,1217,70,0.3604834471886495,8.45737949365477,10.357895199119755
2023-11-01,7312,4262,0.7297641810070108,3910,2816,241,0.16265239369610468,0.5813261968480523,2201,1625,61,0.1505488761108207,20.49794666612722,21.52333038552122
2023-11-02,7333,4331,0.7304347826086957,5438,1367,186,0.5982365907421014,0.7991182953710507,3225,699,41,0.6437308868501529,52.469351717560365,55.62126135493347
2023-11-03,7303,4407,0.7324033649238633,5308,1506,191,0.5579688875843851,0.7789844437921926,3250,743,29,0.6278487352867518,77.52917112006209,83.70277844883626
2023-11-06,7289,4263,0.7315896666309358,2293,4465,217,-0.3213968629772122,0.3393015685113939,1181,2750,47,-0.3991350801322819,54.59938332552089,55.94477090092724
2023-11-07,7264,4264,0.7332976445396145,3042,3680,219,-0.0949122285034216,0.4525438857482892,1768,2131,59,-0.09310079507566042,46.04564956825009,47.23366484579148
2023-11-08,7249,4207,0.7358693316140125,2661,4024,255,-0.20388930441286462,0.3980553477935677,1306,2564,64,-0.32506459948320415,33.05312516247015,27.951310624044265
2023-11-09,7166,4262,0.7413437533919461,1790,4895,199,-0.4644727000747943,0.2677636499626028,935,2955,39,-0.519280205655527,8.750081386619472,1.6143609027140238
2023-11-10,7224,4245,0.737137916126243,4114,2558,207,0.23321342925659472,0.6166067146282974,2585,1307,57,0.328365878725591,22.811535017903488,21.470501305518997
2023-11-13,7219,4239,0.7382875605815832,3372,3264,244,0.0162748643761302,0.5081374321880651,1865,1975,79,-0.028645833333333332,23.873091953538577,20.48956324044344
2023-11-14,7336,4537,0.7333685880486515,5553,1234,167,0.6363636363636364,0.8181818181818182,3534,449,32,0.7745418026613106,55.6657962731142,59.70779517833382
2023-11-15,7251,4400,0.7380774565240584,3703,3020,249,0.10159155139074817,0.5507957756953741,2279,1777,80,0.12376725838264299,55.831625236341374,60.402117295405056
2023-11-16,7244,4288,0.7376274825550188,2412,4284,244,-0.27956989247311825,0.3602150537634409,1135,2816,68,-0.42546190837762593,36.63617868052559,33.23229378101048
2023-11-17,7171,4310,0.7395844664418579,4461,2185,234,0.3424616310562745,0.6712308155281372,2803,1099,57,0.43669912865197336,51.14246715837008,52.94398505877803
2023-11-20,7277,4328,0.7360136141246544,3993,2645,260,0.2030732148237421,0.6015366074118711,2474,1416,78,0.27197943444730077,56.32021065950868,61.29677646574177
2023-11-21,7262,4217,0.7356691310403943,2097,4584,250,-0.3722496632240683,0.31387516838796586,1135,2726,68,-0.41206941206941206,31.699436397294104,33.929486910531416
2023-11-22,7253,4163,0.7356383549876516,4041,2608,285,0.21552113099714243,0.6077605654985712,2451,1317,87,0.30095541401273884,39.878716932174704,46.01204821038145
2023-11-24,6924,3651,0.7509132420091325,4546,1901,253,0.41026834186443306,0.7051341709322165,2459,955,60,0.44053895723491504,56.40996874820129,63.09175504181014
2023-11-27,7352,4449,0.7313860860329262,2730,3818,202,-0.16615760537568725,0.4169211973121564,1367,2104,65,-0.21233074042062805,41.44084184515698,44.735960724695445
2023-11-28,7257,4372,0.7367349126380105,3228,3507,271,-0.04142538975501114,0.47928730512249446,1749,2223,77,-0.11933534743202417,34.67164491486213,33.46784642936911
2023-11-29,7250,4379,0.7407407407407407,4076,2633,237,0.21508421523326873,0.6075421076166344,2392,1573,70,0.20655737704918034,41.53610356429971,39.96090569877848
2023-11-30,7333,4461,0.7354838709677419,3643,3096,261,0.08116931295444428,0.5405846564772221,2151,1817,85,0.08417338709677419,40.50179007780612,39.193467348009285
2023-12-01,7228,4508,0.7422350304194685,5342,1448,183,0.5734904270986745,0.7867452135493372,3414,672,37,0.671071953010279,64.03099880367658,67.68626851703682
2023-12-04,7308,4519,0.7373705347706616,3632,3089,235,0.08079154887665525,0.5403957744383276,2420,1683,71,0.17962466487935658,59.19337335917649,67.13681776742406
2023-12-05,7270,4379,0.7390243902439024,2209,4517,249,-0.3431460005947071,0.32842699970264644,1068,2988,71,-0.47337278106508873,33.564359263764906,33.68148099044577
2023-12-06,7258,4447,0.7398002549936251,3249,3453,243,-0.03043867502238138,0.4847806624888093,1915,2094,71,-0.044649538538288853,27.119096694485464,26.344922767517094
2023-12-07,7257,4379,0.7395556500478367,4095,2611,243,0.22129436325678498,0.6106471816283925,2539,1493,68,0.2594246031746032,34.05945362823743,35.1441479587201
2023-12-08,7216,4296,0.7413719185423365,3721,2946,257,0.11624418779061046,0.5581220938953052,2369,1563,90,0.20498474059003052,34.57065276514544,39.76977162817643
2023-12-11,7234,4419,0.7410418226548294,3010,3670,230,-0.09880239520958084,0.4505988023952096,1990,1981,70,0.002266431629312516,24.082545613366506,33.38991555938482
2023-12-12,7254,4411,0.7392001710863987,2947,3731,261,-0.11740041928721175,0.4412997903563941,1779,2224,74,-0.11116662503122658,14.06490006664714,22.096536209744098
2023-12-13,7235,4617,0.7436332767402377,5407,1357,170,0.5987581312832644,0.7993790656416322,3546,561,36,0.7268078889700511,41.23741615239266,54.228939884816434
2023-12-14,7328,4731,0.7415519399249061,4883,1915,172,0.4365989997057958,0.7182994998528979,3135,1150,47,0.4632438739789965,56.155773746069684,68.25279957802648
2023-12-15,7266,4771,0.7422987040577863,2608,4174,224,-0.23090533765850782,0.3845473311707461,1530,2800,67,-0.29330254041570436,35.254973751718005,42.0746148980959
2023-12-18,7292,4609,0.739652448657188,3092,3636,252,-0.08085612366230678,0.4595719381688466,1991,2251,79,-0.061291843470061294,24.710975587598778,31.082428769546922
2023-12-19,7259,4673,0.7425500212856535,5065,1706,207,0.49608625018461083,0.7480431250923054,3347,893,64,0.5787735849056603,44.41942097168474,53.53196890457588
2023-12-20,7268,4666,0.7455441392325435,1825,4933,216,-0.45989937851435336,0.2700503107428233,796,3489,57,-0.6284714119019836,13.248763235271591,12.096416035120585
2023-12-21,7186,4466,0.7479726845924028,4942,1775,222,0.4714902486228971,0.7357451243114486,3370,792,63,0.6194137433925997,33.10108841132452,39.00279401628987
2023-12-22,7189,4448,0.7484478698351531,4345,2316,232,0.30460891757994296,0.6523044587899715,2756,1300,72,0.358974358974359,41.56525444264543,48.79076399919613
2023-12-26,7204,4447,0.7469168900804289,4607,2072,215,0.3795478365024704,0.6897739182512352,3060,964,70,0.5208747514910537,52.34123607333799,65.01054414041973
2023-12-27,7227,4534,0.7462181318100074,3850,2823,250,0.15390379139817173,0.5769518956990859,2308,1761,85,0.1344310641435242,50.010791931998476,59.23121907308732
2023-12-28,7263,4572,0.7439165701042874,3081,3618,233,-0.08016121809225257,0.4599193909538737,1923,2201,88,-0.06741028128031037,36.06495775697199,43.90167277396097
2023-12-29,7279,4701,0.7455291394908479,1953,4781,238,-0.41995841995842,0.29002079002079,995,3206,72,-0.5263032611283028,6.971084655231122,7.630753331938495
2024-01-02,7178,4490,0.7511926216474081,3118,3603,189,-0.07216188067251897,0.46391905966374053,1759,2392,61,-0.15249337509033967,-0.5492053057384316,-4.728542255752255
2024-01-03,7172,4480,0.7507711945537708,1878,4818,197,-0.4390681003584229,0.28046594982078854,814,3333,49,-0.6074270557029178,-25.321618180133903,-38.018781302577985
2024-01-04,7141,4373,0.7507274490785645,3261,3373,221,-0.016882725354235757,0.49155863732288213,1988,2046,71,-0.014377788795240456,-25.26615434663201,-36.639378435717234
2024-01-05,7096,4414,0.75365141187926,3098,3465,276,-0.05591954898674387,0.47204022550662805,1886,2091,95,-0.05154639175257732,-27.044243178880134,-37.13522224023954
2024-01-08,7169,4418,0.748417551764832,4653,2000,190,0.39876747332030665,0.6993837366601533,2965,1070,40,0.46964064436183395,-5.694936799205346,-11.31414077618436
2024-01-09,7063,4331,0.7563435263500325,2272,4308,240,-0.30942249240121583,0.3452887537993921,1125,2863,65,-0.4358074222668004,-22.822303446663504,-34.45294875196797
2024-01-10,7044,4283,0.7567243820102363,3347,3165,233,0.027948402948402947,0.5139742014742015,1990,1930,83,0.015306122448979591,-20.483545645525975,-31.508687591714114
2024-01-11,7100,4335,0.7516488269002054,2357,4173,238,-0.2781010719754977,0.36094946401225114,1361,2568,76,-0.3072028505981166,-33.68396374352079,-44.959249514093315
2024-01-12,7087,4199,0.7547925917903173,3227,3303,257,-0.011638591117917305,0.49418070444104134,1725,2165,78,-0.11311053984575835,-31.478777355709738,-46.53006817253916
2024-01-16,7203,4420,0.7509793541556379,1726,4885,221,-0.4778399636968689,0.26108001815156556,986,2941,53,-0.49783549783549785,-52.74601773630032,-66.87671568413464
2024-01-17,7102,4278,0.753895754970446,2077,4554,222,-0.3735484843914945,0.31322575780425277,1151,2822,61,-0.4205889755852001,-65.45120420775505,-80.07638961561321
2024-01-18,7066,4217,0.7557524035864751,3400,3152,221,0.03785103785103785,0.518925518925519,2173,1699,60,0.12241735537190082,-55.416906507683436,-63.811412331094274
2024-01-19,7089,4295,0.7543745949449125,4133,2406,230,0.26410766172197586,0.6320538308609879,2505,1373,66,0.2919030428055699,-35.2476662480369,-41.11151531949166
2024-01-22,7172,4351,0.7515977844056242,4660,1985,182,0.40255831452219715,0.7012791572610986,3020,945,57,0.5233291298865069,-10.904194854787857,-9.926241443927102
2024-01-23,7095,4256,0.7549125458864177,3180,3365,293,-0.02826585179526356,0.48586707410236823,1920,2009,86,-0.02265207431916518,-11.577214155159023,-10.512261283383381
2024-01-24,7120,4269,0.7555318011758418,2892,3690,225,-0.12123974475843209,0.43938012762078393,1378,2526,59,-0.29405737704918034,-16.743454234359003,-24.53101207620234
2024-01-25,7097,4252,0.7568762808758495,4264,2354,211,0.28860682985796315,0.6443034149289816,2581,1301,70,0.3297269448737764,-0.5845435000834277,-5.2051728475337
2024-01-26,7107,4146,0.75610543302851,3585,2937,289,0.09935602575896964,0.5496780128794848,2111,1704,84,0.10668414154652686,3.771707690272932,0.19230539085317822
2024-01-29,7151,4286,0.7543540976600064,4595,2015,223,0.3903177004538578,0.6951588502269289,2865,974,56,0.49257619171659284,22.025527654320655,24.10079026622299
2024-01-30,7116,4197,0.7563386334336055,2632,3950,257,-0.2002430872075357,0.39987845639623215,1292,2577,53,-0.33212716464202635,7.994376702240187,3.186873065402107
2024-01-31,7141,4381,0.7578265945028123,1765,4860,220,-0.4671698113207547,0.2664150943396226,774,3112,62,-0.6016469377251673,-17.388565450960762,-28.18644916078381
2024-02-01,7111,4342,0.7574204569720264,4450,2194,187,0.3395544852498495,0.6697772426249248,2820,1183,53,0.4089432925306021,1.3321766638374373,-4.340195905580377
2024-02-02,7105,4269,0.7572587532023911,2294,4284,249,-0.30252356339312864,0.3487382183034357,1328,2595,74,-0.32296711700229414,-14.772152143478193,-20.525468869498354
2024-02-05,7142,4320,0.7564034435115315,1597,5030,197,-0.5180322921382224,0.24098385393088878,849,3090,49,-0.5689261233815689,-39.24292895027036,-46.55920022826447
2024-02-06,7040,4209,0.7615915462583567,4351,2239,214,0.3204855842185129,0.6602427921092564,2714,1199,46,0.3871709685663174,-18.04333465748954,-20.780389941473867
2024-02-07,7099,4277,0.7575432191560185,2937,3599,236,-0.10128518971848226,0.4493574051407589,1680,2207,64,-0.13558013892462054,-20.916003560724256,-24.773160571107425
2024-02-08,7062,4228,0.7607733016524463,3897,2617,269,0.19649984648449492,0.5982499232422475,2504,1373,66,0.2917204023729688,-8.378303645037455,-6.698086591709111
2024-02-09,7100,4251,0.7585612750376911,4382,2158,238,0.3400611620795107,0.6700305810397553,2651,1220,54,0.3696719194006717,9.561387080850736,12.687167945020134
2024-02-12,7170,4430,0.7563829787234042,4688,1961,203,0.4101368626861182,0.7050684313430591,2952,1007,66,0.49128567820156605,28.35580074641126,35.278812674243255
2024-02-13,7112,4468,0.7588304343186426,951,5737,174,-0.71561004784689,0.142194976076555,368,3740,34,-0.8208373904576436,-12.004100099916958,-11.187878578602671
2024-02-14,7066,4332,0.7609798208697529,4993,1610,189,0.5123428744510071,0.7561714372255035,3236,785,46,0.609549863218105,14.945851291866864,20.658402476894505
2024-02-15,7094,4436,0.7598272138228942,4897,1666,205,0.49230534816394944,0.7461526740819747,3195,835,48,0.5856079404466501,36.9114541610298,46.58658462838738
2024-02-16,7094,4342,0.7601683029453016,2353,4195,230,-0.2813072693952352,0.3593463653023824,1397,2628,73,-0.3058385093167702,16.826856465399743,23.94992495660083
2024-02-20,7170,4454,0.7573155216284987,2452,4154,216,-0.2576445655464729,0.37117771722676357,1260,2771,55,-0.374844951624907,0.7535263457471575,1.0255091970334893
2024-02-21,7066,4267,0.7640557939914163,2860,3682,266,-0.12564964842555792,0.43717517578722104,1793,2201,74,-0.10215322984476716,-6.393192682238793,-4.945407734374765
2024-02-22,7082,4368,0.764712164904411,3492,3023,262,0.07198772064466616,0.5359938603223331,2095,1853,78,0.061296859169199594,-2.5898030342443796,-1.8533102213586123
2024-02-23,7133,4261,0.7585318737926594,3738,2824,260,0.13928680280402317,0.5696434014020115,2171,1738,82,0.1107700179073932,4.039998237929915,3.273357640286672
2024-02-26,7153,4327,0.758444326052211,3259,3354,244,-0.014365643429608348,0.49281717828519583,1985,1927,72,0.014826175869120654,2.0056560227677127,2.84309977187833
2024-02-27,7167,4339,0.7571656899307405,3882,2766,236,0.16787003610108303,0.5839350180505415,2593,1380,57,0.3053108482255223,9.368049125224761,16.98524741334989
2024-02-28,7096,4339,0.7618638608546274,2600,4001,235,-0.21224056961066506,0.39387971519466747,1413,2563,53,-0.2892354124748491,-3.389475303387993,-0.7354556252772461
2024-02-29,7110,4445,0.7623371074556718,4066,2546,208,0.22988505747126436,0.6149425287356322,2498,1504,62,0.248375812093953,7.8260700407615165,10.997581783263044
2024-03-01,7111,4388,0.7627842425536457,3960,2632,234,0.20145631067961164,0.6007281553398058,2481,1529,76,0.2374064837905237,15.954793620222903,20.425874443477216
2024-03-04,7210,4455,0.7571353343865193,2822,3817,225,-0.14987196866998043,0.4250640156650098,1702,2359,61,-0.16178281211524256,5.258664345081671,8.425470500454633
2024-03-05,7153,4439,0.7620207583139166,2620,4065,219,-0.2161555721765146,0.3919222139117427,1406,2673,52,-0.3106153468987497,-7.2269996822162,-9.318628962507308
2024-03-06,7147,4407,0.7616668438396939,4100,2531,232,0.23661589503845573,0.6183079475192279,2553,1484,75,0.26480059450086696,4.772465933603716,4.327556211453601
2024-03-07,7153,4329,0.7606755895474825,4096,2499,269,0.24215314632297194,0.621076573161486,2496,1474,74,0.25743073047858944,15.285009269687539,15.604913553019031
2024-03-08,7124,4386,0.7633287219325317,3411,3174,276,0.03599088838268793,0.5179954441913439,2003,1989,75,0.0035070140280561123,13.888695878676568,12.472843689765714
2024-03-11,7155,4400,0.7602252204398173,3016,3595,257,-0.0875813038874603,0.45620934805626984,1807,2194,81,-0.09672581854536366,6.446794836461396,4.720918109564313
2024-03-12,7157,4398,0.7614639855303755,3108,3519,229,-0.06201901312811227,0.46899049343594384,1873,2122,85,-0.0623279098873592,1.329850009152516,-0.21068741915548223
2024-03-13,7120,4447,0.764605906097302,3548,3067,242,0.072713529856387,0.5363567649281935,2192,1874,64,0.07820954254795869,3.684840080982625,2.600715912650764
2024-03-14,7096,4468,0.7637609766545299,1471,5155,190,-0.5559915484455177,0.22200422577724116,758,3361,52,-0.631949502306385,-25.75532152310278,-30.51649006093534
2024-03-15,7062,4612,0.7695619416639758,3566,2970,247,0.09118727050183599,0.545593635250918,2303,1816,88,0.11823258072347657,-18.438942139612607,-21.1700145665537
2024-03-18,7165,4336,0.7636344382081965,3027,3596,217,-0.08591272837082893,0.4570436358145855,1728,2310,64,-0.14413075780089152,-20.94624299966369,-26.191094872243035
2024-03-19,7116,4389,0.7635135135135135,3984,2618,265,0.20690699787943048,0.6034534989397152,2476,1471,86,0.25462376488472255,-8.344267707496074,-10.415436924965496
2024-03-20,7103,4383,0.7659415653657496,4903,1711,227,0.48261263985485336,0.7413063199274267,3162,856,49,0.5739173718267795,16.257424604615863,19.089508151684477
2024-03-21,7126,4429,0.7648499041941665,4015,2603,229,0.2133575098216984,0.6066787549108492,2478,1540,72,0.23344947735191637,23.747827906790747,27.19739392771862
2024-03-22,7057,4310,0.7691311386940097,2243,4361,219,-0.32071471835251364,0.3396426408237432,1075,2909,64,-0.4603413654618474,3.329772181905711,-0.6958928440989643
2024-03-25,7094,4321,0.7679144385026738,2848,3715,239,-0.1321042206308091,0.43394788968459547,1777,2130,89,-0.09035065267468646,-4.7137894376952945,-6.041637930424458
2024-03-26,7096,4332,0.7680511182108626,2911,3662,243,-0.11425528677924844,0.4428723566103758,1695,2246,76,-0.13981223039837604,-10.675018982687648,-13.055120675765114
2024-03-27,7072,4381,0.7707108498129343,4862,1736,216,0.4737799333131252,0.7368899666565626,3180,815,63,0.5919899874843555,13.683265855876016,17.60373807448403
2024-03-28,7131,4495,0.7668080593849417,4041,2585,217,0.21974041654089949,0.6098702082704498,2632,1395,78,0.30717655823193446,21.73920722495728,29.48837215295358
2024-04-01,7172,4444,0.7673981191222571,2478,4211,178,-0.2590820750485872,0.37045896247570637,1329,2750,53,-0.3483696984555038,4.5772164799226385,6.724979594908361
2024-04-02,7097,4390,0.7706918505942275,1866,4800,198,-0.44014401440144013,0.27992799279927993,967,3089,62,-0.5231755424063116,-19.17226865712424,-21.511638137735233
2024-04-03,7091,4371,0.7721278615887752,3679,2916,221,0.1156937073540561,0.557846853677028,2338,1685,70,0.1623166790952026,-11.590331018238889,-11.27177703338112
2024-04-04,7067,4410,0.7727030767592888,2433,4165,207,-0.26250378902697785,0.36874810548651105,1159,2866,68,-0.42409937888198757,-23.959697500952412,-31.78113980285095
2024-04-05,7045,4252,0.7734106529209622,3522,2982,271,0.08302583025830258,0.5415129151291513,2263,1650,93,0.1566572961921799,-17.139226391903698,-20.119905518025035
2024-04-08,7055,4310,0.7714285714285715,3777,2741,243,0.158944461491255,0.5794722307456275,2354,1543,78,0.20810880164228893,-7.426095900059905,-7.4763754044033
2024-04-09,7094,4261,0.7701492537313432,3593,2928,268,0.10197822419874253,0.5509891120993713,2322,1561,82,0.19598248776719032,-1.9325507146587853,2.76490902601037
2024-04-10,7086,4438,0.7728569918613254,1358,5267,189,-0.5900377358490566,0.2049811320754717,661,3308,40,-0.6669186192995716,-31.82670482995749,-31.637672684454095
2024-04-11,7020,4285,0.7739718672822936,3425,3129,237,0.04516325907842539,0.5225816295392127,2240,1731,86,0.1281792999244523,-25.467023328013997,-21.13879572227774
2024-04-12,7048,4285,0.7738273720282716,1279,5305,161,-0.6114823815309842,0.1942588092345079,479,3484,36,-0.7582639414584911,-52.73444255768272,-56.378724010152744
2024-04-15,7098,4470,0.7719483816374022,1324,5308,173,-0.6007237635705669,0.19963811821471653,745,3279,58,-0.6297216699801192,-75.24648288824022,-79.79985550231652
2024-04-16,7064,4374,0.7740226718932091,2485,4117,219,-0.24719781884277492,0.37640109057861254,1370,2672,71,-0.322117763483424,-76.44174772003609,-84.04572832577021
2024-04-17,6981,4244,0.7791121595539352,2730,3776,239,-0.1607746695358131,0.41961266523209345,1434,2513,71,-0.27337218140359765,-72.76033294727327,-84.81844184420295
2024-04-18,7021,4307,0.7750539956803456,3074,3408,235,-0.05152730638691762,0.4742363468065412,1922,2010,69,-0.022380467955239063,-63.78655349437992,-72.505434020824
2024-04-19,6967,4264,0.777826039743729,3712,2760,231,0.14709517923362175,0.5735475896168108,2343,1608,57,0.18602885345482156,-45.863915013657234,-51.194819091227835
2024-04-22,7014,4299,0.7779208239459285,4263,2227,228,0.31371340523882896,0.6568567026194145,2699,1220,78,0.3773921918856851,-21.979828237310684,-23.150102309423797
2024-04-23,7002,4224,0.7776694823478449,4890,1653,200,0.4947271893626777,0.7473635946813388,3030,885,61,0.5478927203065134,7.601654303844602,9.468907471607187
2024-04-24,6980,4220,0.775709027928123,2749,3692,267,-0.1464058376028567,0.4267970811985716,1632,2243,77,-0.1576774193548387,0.7991622567364264,2.0323093139630393
2024-04-25,6949,4233,0.7789977171431678,2297,4151,230,-0.287531017369727,0.35623449131513646,1408,2461,80,-0.27216334970276557,-12.07722324316826,-10.06044017478886
2024-04-26,6948,4170,0.7808951965065503,3957,2494,220,0.22678654472174856,0.6133932723608743,2426,1411,72,0.2645295804013552,2.689731375202852,6.485207718408242
2024-04-29,7013,4226,0.7780516557710856,4118,2367,215,0.2700077101002313,0.6350038550501157,2508,1336,75,0.3048907388137357,17.463087185958276,22.617368549118748
2024-04-30,7042,4317,0.7781336749946616,1674,4914,185,-0.4918032786885246,0.2540983606557377,764,3171,50,-0.6116899618805591,-8.08355847121342,-9.531755818084104
2024-05-01,6955,4260,0.7825201072386059,3934,2572,209,0.20934521979711035,0.6046726098985552,2386,1553,52,0.21147499365321148,5.171902208542592,4.186649403736406
2024-05-02,6942,4255,0.7828441459980505,4493,1951,217,0.39447548106765984,0.6972377405338299,2862,1038,69,0.4676923076923077,25.735974642218746,28.705818323329073
2024-05-03,7013,4217,0.7788028320102982,4350,2156,195,0.33722717491546267,0.6686135874577314,2639,1253,63,0.35611510791366907,40.3271613921909,43.94731866903223
2024-05-06,7083,4305,0.7766319370614502,4402,2140,225,0.345765820849893,0.6728829104249465,2734,1165,68,0.40241087458322644,53.02792255317767,59.07385320474113
2024-05-07,7021,4318,0.7789485001612729,3322,3251,236,0.01080176479537502,0.5054008823976875,1975,1970,74,0.0012674271229404308,46.873730930329565,51.65449859373424
2024-05-08,7017,4198,0.7776580846709038,3007,3532,222,-0.08028750573482184,0.4598562471325891,1779,2106,72,-0.08416988416988418,36.82306491163294,40.78081234371346
2024-05-09,6976,4213,0.7812770562770562,4193,2343,198,0.2830477356181151,0.6415238678090576,2661,1194,49,0.38054474708171204,46.212392208736006,54.515638100806925
2024-05-10,6984,4216,0.7815171518233958,2611,3871,231,-0.19438444924406048,0.40280777537796975,1527,2333,77,-0.20880829015544042,30.13759584360667,36.51868407076018
2024-05-13,7069,4282,0.7767124746990519,3396,3103,239,0.04508385905523927,0.5225419295276197,2008,1890,71,0.030271934325295024,28.21637238716804,32.902706178753185
2024-05-14,7017,4356,0.7804721030042918,4065,2480,221,0.24216959511077157,0.6210847975553858,2675,1286,58,0.3506690229739965,36.2869312727538,45.66638598262851
2024-05-15,7057,4336,0.7779556124626548,4079,2493,193,0.24132684114424832,0.6206634205721242,2434,1550,62,0.22188755020080322,42.963686765239686,49.9119266463691
2024-05-16,7060,4312,0.77708845865868,3120,3423,259,-0.04630903255387437,0.4768454837230628,1840,2112,69,-0.06882591093117409,34.07570059258279,38.75663122403661
2024-05-17,7019,4283,0.7785075912565952,3283,3228,254,0.00844724312701582,0.5042236215635079,1963,1963,76,0.0,29.04390769604273,32.46636602838084
2024-05-20,7061,4333,0.7790635948614503,3290,3257,232,0.005040476554146938,0.5025202382770735,1917,2026,60,-0.02764392594471215,24.426166902377332,25.54366115871765
2024-05-21,7068,4244,0.777137367915466,2849,3700,226,-0.12994350282485875,0.4350282485875706,1620,2282,66,-0.16965658636596617,13.606668720331237,12.396397168299336
2024-05-22,7096,4298,0.777472236911687,2410,4141,252,-0.2642344680201496,0.3678827659899252,1373,2505,75,-0.2919030428055699,-2.426583828684371,-5.018818351330008
2024-05-23,7047,4391,0.7801041555957062,1361,5270,181,-0.58950384557382,0.20524807721309002,658,3306,48,-0.6680121089808274,-32.38635071663282,-38.68918683761933
2024-05-24,6955,4193,0.7836659033911242,4328,2199,210,0.32618354527347937,0.6630917726367397,2594,1286,83,0.3371134020618557,-12.055650109880602,-17.027630407074447
2024-05-28,7072,4461,0.780283778060144,2607,3935,201,-0.20299602568022013,0.39850198715988994,1602,2348,68,-0.1888607594936709,-21.071601388243035,-24.720569584699522
2024-05-29,7036,4298,0.7805321081312105,1581,5032,182,-0.5218508997429306,0.2390745501285347,836,3193,52,-0.5850086870191115,-44.617625427437225,-50.9818261099175
2024-05-30,7003,4246,0.7821211150272349,4239,2295,226,0.2975206611570248,0.6487603305785123,2632,1273,66,0.3480153649167734,-23.557809808813303,-26.52908871163504
2024-05-31,7079,4345,0.7804801010739103,4328,2261,197,0.3137046592806192,0.6568523296403096,2660,1261,62,0.35679673552665137,-4.624678499666061,-5.050284262051463
2024-06-03,7148,4365,0.7771434502802574,3118,3526,204,-0.061408789885611076,0.4692956050571945,1602,2345,73,-0.18824423612870533,-7.169400296158349,-13.912703619115081
2024-06-04,7070,4266,0.7787930301742456,2415,4205,218,-0.270392749244713,0.3648036253776435,1213,2749,65,-0.38768298838970217,-19.75848839863356,-31.392446264358735
2024-06-05,7068,4318,0.7776001705029838,4111,2467,220,0.24992398905442384,0.6249619945272119,2607,1323,65,0.3267175572519084,-4.407529369299858,-10.460636712639744
2024-06-06,7027,4267,0.7831376734258271,2812,3683,289,-0.13410315627405697,0.4329484218629715,1582,2328,92,-0.19079283887468032,-10.461779018797081,-18.387156168686236
2024-06-07,7056,4260,0.7791916167664671,1924,4599,222,-0.41008738310593285,0.2949563084470336,975,2921,58,-0.49948665297741274,-29.38506491561702,-40.50708522789918
2024-06-10,7084,4297,0.7789126502819449,3222,3350,212,-0.019476567255021303,0.49026171637248933,2030,1860,72,0.043701799485861184,-25.8870082402744,-32.057666524223066
2024-06-11,7051,4204,0.7810296945097202,2774,3787,246,-0.15439719554945894,0.4228014022252705,1491,2356,91,-0.2248505328827658,-29.51276615637697,-38.10074181839021
2024-06-12,7125,4343,0.7787758512638395,4227,2373,226,0.2809090909090909,0.6404545454545455,2512,1391,79,0.2872149628490904,-10.699911020935295,-17.473792699218357
2024-06-13,7040,4210,0.781319970146071,2259,4334,231,-0.31472774154406186,0.34263612922796904,1156,2752,72,-0.4083930399181167,-24.343261947685622,-34.53078237719069
2024-06-14,7038,4244,0.7814207650273224,1724,4828,231,-0.47374847374847373,0.26312576312576313,852,3030,60,-0.5610510046367851,-43.837647290539316,-56.57475287590452
2024-06-17,7152,4299,0.7768015897918628,3497,3110,224,0.058574239443014986,0.5292871197215074,2223,1688,68,0.1367936589107645,-33.6700228626521,-40.24724071054782
2024-06-18,7057,4360,0.7826594502812267,3078,3560,219,-0.07261223260018078,0.4636938836999096,1774,2187,69,-0.1042665993436001,-31.367677464655053,-38.13899451833334
2024-06-20,7115,4385,0.7805209749973847,3024,3564,255,-0.08196721311475409,0.45901639344262296,1884,2097,97,-0.053504144687264506,-29.710082787772972,-33.607626318581524
2024-06-21,7000,4581,0.7852413498504912,3322,3206,247,0.017769607843137254,0.5088848039215687,2081,1932,79,0.03712932967854473,-23.15744787720536,-25.033594657910335
2024-06-24,7058,4355,0.7846849689702324,3928,2598,224,0.20380018387986515,0.6019000919399325,2488,1531,77,0.23811893505847226,-8.13762898744763,-7.528149345750544
2024-06-25,7077,4326,0.7811244979919679,2436,4114,250,-0.25618320610687023,0.3719083969465649,1237,2715,77,-0.37398785425101216,-18.254165191104303,-23.1286923225994
2024-06-26,7018,4292,0.7858885941644562,3106,3440,234,-0.051023525817293004,0.4744882370913535,1843,2083,80,-0.061130922058074376,-16.55454880479638,-20.708666496545277
2024-06-27,7016,4286,0.7852277564921243,4056,2469,231,0.2432183908045977,0.6216091954022989,2500,1438,79,0.2696800406297613,-0.3065082193845839,-1.9954529483944965
2024-06-28,7028,4560,0.7859934509348262,3609,2925,221,0.1046831955922865,0.5523415977961432,2295,1698,81,0.14951164537941397,6.660339261623866,8.005902137499032
2024-07-01,7040,4323,0.7878978224455612,2315,4280,175,-0.2979529946929492,0.3510235026535254,1265,2789,54,-0.3759250123334978,-7.548117352683812,-9.754801660395087
2024-07-02,6984,4229,0.78788522848034,3629,2933,192,0.10606522401706797,0.5530326120085339,2223,1726,57,0.12585464674601166,0.5423037643473988,0.19755355468289298
2024-07-03,6835,3892,0.7951400239729759,3830,2555,235,0.19968676585747847,0.5998433829287392,2106,1569,66,0.14612244897959184,12.13797939260787,9.719219607480158
2024-07-05,6966,4257,0.7892491467576792,2881,3524,209,-0.10039032006245122,0.4498048399687744,1504,2182,51,-0.18393922951709168,6.98773786181105,1.3085640597502377
2024-07-08,7068,4243,0.7832211942809083,3587,2904,245,0.10522261592974888,0.5526113079648745,2345,1532,78,0.2096982202734073,12.82998946328072,13.792783235667356
2024-07-09,7201,4172,0.7754506616651037,2755,3858,235,-0.16679268108271586,0.4166036594586421,1602,2260,61,-0.170378042465044,4.160199784597647,5.394013577975594
2024-07-10,7014,4245,0.787894904797362,4380,2216,238,0.328077622801698,0.664038811400849,2624,1198,74,0.37310308738880166,21.470243804621326,25.36015194545154
2024-07-11,7044,4469,0.7866624525916561,5267,1384,160,0.5838219816568937,0.7919109908284468,3326,647,32,0.674301535363705,48.95019816547824,57.36432188866138
2024-07-12,7027,4371,0.7862984599044078,4627,1921,237,0.41325595601710446,0.7066279780085523,2930,1124,79,0.4454859398125308,63.67250687119405,73.00028580310378
2024-07-15,7059,4456,0.7877870563674322,3928,2653,215,0.19373955325938308,0.5968697766296915,2654,1391,75,0.3122373300370828,64.96589814233906,79.34160303216412
2024-07-16,6998,4513,0.7895793701120271,5081,1542,178,0.5343499924505511,0.7671749962252755,3475,694,44,0.6670664427920364,82.77744014801473,102.10817688559757
2024-07-17,6997,4394,0.791957671957672,2642,3917,202,-0.194389388626315,0.40280530568684253,1612,2518,54,-0.21937046004842614,61.15545230828405,76.74121150383206
2024-07-18,7045,4342,0.7878819699674472,1499,5096,186,-0.5454131918119788,0.2272934040940106,696,3347,50,-0.6557012119713085,24.811685284489712,32.852212448759275
2024-07-19,6914,4230,0.7912301544443244,2312,4190,229,-0.2888342048600431,0.35558289756997846,1298,2644,66,-0.34145104008117705,6.442655400319885,10.875365788934808
2024-07-22,7048,4296,0.7875118458460566,4534,1936,226,0.4015455950540958,0.7007727975270479,2939,956,78,0.5091142490372272,25.223911568060025,34.55904952176043
2024-07-23,7010,4372,0.7892671545232792,3564,3001,234,0.08575780654988575,0.5428789032749429,2274,1682,72,0.14964610717896865,25.36637660842704,36.66239677280461
2024-07-24,6994,4293,0.7919831223628692,1528,5064,186,-0.5364077669902912,0.23179611650485438,788,3212,40,-0.606,-5.746926342110142,0.495141329634928
2024-07-25,7032,4316,0.7888572333016778,4030,2532,215,0.2282840597378848,0.6141420298689424,2529,1428,70,0.27824109173616374,5.914525603299917,13.781716805884859
2024-07-26,6990,4230,0.7895746722097857,4892,1695,190,0.48534993168361923,0.7426749658418096,3056,890,56,0.548910288900152,28.70878798589574,38.60629011224854
2024-07-29,7034,4265,0.789873417721519,2458,4092,220,-0.24946564885496184,0.3752671755725191,1371,2516,69,-0.29457164908669925,11.31355935615664,17.464171939285677
2024-07-30,6980,4271,0.7908336877924288,3304,3230,227,0.011325374961738598,0.5056626874808693,2029,1881,71,0.037851662404092073,9.423622271783946,15.921505616245572
2024-07-31,7038,4386,0.7896450325561857,3968,2551,239,0.21736462647645344,0.6086823132382267,2399,1530,86,0.22117587172308475,18.062570529022118,23.689128847914695
2024-08-01,6995,4400,0.7932884494003787,1759,4835,176,-0.4664846830451926,0.2667576584774037,715,3349,44,-0.6481299212598425,-8.83390703976666,-13.253288582394148
2024-08-02,7055,4430,0.790426638917794,1350,5274,159,-0.592391304347826,0.20380434782608695,615,3473,40,-0.699119373776908,-38.0815568910139,-47.32226166824952
2024-08-05,7162,4638,0.7876177930894721,843,5881,124,-0.7492563950029745,0.1253718024985128,455,3724,31,-0.7822445561139029,-70.74114426213265,-80.37088146516437
2024-08-06,7032,4288,0.7919749869723814,4310,2355,194,0.2933233308327082,0.6466616654163541,2551,1509,75,0.2566502463054187,-46.18239945134439,-56.28085686323466
2024-08-07,6969,4310,0.7927946908248182,2516,4057,175,-0.2344439373193367,0.38277803134033167,1194,2783,56,-0.399547397535831,-51.342124048465934,-68.21236373633107
2024-08-08,6972,4200,0.7934401868166862,4856,1686,166,0.484561296239682,0.7422806481198411,3181,742,45,0.6217180729033903,-19.5467162808116,-27.00946677218577
2024-08-09,6850,4119,0.8001737619461338,2983,3451,229,-0.07273857631333541,0.4636307118433323,1686,2123,72,-0.11472827513783145,-20.12890268571396,-28.468259936041697
2024-08-12,6991,4246,0.7944684893909004,2408,4034,211,-0.25240608506674944,0.3737969574666253,1300,2534,69,-0.3218570683359416,-29.509402986147606,-39.929626451363816
2024-08-13,6979,4206,0.7958298052497883,4874,1686,169,0.48597560975609755,0.7429878048780488,3057,845,45,0.566888774987186,-0.46309898694528623,-5.092154523551031
2024-08-14,6934,4179,0.7960695876288659,3095,3405,220,-0.047692307692307694,0.47615384615384615,1662,2171,67,-0.1327941560135664,-2.309589445112838,-10.264801802690966
2024-08-15,6945,4267,0.7959794696321643,4774,1753,180,0.4628466370461161,0.7314233185230581,3171,696,39,0.6400310318076028,21.650156397300663,24.00516817371631
2024-08-16,6957,4229,0.7931996138582001,3826,2662,216,0.17940813810110975,0.5897040690505548,2177,1690,73,0.12593741918800103,27.855563363327384,27.481286031695856
2024-08-19,7021,4296,0.7936222057421337,4625,1901,220,0.4174072939013178,0.7087036469506589,2938,965,63,0.5055085831411734,44.92186629247399,49.294518567768506
2024-08-20,6926,4171,0.7981995498874719,2359,4153,227,-0.2754914004914005,0.36225429975429974,1129,2744,69,-0.41698941389104055,24.64401124579606,21.57345994166109
2024-08-21,6976,4175,0.7951640391989774,4569,1933,238,0.4054137188557367,0.7027068594278684,2863,942,76,0.5048620236530881,41.22848109201431,43.856659393837376
2024-08-22,6949,4144,0.7968899776334007,2233,4262,223,-0.3123941493456505,0.34380292532717477,1162,2621,68,-0.3856727464974888,19.31166699500148,18.16277312095007
2024-08-23,6927,4282,0.7979213543340834,5291,1256,160,0.6163128150297846,0.8081564075148924,3281,552,44,0.7119749543438559,46.91158082585226,50.9860715340939
2024-08-26,7010,4305,0.7927603725656224,3263,3219,242,0.006788028386300524,0.5033940141931502,1986,1952,72,0.008633824276282377,39.79870991492622,43.62800481628273
2024-08-27,6965,4099,0.793899688540436,2609,3852,267,-0.19238507970902338,0.4038074601454883,1380,2426,78,-0.2748292170257488,23.55955633174363,22.94556568337122
2024-08-28,6951,4154,0.7974413646055437,2225,4230,249,-0.31061192873741283,0.3446940356312936,1145,2625,66,-0.3925729442970822,3.645939785044315,-0.7398339672516561
2024-08-29,6937,4170,0.7985734057276695,4260,2206,234,0.31766161459944325,0.6588308072997217,2588,1214,71,0.36138874276696475,18.01524510553399,16.710932854504392
2024-08-30,6899,4156,0.7992692886309908,3817,2641,213,0.18209972127593682,0.5910498606379684,2425,1368,74,0.27867123648826786,23.43283026284966,27.41190850889845
2024-09-03,7033,4300,0.7946605485452081,1565,4969,156,-0.5209672482399755,0.23951637588001223,648,3223,42,-0.6652027899767502,-7.2056470547553,-10.76951817239003
2024-09-04,6941,4163,0.8021152829190904,3068,3443,220,-0.05759483950238058,0.47120258024880973,1657,2191,77,-0.13877338877338877,-10.19689648915402,-17.03932033386166
2024-09-05,6941,4108,0.801103214172059,2835,3659,221,-0.1268863566368956,0.4365568216815522,1459,2302,72,-0.2241425152884871,-16.168006129844905,-26.583260906005513
2024-09-06,6916,4184,0.803946530872056,1571,4931,180,-0.5167640725930482,0.24161796370347585,609,3167,66,-0.6774364406779662,-40.68635063979402,-57.275110060132434
2024-09-09,6934,4249,0.802020202020202,3928,2554,212,0.21197161369947548,0.6059858068497377,2340,1512,70,0.21495327102803738,-25.00931912797536,-38.610779951310114
2024-09-10,6895,4159,0.803661278235735,3255,3195,234,0.009302325581395349,0.5046511627906977,1847,1977,83,-0.03399581589958159,-21.613874995634532,-34.907178154891426
2024-09-11,6926,4190,0.8038465625332059,3545,2895,227,0.10093167701863354,0.5504658385093167,2062,1747,62,0.08269887109477553,-14.021233315643045,-25.731328378461132
2024-09-12,6914,4181,0.8033379398320399,4375,2066,233,0.3584847073435802,0.6792423536717901,2646,1140,83,0.3977812995245642,5.418233003575225,-2.0031987562314946
2024-09-13,6959,4237,0.8007026509102523,4932,1573,195,0.5163720215219062,0.7581860107609532,3140,701,61,0.6349908877896381,29.906251250405276,30.154847477809696
2024-09-16,7011,4224,0.7983947618544724,3767,2725,220,0.16050523721503387,0.580252618607517,2252,1588,79,0.17291666666666666,32.90063637984933,34.3954917143773
2024-09-17,6937,4303,0.802536231884058,3791,2685,248,0.17078443483631872,0.5853922174181594,2341,1523,93,0.21169772256728778,35.81029236468899,39.788317873101775
2024-09-18,6918,4394,0.8056320135507093,3007,3434,256,-0.06629405371836672,0.46685297314081664,1811,2143,99,-0.08396560445118867,26.265072342169177,29.41707629852186
2024-09-19,6945,4337,0.804978813559322,4773,1741,182,0.4654590113601474,0.7327295056800737,3015,991,51,0.5052421367948078,44.5602371151296,49.862966433063264
2024-09-20,6933,4672,0.8049456405883607,2333,4176,199,-0.28314641265939466,0.35842679367030267,1231,2822,66,-0.3925487293362941,22.549530609458017,22.20534435937574
2024-09-23,6944,4272,0.8042098582610535,2923,3535,228,-0.09476618148033447,0.4526169092598328,1805,2184,82,-0.09501128102281274,13.036640453014531,13.323923180250102
2024-09-24,6952,4320,0.8041758937045239,3639,2845,204,0.12245527452190007,0.56122763726095,2207,1730,68,0.12115824231648463,15.699008967101996,16.472164623161298
2024-09-25,6938,4214,0.8032192729986142,2120,4373,215,-0.3469890651470815,0.32650546742645925,1031,2861,69,-0.47019527235354575,-5.575377981637805,-10.486125499766956
2024-09-26,6925,4309,0.8078303081468974,4005,2459,232,0.2391707920792079,0.6195853960396039,2556,1324,81,0.31752577319587627,5.570890928412328,5.903019350099323
2024-09-27,6898,4269,0.808970807585766,3920,2543,214,0.21305895095157049,0.6065294754757853,2414,1510,71,0.23037716615698267,13.767504335481261,15.528792748039818
2024-09-30,7017,4441,0.80275990869475,3270,3268,183,0.0003059039461609055,0.5001529519730804,2025,1902,74,0.03132161955691368,10.06911892657731,13.72840770953529
2024-10-01,6928,4329,0.8099467140319716,2257,4316,170,-0.3132511790658756,0.34337441046706224,1186,2807,54,-0.40596043075381916,-8.82120034327028,-9.743666052470402
2024-10-02,6883,4141,0.8120826709062003,3081,3358,228,-0.04301910234508464,0.47849044882745767,1858,1981,70,-0.032039593644178174,-11.416713481234073,-11.067528933240869
2024-10-03,6863,4105,0.8116800677105375,2255,4204,174,-0.30174949682613406,0.34912525158693297,1204,2578,53,-0.36329984135378107,-26.51531337083942,-28.707106437113556
2024-10-04,6861,4158,0.8125,4289,2149,173,0.3324013668841255,0.6662006834420627,2816,978,49,0.4844491302055878,-7.584496524084806,-1.257961092770696
2024-10-07,6974,4214,0.808747143153958,1987,4491,189,-0.38653905526397037,0.3067304723680148,1069,2753,62,-0.44060701203558345,-27.307746744893986,-24.035459129952255
2024-10-08,6943,4137,0.8093789341166596,3117,3359,233,-0.03736874613959234,0.48131562693020385,1790,2008,73,-0.0573986308583465,-26.576071493742468,-24.22962359723088
2024-10-09,6881,4137,0.8116931612077243,3402,2985,277,0.06528886801315172,0.5326444340065759,2022,1734,86,0.07667731629392971,-20.684728088902,-17.570688741154143
2024-10-10,6877,4124,0.8112135506003431,2630,3765,233,-0.17748240813135263,0.4112587959343237,1464,2288,76,-0.21961620469083157,-27.682769644544113,-26.604122044740823
2024-10-11,6907,4144,0.8094525235243798,4756,1685,210,0.4767893184288154,0.7383946592144077,3059,710,66,0.6232422393207747,-0.8140949983869925,7.948235291496582
2024-10-14,6925,4131,0.8082337883959044,3775,2688,217,0.16818814791892311,0.5840940739594616,2331,1426,69,0.24088368379025818,6.732633773574672,18.332831860996258
2024-10-15,6935,4312,0.8103904348746165,3177,3302,225,-0.019293100787158513,0.49035344960642074,1876,1969,50,-0.024187256176853057,3.7773612694299366,13.866450770257932
2024-10-16,6941,4319,0.8088501223274119,4689,1792,216,0.4469989199197655,0.7234994599598827,2962,991,63,0.4986086516569694,24.546317507385243,36.11815807551649
2024-10-17,6935,4225,0.808315565031983,2950,3514,240,-0.08725247524752475,0.4563737623762376,1799,2086,86,-0.07387387387387387,15.468473744935588,26.338650754592816
2024-10-18,6872,4203,0.8116331577249758,3497,2926,240,0.08889926825470963,0.5444496341273548,2115,1711,88,0.10559330893883952,16.43716213442818,26.818837882065786
2024-10-21,6920,4276,0.8124604012671595,1820,4646,187,-0.4370553665326322,0.2814723167336839,1056,2830,54,-0.45651055069480184,-9.114526842594891,-1.0098892950372238
2024-10-22,6879,4145,0.8125133689839572,2868,3558,243,-0.10737628384687208,0.446311858076564,1537,2288,77,-0.19633986928104574,-14.431694149448637,-11.789867514297304
2024-10-23,6933,4212,0.8100222010783381,1921,4551,188,-0.40636588380716937,0.29681705809641534,1133,2692,58,-0.4075816993464052,-33.855193724076216,-31.50989105746116
2024-10-24,6851,4187,0.815905427189683,3181,3221,216,-0.006248047485160888,0.4968759762574196,1922,1902,67,0.005230125523012552,-30.287118075661986,-27.572370488108074
2024-10-25,6842,4194,0.8145666738707585,2687,3686,232,-0.15675506041110937,0.42162246979444534,1531,2305,72,-0.20177267987486966,-34.610328452186934,-34.418068818764745
2024-10-28,6906,4321,0.8149405772495756,4195,2222,197,0.30746454729624434,0.6537322736481221,2806,1099,66,0.43713188220230476,-14.922641296487154,-8.153822443523653
2024-10-29,6923,4256,0.8130712008501594,2629,3859,193,-0.18958076448828606,0.40520961775585695,1603,2324,69,-0.1836007130124777,-22.867321161107917,-16.69375244121403
2024-10-30,6920,4240,0.813031462585034,3000,3465,216,-0.07192575406032482,0.46403712296983757,1781,2105,77,-0.08337622233659289,-23.662935318155075,-18.90069929323899
2024-10-31,6874,4312,0.8173240033927057,1829,4646,186,-0.4350579150579151,0.2824710424710425,862,3046,39,-0.5588536335721597,-42.38147879571913,-44.46700591703247
2024-11-01,6872,4201,0.8189892154789596,3146,3259,207,-0.017642466822794692,0.49117876658860266,2031,1866,69,0.042340261739799843,-37.30315366330178,-36.04416828519276
2024-11-04,6906,4298,0.8151278259032326,3347,3069,234,0.04332917705735661,0.5216645885286783,1963,1912,84,0.013161290322580645,-29.72608771276087,-30.121369839404803
2024-11-05,6888,4283,0.8164913399213686,4786,1712,178,0.47306863650353953,0.7365343182517697,3114,834,54,0.5775075987841946,-1.6120929141754436,3.310545104021617
2024-11-06,6904,4578,0.8193643134375328,4167,2354,141,0.2780248428155191,0.6390124214077596,2919,1140,47,0.43828529194382854,12.681243418784954,24.9171643131128
2024-11-07,6917,4462,0.8159334876868027,3619,2896,177,0.11097467382962395,0.555487336914812,2131,2038,63,0.022307507795634444,16.486131317077408,22.467348707910492
2024-11-08,6916,4395,0.8147952164250185,3692,2843,165,0.1299158377964805,0.5649579188982402,2145,1949,54,0.04787493893502687,20.6039380118749,21.53879117889259
2024-11-11,6921,4539,0.8153584343756648,3728,2797,177,0.14268199233716475,0.5713409961685824,2578,1540,49,0.2520641087906751,24.65995077290159,30.846639028470236
2024-11-12,6911,4513,0.8168035375868604,1818,4710,165,-0.4430147058823529,0.27849264705882354,1131,3053,54,-0.45936902485659653,-1.280292981260979,3.0789590623531877
2024-11-13,6917,4526,0.8165805294800127,2409,4074,189,-0.25682554372975475,0.3715872281351226,1511,2654,69,-0.2744297719087635,-14.14334181853376,-11.430839456597004
2024-11-14,6914,4450,0.8177028451001054,2226,4276,189,-0.315287603814211,0.34235619809289447,1230,2899,55,-0.4042140954226205,-27.99363486953213,-30.268779168709287
2024-11-15,6890,4439,0.8187109747063182,2006,4501,164,-0.3834332257568772,0.3082833871215614,1197,2904,47,-0.4162399414776884,-43.102948350921395,-46.825166029475135
2024-11-18,7000,4455,0.8143582306018854,3276,3244,192,0.0049079754601227,0.5024539877300613,2097,1994,62,0.02517721828403813,-36.3888365749046,-38.67589297719624
2024-11-19,6944,4389,0.8170539375459994,3387,3135,225,0.03863845446182153,0.5193192272309107,2197,1847,73,0.08654797230464886,-28.779802873450798,-28.446347351581267
2024-11-20,6898,4329,0.82029687335509,3050,3425,217,-0.05791505791505792,0.47104247104247104,1973,2005,77,-0.008044243338360985,-26.957855663184503,-24.28746488707305
2024-11-21,6959,4403,0.8157534966873489,4540,1973,200,0.39413480730846,0.69706740365423,2966,1038,60,0.48151848151848153,-2.6628082589150033,3.867953187358971
2024-11-22,6940,4431,0.8174661488401386,4646,1887,207,0.42231746517679475,0.7111587325883973,3096,977,62,0.5202553400441935,19.53190420644673,29.858338801347152
2024-11-25,7025,4626,0.8142268041237113,4486,2106,172,0.36104368932038833,0.6805218446601942,2882,1290,59,0.3815915627996165,35.34703505047847,44.99763794507147
2024-11-26,6923,4400,0.8176147176993022,2517,4005,222,-0.2281508739650414,0.3859245630174793,1563,2549,76,-0.23978599221789884,19.232508582601714,26.64787277235463
2024-11-27,6911,4346,0.8189217758985201,3711,2791,190,0.14149492463857274,0.5707474623192864,2161,1846,63,0.07861242825056151,23.84071583983479,26.745505209242978
2024-11-29,6827,4077,0.8167343801471396,4085,2346,191,0.27040895661638936,0.6352044783081947,2329,1468,60,0.2267579668159073,34.10723106446073,34.10253034500359
2024-12-02,7009,4582,0.8163728219404063,2989,3507,183,-0.07974137931034483,0.46012931034482757,1792,2064,69,-0.07053941908713693,25.207048629856892,25.35740488920169
2024-12-03,6949,4451,0.8187244737668866,2507,4047,205,-0.23497101007018614,0.3825144949649069,1472,2643,71,-0.28456865127582015,9.709875867129265,7.052073990610888
2024-12-04,6949,4447,0.8188852870438147,3346,3129,244,0.03351351351351351,0.5167567567567568,2060,2008,71,0.012782694198623401,9.835469954846475,6.233322976084877
2024-12-05,6938,4473,0.8176569389040521,2419,4108,207,-0.2587712578519994,0.3706143710740003,1329,2768,64,-0.3512326092262631,-4.720563018205184,-12.698640927459612
2024-12-06,6947,4408,0.8181055281653205,3435,3091,199,0.05271222801103279,0.5263561140055164,2160,1902,73,0.06351550960118169,-1.5681941019217196,-8.084570918980615
2024-12-09,6998,4586,0.8174075612796011,3215,3356,189,-0.021457921168771876,0.48927103941561406,2018,2103,58,-0.02062606163552536,-2.573585166979982,-8.306196768971521
2024-12-10,6917,4514,0.8202837624802942,2685,3832,228,-0.17600122755869266,0.4119993862206537,1657,2521,69,-0.20679751077070369,-11.147491921265935,-17.762728343627806
2024-12-11,6978,4559,0.8170475990773747,3397,3134,209,0.04026948399938754,0.5201347419996938,2224,1923,77,0.07258258982396913,-7.608909158670087,-11.790244168507147
2024-12-12,6949,4417,0.8200419727177335,1878,4685,177,-0.42770074660978213,0.28614962669510896,1097,3002,62,-0.46474749939009513,-27.943887881315774,-33.49132343863966
2024-12-13,6958,4426,0.8197253956608322,2139,4408,192,-0.3465709485260425,0.3267145257369788,1302,2743,69,-0.3562422744128554,-41.13408534558427,-46.453028348547775
2024-12-16,7068,4611,0.816420664206642,2994,3620,196,-0.09464771696401572,0.4526761415179921,1946,2172,61,-0.054881010199125786,-39.60987217270458,-42.23495769409
2024-12-17,6999,4650,0.8187389633322946,2207,4428,190,-0.33474001507159007,0.332629992464205,1346,2909,78,-0.3673325499412456,-50.113235454407636,-54.039909483164145
2024-12-18,7016,4821,0.821482755133003,909,5775,123,-0.7280071813285458,0.1359964093357271,391,3979,27,-0.8210526315789474,-78.5064031958395,-86.54894779729179
2024-12-19,6963,4686,0.8247981191863436,2543,4087,169,-0.23288084464555053,0.38355957767722476,1743,2630,74,-0.20283558198033386,-77.6337127646348,-83.00057833695381
2024-12-20,6997,4853,0.8242652293298078,4439,2141,189,0.3492401215805471,0.6746200607902736,3003,1371,75,0.3731138545953361,-47.393345570826696,-50.75424772789656
2024-12-23,7003,4651,0.8233805668016194,3079,3544,174,-0.07020987467914842,0.4648950626604258,2117,2210,77,-0.021492951236422465,-42.27336470525142,-42.66020411010106
2024-12-24,6824,4034,0.8265251420606841,4409,2082,202,0.35849637960252656,0.6792481898012633,2777,1060,73,0.4474850143341152,-16.24910152757455,-12.07759751780852
2024-12-26,6918,4555,0.8263240692186681,4141,2329,202,0.2800618238021638,0.640030911901082,2587,1231,69,0.35515976951283396,2.1611612069589032,9.514656865126577
2024-12-27,6957,4625,0.825093090608192,1711,4859,182,-0.4791476407914764,0.2604261796042618,960,3242,74,-0.5430747263207997,-20.0693431907318,-16.98326371347123
2024-12-30,7038,4755,0.8230311586165171,2434,4208,184,-0.26708822643781993,0.36645588678109003,1281,3003,62,-0.4019607843137255,-28.37310701712087,-32.498372389251294
2024-12-31,6998,4777,0.8221538461538461,3472,3165,206,0.046255838481241526,0.5231279192406207,2310,2002,104,0.07142857142857142,-19.663756307644846,-21.93183065798214
2025-01-02,7018,4593,0.8245685279187818,3706,2935,170,0.11609697334738744,0.5580484866736937,2201,2037,66,0.038697498820198205,-8.626885926197328,-14.424331954875761
2025-01-03,6952,4554,0.8250704519361236,4807,1816,174,0.4516080326136192,0.7258040163068096,3067,1138,60,0.45873959571938167,17.628325642882878,13.068805941013746
2025-01-06,7037,4714,0.8220459629855603,3128,3491,204,-0.054842121166339325,0.4725789394168303,2021,2226,77,-0.04826936661172592,14.665882217234115,11.15964669573882
2025-01-07,7007,4622,0.8246222948142099,2240,4444,169,-0.32974266906044286,0.3351286654697786,1449,2865,66,-0.3282336578581363,-1.6853637174869331,-4.5266972547704505
2025-01-08,6953,4601,0.826984618560958,2416,4212,160,-0.27097163548581776,0.36451418225709115,1556,2694,49,-0.26776470588235296,-12.718700494354737,-14.89244024739287
2025-01-10,7037,4663,0.824706833805095,1616,5067,129,-0.5163848571001047,0.24180757144994763,962,3306,42,-0.549203373945642,-34.35927101681928,-37.75262170801251
2025-01-13,6973,4562,0.8265777321703438,3128,3517,178,-0.05854025583145222,0.4707298720842739,2205,2027,66,0.04206049149338374,-29.797932395009745,-27.546120476350964
2025-01-14,6943,4491,0.8305329347489949,4161,2435,181,0.2616737416616131,0.6308368708308065,2651,1521,60,0.2708533077660594,-9.738298336734285,-7.242190507264809
2025-01-15,6954,4498,0.8269131467520396,5028,1563,165,0.5257168866636323,0.7628584433318161,3206,918,57,0.5548011639185257,20.663537524875867,24.3512733764635
2025-01-16,6952,4453,0.8280944037926414,3581,2981,192,0.09143553794574824,0.5457177689728742,2206,1887,69,0.07793794282922062,24.83972206303397,27.39876757570363
2025-01-17,6927,4445,0.8291999584933071,3896,2622,223,0.19545872967167843,0.5977293648358392,2435,1611,100,0.20365793376174,33.48732081914049,36.1533808248014
2025-01-21,7038,4589,0.827328691088909,4738,1896,164,0.4283991558637323,0.7141995779318662,3005,1132,54,0.45274353396180805,52.36060246111856,55.91208825865938
2025-01-22,7000,4521,0.8278579469859789,2537,4106,201,-0.2361884690651814,0.3819057654674093,1533,2639,70,-0.2651006711409396,35.00607400625853,36.63401241817728
2025-01-23,6973,4486,0.8287361053931659,3716,2879,213,0.12691432903714936,0.5634571645185746,2438,1710,70,0.1755062680810029,38.14806171243844,41.99843447357132
2025-01-24,7007,4447,0.8249639843589216,3380,3188,243,0.029232643118148598,0.5146163215590743,2012,2047,94,-0.008622813500862282,35.75963659671004,37.16856907947211
2025-01-27,6987,4582,0.8286237040048791,3076,3565,167,-0.0736334889323897,0.4631832555338051,1923,2222,52,-0.0721351025331725,28.395428337251793,29.677576870504417
2025-01-28,6991,4384,0.8270281414287187,3097,3500,204,-0.061088373503107474,0.46945581324844626,1917,2178,66,-0.06373626373626373,22.584308905192845,23.544332587329954
2025-01-29,6963,4375,0.8290448744339234,2731,3791,262,-0.16252683226004294,0.41873658386997853,1672,2319,86,-0.1621147582059634,12.430957308409706,13.263762338794153
2025-01-30,6949,4334,0.8297302861848878,4442,2124,197,0.35303076454462384,0.6765153822723119,2803,1208,67,0.3976564447768636,29.46556674685141,32.396116113743425
2025-01-31,7010,4504,0.8290056360708534,2198,4386,209,-0.33232077764277035,0.3338396111786148,1214,2836,78,-0.4004938271604938,9.615252873615105,8.684784413888465
2025-02-03,7027,4497,0.832409972299169,2223,4439,172,-0.33263284299009305,0.33368357850495345,1276,2867,61,-0.38402124064687426,-7.420445019736151,-10.808198785875991
2025-02-04,6934,4343,0.834329719323133,4241,2345,189,0.2878833890069845,0.6439416945034923,2626,1427,52,0.29583024919812484,9.076947106401084,6.571916064504733
2025-02-05,6969,4347,0.8321175278622087,4346,2187,212,0.330476044696158,0.6652380223480789,2620,1362,72,0.3159216474133601,25.26646542317509,22.403624592019494
2025-02-06,6999,4374,0.83202416918429,3104,3472,215,-0.05596107055961071,0.4720194647201946,1910,2076,69,-0.04164576016056196,19.660315494112552,17.949346881388408
2025-02-07,6955,4424,0.8336185203824862,1988,4603,200,-0.3967531482324382,0.30162342588378094,1121,2940,60,-0.447919231716326,-2.27084815634785,-6.262480873396314
2025-02-10,7012,4460,0.8308467741935484,3620,2943,222,0.1031540454060643,0.5515770227030321,2224,1867,75,0.0872647274505011,3.9847208452153673,-0.17308324102891307
2025-02-11,6980,4350,0.8322304794869184,3000,3586,224,-0.08897661706650471,0.45551169146674764,1788,2248,70,-0.11397423191278494,-0.2932243863026096,-5.027730817313944
2025-02-12,6980,4411,0.8318934851102754,2501,4065,221,-0.23819677124581176,0.38090161437709413,1566,2450,74,-0.2201195219123506,-11.410409146284318,-14.460580340929354
2025-02-13,6972,4411,0.8355748811811103,4645,1964,181,0.40565894991678014,0.7028294749583901,2906,1135,68,0.4382578569660975,11.334235987792336,10.465505162006515
2025-02-14,6974,4329,0.8337241309001937,3397,3167,223,0.03503960999390616,0.517519804996953,1929,2069,80,-0.03501750875437719,12.193269401345216,8.06121245518292
2025-02-18,7011,4524,0.8360295586179349,3487,3120,212,0.05554714696533979,0.5277735734826698,2299,1741,75,0.13811881188118813,13.892153471497883,14.6220521603511
2025-02-19,6963,4389,0.8361972547025928,2838,3747,228,-0.13804100227790433,0.43097949886104786,1687,2397,87,-0.17384916748285995,5.595831121958719,4.560060879265732
2025-02-20,6967,4340,0.8366602492653764,2509,4030,247,-0.23260437375745527,0.3836978131212724,1440,2579,68,-0.28340383179895495,-6.253672216484606,-9.543475186263338
2025-02-21,6944,4442,0.8386999091551428,1697,4902,171,-0.48567964843158057,0.25716017578420974,778,3270,47,-0.6156126482213439,-29.007492943477494,-38.16472196747882
2025-02-24,6976,4471,0.8371185592796399,2426,4119,213,-0.2586707410236822,0.3706646294881589,1416,2669,69,-0.30673194614443083,-36.96652682994411,-47.001029251735005
2025-02-25,6955,4504,0.8387356553251459,3043,3560,164,-0.078297743449947,0.4608511282750265,1845,2297,53,-0.10912602607436021,-34.56801829003658,-44.44077083001184
2025-02-26,6947,4325,0.837881708430557,3401,3126,230,0.04213267963842501,0.5210663398192125,2051,1995,68,0.01384083044982699,-26.322932242546866,-35.88120319907913
2025-02-27,6929,4328,0.8409986859395532,1960,4560,221,-0.3987730061349693,0.3006134969325153,1086,2900,54,-0.45509282488710484,-41.187053299400134,-51.83004962548285
2025-02-28,6954,4456,0.8416516335939066,4007,2541,181,0.22388515577275503,0.6119425778863775,2634,1402,53,0.30525272547076315,-22.557033441126467,-27.189885554037215
2025-03-03,6958,4517,0.8426766679826293,1613,4985,157,-0.5110639587753865,0.24446802061230677,816,3320,40,-0.6054158607350096,-43.26303702250392,-51.52002515546966
2025-03-04,6976,4548,0.8422921392642272,2228,4361,169,-0.32372135377143724,0.33813932311428135,1465,2720,67,-0.2998805256869773,-51.383224649271654,-56.78792763651544
2025-03-05,6946,4379,0.8412397847319115,4235,2316,184,0.2929323767363761,0.646466188368188,2785,1348,49,0.34768932978466005,-27.236382421521057,-28.62955184604514
2025-03-06,6873,4304,0.8458824715250479,2122,4368,173,-0.3460708782742681,0.32696456086286596,1263,2769,52,-0.37351190476190477,-38.4048131552189,-40.471054513291044
2025-03-07,6907,4357,0.8450972528574293,3443,3001,201,0.0685909373060211,0.5342954686530106,2280,1721,74,0.13971507123219196,-27.028706587739997,-24.731835221514995
2025-03-10,6979,4473,0.8431973125185258,1239,5339,145,-0.6232897537245363,0.18835512313773184,676,3423,26,-0.6701634545010978,-51.76102649113471,-51.645069837603394
2025-03-11,6890,4383,0.8438941247242832,3099,3448,191,-0.05330685810294791,0.47334657094852606,2030,2068,59,-0.009272816007808687,-44.14921009500208,-41.353128160506486
2025-03-12,6867,4314,0.8436038234695953,3681,2801,191,0.1357605677260105,0.5678802838630053,2152,1879,57,0.06772513024063508,-27.966989734385773,-28.496855073363914
2025-03-13,6899,4258,0.8431769830817546,1859,4618,189,-0.42596881272193915,0.2870155936390304,960,3003,53,-0.5155185465556397,-42.07782539978439,-46.524441148303936
2025-03-14,6895,4225,0.8418107833163785,4864,1655,166,0.49225341310016874,0.7461267065500844,3201,747,46,0.621580547112462,-8.021089475595863,-4.850450353231062
2025-03-17,6912,4327,0.8443524780458261,4710,1788,194,0.44967682363804246,0.7248384118190212,3055,905,47,0.5429292929292929,19.008695713856977,26.872501319163955
2025-03-18,6841,4254,0.8471937730438345,2356,4095,216,-0.26957060920787473,0.3652146953960626,1360,2605,70,-0.31399747793190413,6.0617469299740145,11.014923949406022
2025-03-19,6857,4279,0.8448222882310765,4378,2049,194,0.362377470048234,0.681188735024117,2837,1102,70,0.4404671236354405,26.559200947909645,35.12485075688319
2025-03-20,6800,4278,0.8488288102363017,2487,3884,233,-0.21927483911473866,0.39036258044263067,1307,2615,84,-0.3335033146353901,14.869112670356428,16.86469200995022
2025-03-21,6748,4502,0.8498176133402814,2554,3771,211,-0.1924110671936759,0.4037944664031621,1467,2534,70,-0.2666833291677081,6.142930225749785,4.5089320946568865
2025-03-24,6912,4353,0.845574954846478,4435,1950,194,0.38919342208300706,0.6945967110415036,3078,971,61,0.5203754013336627,27.731554048316504,33.275149231676345
2025-03-25,6841,4360,0.8459409594095941,2509,3928,235,-0.22044430635389156,0.3897778468230542,1472,2550,71,-0.2680258577821979,15.569283224524527,18.283826181876556
2025-03-26,6845,4235,0.8470263641937462,2168,4271,195,-0.3266035098617798,0.3366982450691101,1350,2600,67,-0.31645569620253167,-0.21526492133464026,2.9533339223716744
2025-03-27,6844,4203,0.8476610586787033,2964,3439,222,-0.07418397626112759,0.4629080118694362,1786,2091,68,-0.078669074026309,-1.0890005814049446,1.7203274796942711
2025-03-28,6827,4308,0.8475672346540751,1265,5196,153,-0.6084197492648197,0.19579012536759016,563,3372,36,-0.7138500635324015,-28.54238821804263,-31.101544141498017
2025-03-31,6960,4517,0.8453823237338629,2642,3841,187,-0.18494524140058616,0.40752737929970695,1700,2342,61,-0.15883226125680355,-30.698597313065957,-31.257846543130032
2025-04-01,6889,4311,0.8466183574879227,3478,3046,210,0.06621704475781728,0.5331085223789086,2162,1853,80,0.07696139476961394,-19.830548794825418,-19.44551306248887
2025-04-02,6807,4260,0.8501638672675134,2853,3552,221,-0.10913348946135831,0.4454332552693208,1523,2414,85,-0.22631445262890526,-19.20674127871441,-24.412532741154195
2025-04-03,6925,4440,0.8480484655874466,1398,5133,113,-0.5718879191548002,0.2140560404225999,829,3180,42,-0.5864305313045647,-41.715073630718024,-46.54307583649025
2025-04-04,6970,4737,0.84762648954874,840,5825,96,-0.7479369842460615,0.12603150787696923,450,3815,29,-0.7889800703399765,-69.5535756780906,-75.35945175559073
2025-04-07,7055,4754,0.8440481927710843,2107,4583,135,-0.37010463378176384,0.3149476831091181,1548,2854,60,-0.29668332576101775,-74.1161095269888,-75.00581867869575
2025-04-08,6958,4578,0.8480838968930706,1595,5099,125,-0.523453839259038,0.23827308037048103,673,3663,39,-0.6895756457564576,-85.31395569402552,-93.97304930432907
2025-04-09,7005,4771,0.8473068368629726,5899,782,113,0.7659033078880407,0.8829516539440203,4123,243,20,0.8886852954649564,-29.993687031017874,-30.807119181653185
2025-04-10,6914,4420,0.8500742206828302,1179,5463,113,-0.6449864498644986,0.17750677506775067,539,3692,34,-0.7452138974237769,-53.08937677661821,-58.34117297529373
2025-04-11,6903,4337,0.8477869016623273,4363,2195,160,0.33058859408356206,0.665294297041781,2936,1092,48,0.45779543197616684,-23.791992427820347,-21.440616633982724
2025-04-14,6915,4353,0.8500848388062681,4731,1823,160,0.44369850472993594,0.721849252364968,2894,1103,65,0.4480860645484113,7.031726684859602,9.731093749620335
2025-04-15,6850,4213,0.8497004163704681,3363,3135,185,0.03508771929824561,0.5175438596491229,1909,2044,65,-0.03415127751075133,12.920308621192145,12.222383555894709
2025-04-16,6844,4254,0.851919191919192,2374,4086,179,-0.265015479876161,0.3674922600619195,1277,2636,58,-0.3473038589317659,2.8852846749301833,-1.366304648570904
2025-04-17,6787,4187,0.8541178865926906,4450,1989,188,0.38220220531138377,0.6911011026556919,2746,1145,64,0.41146234901053713,26.65179703687879,24.960508856969003
2025-04-21,6864,4292,0.8522704540908181,1581,4870,160,-0.509843435126337,0.2450782824368315,881,3030,54,-0.5494758373817438,2.2366240992744144,-0.7017774596932702
2025-04-22,6815,4266,0.8542111144976126,5464,1016,142,0.6864197530864198,0.8432098765432099,3523,438,36,0.7788437263317344,41.16362752776415,43.776454812532855
2025-04-23,6894,4364,0.8528411364545818,4419,2077,166,0.36052955665024633,0.6802647783251231,2602,1397,53,0.30132533133283324,57.94588749967537,57.710541381278475
2025-04-24,6839,4297,0.8504356740133265,4997,1509,153,0.5361205041500153,0.7680602520750077,3139,856,43,0.5714643304130163,80.78453771314955,82.84258264465875
2025-04-25,6825,4176,0.8536734693877551,3320,3084,225,0.03685196752029981,0.5184259837601499,1904,1996,75,-0.02358974358974359,74.94423412561845,74.16356131148758
2025-04-28,6846,4222,0.8529262086513995,3609,2837,217,0.11976419484951908,0.5598820974247596,2240,1636,72,0.15583075335397317,73.72166475411223,75.34320511225465
2025-04-29,6847,4208,0.8530012249897918,3828,2612,213,0.18881987577639753,0.5944099378881987,2313,1575,64,0.18981481481481483,75.76054366404776,77.6742876093913
2025-04-30,6838,4346,0.8546452531002237,2879,3547,213,-0.1039526921879863,0.44802365390600685,1777,2134,82,-0.09128100230120174,62.486354015503224,65.22420085059535
2025-05-01,6845,4252,0.8539737458023812,3494,2954,195,0.0837468982630273,0.5418734491315137,2063,1873,66,0.048272357723577235,60.209469618470806,61.23092366881078
2025-05-02,6815,4250,0.8564573762123533,4891,1546,198,0.5196520118067423,0.7598260059033711,3221,715,55,0.6366869918699187,79.7569417881015,86.931248767358
2025-05-05,6858,4198,0.8541540327471194,2264,4200,161,-0.2995049504950495,0.3502475247524752,1306,2597,47,-0.33077120163976426,55.11339766910562,60.097460807294944
2025-05-06,6837,4205,0.8543838136112815,2606,3869,193,-0.19505791505791506,0.4024710424710425,1487,2384,66,-0.2317230689744252,38.989952230875346,41.8064914306715
2025-05-07,6815,4249,0.8561924257932446,3430,2959,233,0.07372045703552982,0.5368602285177649,2032,1840,88,0.049586776859504134,38.44837522470633,40.02417244820156
2025-05-08,6875,4283,0.8542784810126582,4365,2082,201,0.354118194509074,0.677059097254537,2826,1089,43,0.4436781609195402,51.8129718819855,58.00473805895056
2025-05-09,6850,4248,0.8542439225381129,3176,3292,213,-0.017934446505875078,0.49103277674706247,1893,2037,60,-0.0366412213740458,44.378005113801805,49.07212885116691
2025-05-12,6950,4510,0.8533134030891878,4847,1712,155,0.477969202622351,0.7389846013111755,3217,818,36,0.59454770755886,62.59440095784704,72.74883378090132
2025-05-13,6923,4447,0.8541771136295256,3674,2875,206,0.12200335929149489,0.5610016796457474,2298,1809,75,0.11906501095690285,60.0581552331737,68.8545374968219
2025-05-14,6888,4458,0.855899615462457,2305,4251,178,-0.2968273337400854,0.3515863331299573,1330,2788,64,-0.35405536668285575,36.64783971083308,41.52462260446195
2025-05-15,6857,4369,0.8559796437659033,3706,2802,194,0.1389059618930547,0.5694529809465273,2345,1728,47,0.15148539160324084,38.2354455223347,43.22696017277673
2025-05-16,6885,4409,0.8566053086545307,3763,2711,208,0.16249613839975285,0.5812480691998765,2384,1657,65,0.17990596387032912,40.58118008889183,45.88735260617638
2025-05-19,6888,4301,0.8569564344509135,3433,3047,208,0.0595679012345679,0.529783950617284,2140,1859,79,0.07026756689172294,37.237465384594465,42.450631524771886
2025-05-20,6855,4301,0.8592796092796092,2957,3487,232,-0.08224705152079453,0.4588764742396027,1772,2197,77,-0.10707986898463089,27.10165434772912,30.432610048729504
2025-05-21,6874,4394,0.8570709105560033,1123,5410,143,-0.6562069493341497,0.17189652533292515,500,3524,35,-0.7514910536779325,-10.397967251197159,-12.215520598195463
2025-05-22,6849,4322,0.8587650816181689,3113,3358,207,-0.03786122701282646,0.48106938649358677,1850,2152,71,-0.07546226886556721,-11.490867765956978,-14.817155457707072
2025-05-23,6854,4276,0.8580881604397842,2715,3726,217,-0.15696320447135537,0.4215183977643223,1567,2402,58,-0.21038044847568657,-18.32294224017328,-23.713376465806935
2025-05-27,6910,4458,0.8577880369329587,4970,1583,143,0.5168625057225699,0.7584312528612849,3246,778,48,0.6133200795228628,9.618534305268906,9.98394785452419
2025-05-28,6839,4323,0.8592939261369417,2344,4138,202,-0.2767664301141623,0.3616167849429189,1455,2576,75,-0.27809476556685686,-6.221042711740976,-5.825501845351301
2025-05-29,6851,4282,0.8575933272301902,3607,2800,244,0.12595598564070548,0.5629779928203528,2154,1791,91,0.09201520912547528,0.4033449400176678,-0.8079550949014842
2025-05-30,6859,4451,0.8586769324283254,2608,3861,193,-0.19369299737208223,0.4031535013139589,1524,2469,61,-0.236664162283997,-9.917269493068165,-12.947881418266
2025-06-02,6942,4417,0.8576267809106307,3190,3341,176,-0.023120502220180677,0.48843974888990965,1996,2062,51,-0.016264169541646133,-10.163183728296136,-12.242779380533788
2025-06-03,6831,4394,0.8602535268861173,4356,2133,206,0.34257975034674065,0.6712898751733704,2891,1177,67,0.42133726647000985,7.962388147571497,10.301368559212726
2025-06-04,6850,4381,0.8602018966044662,3264,3172,225,0.014294592914853946,0.507147296457427,1889,2142,91,-0.06276358223765816,7.005682289106134,5.320065769516533
2025-06-05,6873,4382,0.8586419130259307,2834,3589,252,-0.1175463179199751,0.4412268410400125,1674,2345,90,-0.16695695446628514,-0.43937517306873697,-4.175217055952647
2025-06-06,6886,4342,0.8584684409095544,4528,1966,215,0.39451801663073605,0.697259008315368,3143,886,65,0.5601886324149913,18.800514300172647,24.084471557614787
2025-06-09,6925,4451,0.8589448393232556,3935,2543,243,0.21488113615313367,0.6074405680765669,2445,1582,97,0.21430345170101814,26.174773204413054,30.831823928728213
2025-06-10,6897,4426,0.8578406431260812,3836,2625,254,0.18743228602383533,0.5937161430119177,2474,1617,73,0.20948423368369593,30.976448195051617,36.20569018552045
2025-06-11,6861,4419,0.8618447785453068,2825,3611,235,-0.1221255438160348,0.4389372280919826,1581,2499,72,-0.225,19.449106579078826,18.895105699965413
2025-06-12,6866,4335,0.8598999285203717,2917,3526,225,-0.09452118578302034,0.4527394071084898,1733,2302,70,-0.14101610904584883,10.876201866177423,8.199274984023587
2025-06-13,6883,4472,0.8599695585996956,1389,5158,139,-0.5756835191690851,0.21215824041545747,759,3327,37,-0.6284875183553598,-20.566129341987406,-25.360227118502348
2025-06-16,6965,4479,0.8578994703707404,4111,2425,190,0.2579559363525092,0.6289779681762546,2735,1396,64,0.3241345921084483,-5.664519102178685,-6.295694757379099
2025-06-17,6914,4446,0.8607594936708861,2083,4466,206,-0.36387234692319437,0.3180638265384028,1086,3048,47,-0.4746008708272859,-23.986733915416508,-29.90081426161854
2025-06-18,6890,4434,0.8607851072440308,3706,2764,247,0.1455950540958269,0.5727975270479134,2323,1766,92,0.13621912448031304,-14.05892386020671,-19.392687601055226
2025-06-20,6921,4710,0.85942233892143,2923,3614,184,-0.10570598133700475,0.44714700933149765,1772,2434,67,-0.15739419876367094,-18.065403415342875,-24.99194203046751
2025-06-23,6972,4591,0.8599367838798894,3905,2647,199,0.19200244200244201,0.596001221001221,2680,1622,51,0.24593212459321245,-6.515195250935248,-9.48802868961851
2025-06-24,6936,4543,0.8598879103282626,4682,1879,204,0.42722146014327084,0.7136107300716354,3066,1158,71,0.45170454545454547,15.153759612929393,14.10387840332213
2025-06-25,6873,4467,0.863153636087792,2163,4323,223,-0.3330249768732655,0.33348751156336726,1202,2934,75,-0.41876208897485495,-4.407374627357799,-9.318892145700255
2025-06-26,6937,4530,0.8618729430537548,4648,1855,206,0.4294940796555436,0.7147470398277718,3095,1062,57,0.48905460668751505,17.015845296773897,16.092068278732615
2025-06-27,6917,4722,0.8644236512044595,3166,3319,259,-0.0235929067077872,0.4882035466461064,2012,2184,91,-0.04099142040038131,12.593269787256084,11.235677745834234
2025-06-30,6998,4754,0.8630284096456117,3526,3038,214,0.07434491163924437,0.5371724558196221,2277,2011,88,0.06203358208955224,13.645892295033654,12.178535575973628
2025-07-01,6915,4580,0.8673116793365584,4241,2347,181,0.2874924104432301,0.6437462052216151,2801,1433,66,0.3230987246102976,25.135030017907596,25.97704346890021
2025-07-02,6927,4576,0.8644962166467542,4525,1995,223,0.3880368098159509,0.6940184049079755,2960,1216,83,0.41762452107279696,39.85978758951132,42.37117232313291
2025-07-03,6789,4174,0.8676863067132006,4272,2143,237,0.33187840997661733,0.6659392049883086,2690,1252,89,0.3647894469812278,49.44223638331828,53.53454292730773
2025-07-07,6998,4552,0.8640672334603733,1779,4731,168,-0.4534562211981567,0.2732718894009217,974,2983,52,-0.5077078594895122,18.12128736136793,19.186686755703676
2025-07-08,6921,4573,0.8660883438029714,4110,2427,230,0.2574575493345571,0.6287287746672786,2696,1512,67,0.2813688212927757,26.796958037429228,29.17717033431808
2025-07-09,6894,4466,0.8659285354806241,3917,2523,264,0.21645962732919255,0.6082298136645963,2455,1684,90,0.18627687847306112,32.030775575006274,32.818550801376084
2025-07-10,6906,4502,0.8674143801321851,4036,2445,234,0.24548680759142108,0.6227434037957106,2584,1528,84,0.25680933852140075,37.796894704871036,39.29446134912077
2025-07-11,6919,4439,0.8677644710578842,1902,4626,211,-0.4172794117647059,0.2913602941176471,1075,3052,61,-0.47904046522897986,9.399631119574696,7.842402373177855
2025-07-14,6994,4533,0.8652586291189988,3506,3028,222,0.0731558004285277,0.5365779002142639,2325,1793,78,0.12918892666342885,9.594733208210137,11.323149531501194
2025-07-15,6931,4545,0.8681405448085274,1560,5037,183,-0.5270577535243293,0.23647112323783537,819,3368,67,-0.6087891091473608,-20.29710586969046,-22.656329186329337
2025-07-16,6931,4548,0.8687925757725343,4053,2477,218,0.24134762633996937,0.6206738131699847,2756,1449,68,0.310820451843044,-7.3328737587320845,-5.615023794622549
2025-07-17,6913,4630,0.8685103833865815,4363,2178,209,0.33404678183763953,0.6670233909188198,2948,1307,65,0.38566392479435957,8.423166839814499,12.725541081825643
2025-07-18,6877,4517,0.8693244739756367,2539,3929,234,-0.21490414347557205,0.39254792826221396,1561,2667,71,-0.26158940397350994,-5.595080548287827,-4.019570092613757
2025-07-21,6978,4586,0.8690067653691539,3266,3257,216,0.0013797332515713629,0.5006898666257856,1952,2237,75,-0.0680353306278348,-6.738512826016705,-8.638838629012616
2025-07-22,6911,4591,0.8688573414077236,4211,2315,234,0.2905301869445296,0.6452650934722648,2912,1301,68,0.38238784713980534,6.7750678253031,9.976039853893434
2025-07-23,6919,4514,0.868457711442786,4335,2193,215,0.328125,0.6640625,2998,1201,54,0.42795903786615863,20.175044595828542,28.12044029382629
2025-07-24,6921,4487,0.8687009243613955,2349,4163,209,-0.2785626535626536,0.36071867321867324,1341,2804,65,-0.35295536791314835,1.1967668335159733,4.447580179534414
2025-07-25,6869,4348,0.8711075279653331,3279,3176,240,0.015956622773044153,0.507978311386522,2090,1957,88,0.03286384976525822,-0.30968067064396365,3.476007764837516
2025-07-28,6957,4452,0.8694110695292495,2511,3986,221,-0.22702785901185163,0.3864860704940742,1514,2534,73,-0.2519762845849802,-13.745368972592285,-11.614073406064445
2025-07-29,6931,4467,0.8683057933505873,2478,4077,206,-0.24393592677345538,0.37803203661327234,1366,2755,61,-0.3370541130793497,-26.00955901397533,-28.711913864873768
2025-07-30,6940,4493,0.8707765263781861,2084,4430,227,-0.36014737488486337,0.3199263125575683,1200,2912,68,-0.4163424124513619,-42.17596610985835,-47.15142285643199
2025-07-31,6917,4534,0.8704105803395183,2422,4085,218,-0.25557092362071615,0.3722145381896419,1289,2837,79,-0.37518177411536596,-50.55854178308168,-60.62341401313232
2025-08-01,6904,4535,0.8720472440944882,1824,4713,176,-0.4419458467186783,0.27902707664066084,991,3193,51,-0.5262906309751434,-66.79159742967033,-79.3942922250343
2025-08-04,6958,4423,0.8683898973954223,4943,1612,163,0.5081617086193745,0.7540808543096873,3253,850,57,0.5856690226663417,-32.83152425345265,-39.44843895301108
2025-08-05,6916,4392,0.8720063599324257,3388,3105,246,0.04358539966117357,0.5217926998305867,2116,1915,81,0.04986355742991813,-26.860319514429303,-31.887765472487338
2025-08-06,6919,4435,0.8716316993139107,3062,3406,242,-0.05318491032776747,0.47340754483611625,1904,2139,71,-0.058125154588177096,-26.459153364439246,-30.66338642018187
2025-08-07,6954,4443,0.871352523659306,2907,3603,224,-0.10691244239631337,0.4465437788018433,1837,2239,58,-0.0986261040235525,-28.670237142802847,-31.48827287012855
2025-08-08,6868,4381,0.872158519412593,3360,3134,220,0.034801355097012626,0.5174006775485063,2034,2022,61,0.0029585798816568047,-23.331672712923414,-26.95687522522186
2025-08-11,6958,4502,0.8717114986698197,2904,3597,205,-0.1065989847715736,0.4467005076142132,1710,2379,64,-0.1636096845194424,-25.72055875524119,-31.276159082755495
2025-08-12,6950,4606,0.8715770537677393,4844,1739,186,0.47166945161780344,0.7358347258089017,3299,905,49,0.5694576593720266,1.2789682918221699,1.840601209040487
2025-08-13,6952,4567,0.8733963202386872,4821,1745,195,0.46847395674687786,0.7342369783734389,3258,981,58,0.5371549893842887,24.197394332055953,28.53109475309396
2025-08-14,6927,4492,0.873152217339193,2098,4427,232,-0.35693486590038315,0.3215325670498084,1151,2987,89,-0.44369260512324793,2.4012204924325107,2.16643153411737
2025-08-15,6906,4430,0.8731785750175862,2650,3839,223,-0.18323316381568808,0.40838341809215595,1643,2454,71,-0.19794971930680985,-7.561429138672945,-8.099043384956298
2025-08-18,6964,4474,0.874500633343077,3569,2943,214,0.09613022113022113,0.5480651105651105,2263,1807,80,0.11203931203931204,-2.0735181802792844,-1.3360776565334078
2025-08-19,6939,4438,0.8757641490830211,2748,3784,229,-0.15860379669320268,0.42069810165339866,1631,2450,81,-0.2006861063464837,-10.107687611122499,-11.183332489738957
2025-08-20,6955,4419,0.8738809640924742,3043,3435,268,-0.060512503859215805,0.4697437480703921,1901,2137,99,-0.05844477464091134,-12.021799394738494,-12.434752124402388
2025-08-21,6927,4301,0.8758131283264341,3094,3372,263,-0.04299412310547479,0.4785029384472626,2007,1979,88,0.007024586051179127,-12.722336935069425,-10.16907411681309
2025-08-22,6931,4595,0.8760224696954765,5491,1068,164,0.6743406007013264,0.8371703003506632,3537,527,45,0.7406496062992126,22.60905134296304,28.500176962661506
2025-08-25,6924,4503,0.8775289726969161,2275,4243,217,-0.3019331083154342,0.3490334458422829,1247,2931,69,-0.4030636668262326,3.8906576131279516,4.234222094526712
2025-08-26,6881,4430,0.8774900398406374,3612,2833,262,0.1208688906128782,0.5604344453064392,2376,1717,84,0.16100659662838993,9.00707763246893,11.669172744529957
2025-08-27,6876,4431,0.8776202834897185,3519,2911,257,0.09455676516329704,0.5472783825816485,2284,1770,86,0.1267883571780957,12.020975088364063,16.256797714045373
2025-08-28,6903,4342,0.878234248469287,3274,3124,276,0.023444826508283837,0.5117224132541419,1995,2013,89,-0.004491017964071856,10.982155604961918,13.533964317302447
2025-08-29,6889,4427,0.8763574773338647,2820,3604,265,-0.12204234122042341,0.43897882938978827,1785,2207,98,-0.10571142284569138,2.7646957821929172,6.07725169741976
2025-09-02,6989,4525,0.8787178746751372,2269,4260,202,-0.30494715882983614,0.34752642058508193,1298,2802,54,-0.3668292682926829,-13.420296725656181,-13.384516123416617
2025-09-03,6939,4534,0.8797803490880565,3140,3367,258,-0.03488550791455356,0.4825572460427232,1841,2294,104,-0.10955259975816203,-13.688281290474752,-17.093571602888595
2025-09-04,6924,4423,0.8808823529411764,4019,2495,230,0.23395762972060177,0.6169788148603009,2589,1509,70,0.2635431918008785,-0.40680980518448784,-1.5245566018706629
2025-09-05,6943,4438,0.8782762344164131,3833,2696,220,0.17414611732271404,0.5870730586613571,2328,1733,78,0.14651563654272345,7.960306743870222,5.943196244101271
2025-09-08,6995,4595,0.8800077041602465,3613,2953,219,0.10051781906792567,0.5502589095339628,2171,1969,77,0.048792270531400964,11.392974946853231,7.412240645620643
2025-09-09,6957,4556,0.8796741584061243,2893,3696,215,-0.12186978297161936,0.43906510851419034,1694,2508,79,-0.193717277486911,3.1515612836921867,-3.4942649952239946
2025-09-10,6985,4615,0.8785429044511542,3057,3507,230,-0.06855575868372943,0.4657221206581353,1763,2424,90,-0.1578695963697158,-1.24490399033447,-11.009471937310277
2025-09-11,6984,4664,0.880873786407767,5007,1610,181,0.5133746410760163,0.7566873205380081,3368,916,56,0.5723622782446312,24.0988627083117,19.13166721760985
2025-09-12,6948,4503,0.8829301467016419,2353,4192,221,-0.280977845683728,0.35951107715813596,1250,2953,74,-0.4051867713537949,5.9296645841253985,-4.0707696209427935
2025-09-15,7015,4634,0.8817639129597535,3249,3321,222,-0.010958904109589041,0.4945205479452055,1996,2208,81,-0.05042816365366318,3.866298943732433,-6.150568884794008
2025-09-16,6997,4606,0.8809547004383829,3116,3449,259,-0.050723533891850726,0.47463823305407465,1906,2326,91,-0.09924385633270322,0.09455833736470194,-10.338829044914826
2025-09-17,6995,4754,0.8812289966394623,3324,3236,258,0.013414634146341463,0.5067073170731707,2167,2112,94,0.012853470437017995,0.0761557291430754,-8.263230998107492
2025-09-18,6988,4697,0.8805116774881286,4440,2142,224,0.34913400182315407,0.6745670009115771,3190,1210,64,0.45,16.846009104308504,15.410047965052419
2025-09-19,7043,4873,0.8795355587808418,2522,4087,222,-0.2367983053412014,0.3816008473293993,1463,2928,82,-0.33363698474151676,1.8033883363356291,-3.608197998346959
2025-09-22,7048,4725,0.8797346664103057,3507,3138,224,0.05553047404063206,0.5277652370203161,2433,1983,78,0.10190217391304347,3.5493696071288126,1.9262006256663198
2025-09-23,7009,4686,0.8805134639513561,2799,3827,217,-0.15514639299728342,0.4224268035013583,1830,2519,78,-0.15842722464934467,-5.509406606274433,-6.367989482050065
2025-09-24,7032,4564,0.8790173803281872,2826,3799,219,-0.14686792452830189,0.42656603773584906,1822,2426,78,-0.14218455743879474,-12.813189812253759,-12.61554871620983
2025-09-25,6995,4575,0.8822004608294931,1821,4809,215,-0.4506787330316742,0.2746606334841629,1105,3110,62,-0.47568208778173193,-34.18439892947343,-34.569010634982234
2025-09-26,6977,4509,0.8831029783920576,4111,2436,250,0.2558423705513976,0.6279211852756988,2770,1393,92,0.33077107854912324,-16.9598055508953,-12.84371720581498
2025-09-29,7024,4635,0.8830297219558965,3178,3420,215,-0.03667778114580176,0.4816611094270991,2006,2183,78,-0.04225352112676056,-16.773986769316483,-12.855602721642091
2025-09-30,7032,4772,0.8826740733646202,3077,3530,242,-0.06856364461934313,0.4657181776903284,2016,2276,86,-0.06057781919850885,-18.125534950897084,-13.717701727653475
2025-10-01,7002,4617,0.8841843088418431,3640,2988,205,0.09837054918527459,0.5491852745926373,2205,2068,75,0.03206178329042827,-10.843771281163122,-9.754227744708084
2025-10-02,7020,4577,0.8827393026175988,3427,3169,230,0.0391146149181322,0.5195573074590661,2254,1933,86,0.07666587055170766,-7.526441200491888,-4.086481987502265
2025-10-03,7009,4644,0.8837861355506139,3944,2656,237,0.19515151515151516,0.5975757575757575,2648,1583,78,0.2517135428976601,3.1493532361536234,9.532256662143846
2025-10-06,7062,4758,0.8838004750593824,3392,3239,221,0.023073442919619967,0.51153672145981,2225,2115,65,0.02534562211981567,3.6575071017100074,9.810220885388333
2025-10-07,7004,4725,0.8848851734409532,2273,4369,213,-0.31556760012044566,0.3422161999397772,1329,3068,64,-0.3954969297248124,-12.858361030751116,-11.043298400395976
2025-10-08,7064,4727,0.8835760827903412,4001,2624,224,0.2078490566037736,0.6039245283018868,2676,1639,82,0.240324449594438,-0.7443036426406577,2.973228068222937
2025-10-09,7102,4711,0.881764481707317,2194,4491,236,-0.34360508601346296,0.3281974569932685,1362,2958,82,-0.36944444444444446,-17.955770188454846,-15.545952643393132
2025-10-10,7023,4833,0.8855071081003721,887,5866,133,-0.7373019398785725,0.13134903006071375,451,3994,32,-0.7970753655793026,-52.26663792743918,-52.68366844535081
2025-10-13,7078,4645,0.8847615428462854,5083,1593,202,0.5227681246255242,0.7613840623127621,3490,898,57,0.5907019143117593,-18.33759342942875,-14.784133119244778
2025-10-14,7073,4754,0.8847974252177205,4206,2504,209,0.25365126676602084,0.6268256333830104,2887,1446,69,0.3325640433879529,-2.692415309457857,4.786996703981784
2025-10-15,7047,4676,0.8857388316151202,3674,3013,205,0.09884851203828324,0.5494242560191416,2388,1971,67,0.0956641431520991,2.957536323277666,9.651382707527898
2025-10-16,7045,4762,0.8863183843747037,1754,4930,186,-0.47516457211250746,0.26241771394374624,1043,3314,64,-0.5212302042689925,-20.92719691988939,-17.082541544032402
2025-10-17,7013,4630,0.8862609364484184,2980,3672,217,-0.10402886349969934,0.44798556825015035,2039,2292,82,-0.058416070191641654,-22.687222427557366,-16.713927367528754
2025-10-20,7020,4606,0.8861295601116566,5079,1589,180,0.5233953209358129,0.7616976604679064,3328,922,62,0.5661176470588235,7.292601097299913,14.91149325274277
2025-10-21,7047,4545,0.8870828123497163,3274,3367,224,-0.01400391507303117,0.49299804246348444,2005,2179,74,-0.04158699808795411,6.018925405124185,11.491438159472333
2025-10-22,7032,4652,0.8882601189334356,2303,4384,204,-0.31120083744579036,0.34439958127710485,1465,2777,65,-0.30928807166430927,-9.960008057349645,-4.875219814889014
2025-10-23,7020,4500,0.8882799730795116,4181,2429,240,0.26505295007564295,0.6325264750378214,2699,1489,72,0.2889207258834766,5.240493248593644,11.066103593495773
2025-10-24,6993,4454,0.8881254234007548,4062,2519,233,0.23446284759155145,0.6172314237957757,2506,1584,79,0.2254278728606357,16.681214274727616,21.465961938555246
2025-10-27,7091,4615,0.885835294117647,3396,3266,191,0.019513659561693184,0.5097568297808466,2134,2027,61,0.02571497236241288,15.63216527920561,20.264865988977174
2025-10-28,7041,4535,0.8877463581833762,2459,4184,241,-0.25967183501430074,0.3701640824928496,1448,2763,69,-0.3122773687960104,0.6977928328385699,2.236987564221874
2025-10-29,7039,4655,0.8890151515151515,1971,4683,192,-0.4075743913435528,0.2962128043282236,1178,3064,53,-0.4446016030174446,-19.46971238943205,-19.80424513783673
2025-10-30,7033,4553,0.8888040469600076,2463,4197,206,-0.26036036036036037,0.3698198198198198,1562,2662,71,-0.2604166666666667,-29.254879243366638,-29.34123105486875
2025-10-31,7014,4569,0.891031175059952,3668,2932,243,0.11151515151515151,0.5557575757575758,2381,1788,75,0.14224034540657232,-18.88114691348829,-17.215797254994843
2025-11-03,7070,4587,0.8901668709342887,2582,4068,219,-0.22345864661654136,0.3882706766917293,1652,2536,70,-0.2110792741165234,-26.665889943459504,-24.42845334598246
2025-11-04,7057,4630,0.8905792308419163,1875,4843,169,-0.44179815421256324,0.27910092289371835,1152,3101,45,-0.45826475429108865,-44.10549116416869,-42.83240604577523
2025-11-05,7007,4531,0.8909021186846898,4372,2270,212,0.31647094248720264,0.6582354712436014,2825,1379,70,0.3439581351094196,-20.88236791706591,-18.242479103843753
2025-11-06,6994,4559,0.893232371036441,1975,4635,204,-0.40242057488653554,0.2987897125567322,1146,3042,55,-0.45272206303724927,-36.866761569894614,-36.96088908030657
2025-11-07,7000,4616,0.891063586022532,3680,2906,227,0.11752201639842089,0.5587610081992105,2641,1582,80,0.2507695950745915,-24.35195477096586,-17.605742259188705
2025-11-10,7014,4536,0.891146032962821,4262,2339,222,0.29131949704590215,0.645659748522951,2641,1558,70,0.2579185520361991,-4.840161151652881,-0.6116151677566031
2025-11-11,6922,4409,0.8940649059545853,3792,2758,225,0.15786259541984732,0.5789312977099237,2383,1724,75,0.16045775505234966,5.193778117315237,9.048381722064153
2025-11-12,6962,4505,0.8937049495434887,3163,3373,226,-0.032129742962056305,0.48393512851897186,2017,2071,62,-0.013209393346379647,4.247210382601223,8.579079734314114
2025-11-13,7012,4613,0.8923542198279936,1500,5120,160,-0.5468277945619335,0.22658610271903323,876,3334,39,-0.5838479809976247,-22.318243662486122,-20.396998246445996
2025-11-14,6961,4560,0.8949871587558261,2707,3866,215,-0.1763273999695725,0.41183630001521376,1739,2483,74,-0.17621980104216012,-26.39509592310533,-24.688150930990428
2025-11-17,7037,4685,0.892826924884836,1481,5159,161,-0.5539156626506024,0.22304216867469878,851,3430,48,-0.6024293389395001,-48.628242260370726,-49.54412261648798
2025-11-18,7016,4561,0.8935163274964505,3338,3244,254,0.014281373442722577,0.5071406867213613,2279,1948,84,0.07830612727702863,-38.98458936276454,-36.51148448367951
2025-11-19,6988,4538,0.8951881848499286,2664,3939,228,-0.1930940481599273,0.40345297592003637,1757,2442,54,-0.16313407954274828,-40.91311426862991,-37.25803179869872
2025-11-20,7024,4641,0.8931720127555806,1564,5065,189,-0.5281339568562378,0.23593302157188112,937,3298,52,-0.5574970484061393,-59.10943292661719,-57.428188037216195
2025-11-21,7050,4617,0.8939621226326645,4994,1663,194,0.5003755445395824,0.7501877722697912,3498,770,55,0.6391752577319587,-22.946263144772203,-14.552915374057646
2025-11-24,7015,4558,0.8946671709531013,4227,2408,205,0.2741522230595328,0.6370761115297664,2716,1512,53,0.2847682119205298,-3.2231877395733632,4.457855039241752
2025-11-25,7007,4531,0.8955887921241954,4884,1718,222,0.479551651014844,0.739775825507422,3230,959,60,0.5421341608975889,23.92612906833507,33.55807191626948
2025-11-26,6988,4544,0.8975308641975308,4351,2210,252,0.3263222069806432,0.6631611034903216,2789,1363,92,0.34344894026974954,39.35769209204506,48.33670595515488
2025-11-28,6868,4111,0.8984042025968877,4018,2428,248,0.24666459820043438,0.6233322991002171,2507,1337,75,0.30437044745057235,48.37200957784645,58.77682988766727
2025-12-01,7024,4525,0.8969178725803421,2216,4334,160,-0.3233587786259542,0.3383206106870229,1257,2627,46,-0.35272914521112253,27.33622213899797,34.55427206744228
2025-12-02,7005,4502,0.8972855386361487,2886,3683,248,-0.12132744710001522,0.4393362764499924,1729,2388,90,-0.16006801068739374,19.31550934438448,23.304270496999138
2025-12-03,6968,4513,0.8957341458769759,4660,1908,214,0.4190012180267966,0.7095006090133983,3114,1035,61,0.5010845986984815,39.377655614608614,46.626628271079014
2025-12-04,7000,4523,0.8982132674396502,3571,2963,242,0.09305172941536578,0.5465258647076829,2353,1782,85,0.1380894800483676,40.036427967005665,48.18435509405622
2025-12-05,7012,4513,0.8963449457452884,2870,3683,255,-0.12406531359682588,0.43796734320158703,1731,2407,79,-0.16336394393426776,29.543644037860535,34.20261855309969
2025-12-08,7048,4547,0.897648165569144,2780,3805,237,-0.1556567957479119,0.42217160212604404,1715,2439,67,-0.17428984111699566,18.84502145069784,21.530925858679957
2025-12-09,7086,4548,0.8978590964821277,3710,2923,243,0.11864917835067089,0.5593245891753355,2304,1856,81,0.1076923076923077,23.318772736349388,24.688081416122856
2025-12-10,7014,4703,0.9014667168108311,4264,2345,257,0.2903616280829172,0.6451808140414587,2854,1375,61,0.34972806810120594,35.61285870851203,39.365797031100826
2025-12-11,7012,4600,0.899793582285607,3915,2683,230,0.18672324946953622,0.5933616247347681,2676,1599,71,0.2519298245614035,40.76431899049948,46.82850271976137
2025-12-12,7011,4594,0.9010363178041266,2177,4395,241,-0.337492391965916,0.331253804017042,1402,2849,64,-0.3403904963537991,18.754213864873645,23.3589575242072
2025-12-15,7073,4688,0.8995913059632176,2529,4102,213,-0.23721912230432815,0.3813904388478359,1633,2650,52,-0.23745038524398787,4.855466396218575,8.322707149877907
2025-12-16,7003,4624,0.902088772845953,2800,3784,254,-0.14945321992709598,0.425273390036452,1760,2526,76,-0.1787214185720952,-2.663944902600992,-1.6384521223283952
2025-12-17,7035,4651,0.9018097447795823,2543,4037,243,-0.2270516717325228,0.3864741641337386,1693,2575,65,-0.20665417057169636,-12.959644428850062,-11.543688639433201
2025-12-18,6980,4616,0.9023842917251051,3808,2765,242,0.15867944621938232,0.5793397231096912,2433,1804,85,0.14845409487845174,-2.4111134040535087,-2.199534145853238
2025-12-19,7006,4759,0.9020531173478998,3522,3039,237,0.07361682670324646,0.5368084133516232,2334,1932,78,0.09423347398030943,2.3668052133610193,3.089684571979781
2025-12-22,7060,4664,0.9009017298490982,3831,2793,231,0.15670289855072464,0.5783514492753623,2677,1615,75,0.24743709226467847,10.594395197557546,15.256699067085567
2025-12-23,7016,4543,0.903122648607976,2414,4197,244,-0.2697020117985176,0.3651489941007412,1448,2740,79,-0.30850047755491883,-3.7442328594043257,-2.213665525914279
2025-12-24,6830,3937,0.9057949770350826,3795,2585,330,0.1896551724137931,0.5948275862068966,2298,1407,107,0.24048582995951417,6.982820526805832,10.309556450422072
2025-12-26,6925,4358,0.9049302503344162,2898,3489,279,-0.09253170502583373,0.45373414748708313,1659,2009,99,-0.09541984732824428,2.0101931974001452,4.1700795935496195
2025-12-29,7049,4642,0.9028713876835011,2195,4339,255,-0.32812978267523724,0.3359351086623814,1312,2743,91,-0.3528976572133169,-14.031358017698892,-13.973914011297706
2025-12-30,7060,4633,0.9057490326147043,2783,3881,231,-0.164765906362545,0.41761704681872747,1618,2622,82,-0.23679245283018868,-19.50853370088547,-23.611898754229273
2025-12-31,7087,4703,0.9027944295859079,2103,4569,248,-0.36960431654676257,0.3151978417266187,1108,3111,93,-0.4747570514339891,-34.335896750716444,-43.63254614585463
2026-01-02,6992,4494,0.9064370568192283,4214,2473,173,0.2603559144608943,0.6301779572304471,2599,1588,51,0.24146166706472413,-15.3436011241855,-24.72110101002939
2026-01-05,7064,4687,0.9051542616497299,4511,2123,209,0.3599638227313838,0.6799819113656919,2949,1290,54,0.3913658881811748,5.951925055643859,-0.9329988580261197
2026-01-06,7023,4569,0.9046785780069995,4022,2597,253,0.21528931862819156,0.6076446593140958,2783,1501,79,0.2992530345471522,16.896115108960135,14.804850794525676
2026-01-07,7007,4520,0.9048678720445062,2865,3739,247,-0.13234403391883706,0.43382798304058146,1612,2583,70,-0.23146603098927293,8.78724940164932,1.6507347166635766
2026-01-08,6970,4522,0.9070440956651719,4127,2441,235,0.2566991473812424,0.6283495736906212,2718,1438,70,0.30798845043310874,21.262392039894298,17.368435867627245
2026-01-09,6957,4507,0.9072754547159197,3427,3105,252,0.04929577464788732,0.5246478873239436,2101,2031,78,0.016940948693126814,21.45215839872653,16.167853085363955
2026-01-12,7010,4524,0.9068282753515914,3591,2965,245,0.09548505186089079,0.5477425259304454,2204,1947,82,0.06191279209828957,23.816611704184627,17.309107711360156
2026-01-13,6981,4551,0.9083480360293434,3152,3461,221,-0.04672614547104189,0.47663692726447904,1932,2262,62,-0.07868383404864092,18.608576355233748,11.168503570683585
2026-01-14,7009,4560,0.9080077583818232,3853,2724,242,0.17165881100805838,0.5858294055040292,2485,1692,82,0.18984917404836008,24.98191107405959,19.28909491740175
2026-01-15,7029,4622,0.9085112281674522,3903,2728,220,0.1771980093500226,0.5885990046750114,2498,1738,59,0.1794145420207743,30.583162620383597,25.614023442879482
2026-01-16,6967,4532,0.908861469433539,2753,3807,260,-0.16067073170731708,0.4196646341463415,1723,2469,80,-0.17795801526717558,18.32587982652172,13.025139350551054
2026-01-20,7069,4659,0.9075034106412005,1803,4872,170,-0.4597752808988764,0.2701123595505618,1105,3130,48,-0.4781582054309327,-7.2009538209407555,-12.813491753330366
2026-01-21,7021,4645,0.9091989758595465,4696,1942,236,0.41488400120518226,0.7074420006025911,3177,1101,67,0.485273492286115,14.742572284786462,13.330130997470055
2026-01-22,7030,4611,0.9084780199482823,4243,2383,223,0.28071234530636885,0.6403561726531845,2692,1575,63,0.26177642371689713,26.72199144881863,24.44142436595617
2026-01-23,7004,4518,0.9098680542650065,2395,4195,244,-0.2731411229135053,0.36342943854324733,1322,2883,59,-0.3712247324613555,9.138111465828336,2.1693152652693906
2026-01-26,7058,4586,0.9081717069583601,2966,3649,245,-0.10325018896447467,0.44837490551776266,1860,2332,67,-0.11259541984732824,2.552750220494021,-3.9527189614427916
2026-01-27,7019,4524,0.9103192966219343,3597,3016,249,0.08785725086949947,0.5439286254347497,2263,1927,72,0.0801909307875895,6.464874596329419,0.47202290127139335
2026-01-28,7004,4613,0.9127659574468086,2372,4212,246,-0.27946537059538273,0.3602673147023086,1341,2858,68,-0.3612764944034294,-8.588714508557072,-17.820554180165278
2026-01-29,7027,4644,0.9108965014577259,3168,3427,239,-0.039272175890826384,0.4803639120545868,2121,2152,59,-0.007254856073016616,-9.406929885464422,-15.67052289737217
2026-01-30,7006,4714,0.914058209774849,2485,4135,217,-0.24924471299093656,0.37537764350453173,1502,2813,68,-0.3038238702201622,-20.55809623829839,-28.582344243454482
2026-02-02,7053,4725,0.9125912408759124,3829,2790,237,0.15697235231908144,0.5784861761595407,2606,1744,69,0.19816091954022988,-9.678699723279042,-14.379800285117984
2026-02-03,7034,4711,0.9126399126399126,3041,3601,219,-0.08431195423065342,0.4578440228846733,2153,2219,52,-0.015096065873741994,-12.39263753180785,-12.82757547001328
2026-02-04,6989,4669,0.9143377332726446,3066,3538,230,-0.07147183525136282,0.4642640823743186,2129,2227,58,-0.022497704315886134,-14.009085221476408,-11.806367297855898
2026-02-05,7039,4702,0.9151181670575501,1751,4906,175,-0.4739372089529818,0.26303139552350907,1045,3330,41,-0.5222857142857142,-35.44437125511659,-35.863602972663465
2026-02-06,6995,4626,0.915081459907163,5278,1358,194,0.5907172995780591,0.7953586497890295,3694,636,43,0.7062355658198615,-0.36159353105132475,5.172842545518167
2026-02-09,7033,4529,0.91421813881561,3690,2897,228,0.12038864429937757,0.5601943221496888,2333,1881,64,0.10726150925486473,6.119556626745661,10.284436422586039
2026-02-10,7010,4476,0.9154388212684177,3493,3100,255,0.059608675868345215,0.5298043379341726,2101,2025,76,0.018419777023751818,8.591343806976738,10.161340393810493
2026-02-11,7012,4482,0.9172720668361787,2792,3770,247,-0.14903992685156964,0.4254800365742152,1719,2405,61,-0.16634335596508246,0.22933499104368318,0.7671299377966347
2026-02-12,7048,4550,0.9174163368118028,1904,4701,230,-0.4234670704012112,0.2882664647993944,995,3184,47,-0.5238095238095238,-20.64268639901638,-25.14206404400627
2026-02-13,6957,4407,0.9184458902226702,4244,2314,244,0.2942970417810308,0.6471485208905154,2754,1359,74,0.33916849015317285,-2.4968456464105513,-4.019813880092885
2026-02-17,7060,4526,0.91629284048089,3229,3367,217,-0.020921770770163734,0.4895391146149181,1957,2145,70,-0.04583130180399805,-2.7306082022602407,-5.190180518405023
2026-02-18,6957,4452,0.918241879243898,3678,2876,253,0.12236801953005798,0.561184009765029,2419,1722,55,0.16831683168316833,4.247667368510662,4.542513582788444
2026-02-19,6960,4409,0.9174953959484347,3202,3260,293,-0.00897554936552151,0.49551222531723926,2072,2012,82,0.014691478942213516,3.6256761998982574,5.159986834347176
2026-02-20,6946,4392,0.918731778425656,3410,3062,289,0.05377008652657602,0.526885043263288,2171,1888,84,0.06972160630697216,6.213027164340036,8.413632898496092
2026-02-23,6952,4458,0.9200911161731208,1922,4595,222,-0.41015804818167867,0.29492097590916067,1181,2929,57,-0.42530413625304136,-14.802259632296675,-13.597855009149743
2026-02-24,6922,4364,0.9208103130755064,4125,2350,261,0.27413127413127414,0.637065637065637,2762,1307,69,0.3575817154091914,1.518147570388059,6.794604687970453
2026-02-25,6926,4415,0.9212177121771218,3978,2478,279,0.23234200743494424,0.6161710037174721,2442,1593,70,0.2104089219330855,13.375041656015073,16.837545031763074
2026-02-26,6934,4437,0.9197632058287796,3610,2868,265,0.11454152516208706,0.5572707625810436,2393,1680,66,0.17505524183648416,17.555786777303236,23.572387295716887
2026-02-27,6971,4563,0.9198975859546452,2349,4191,225,-0.281651376146789,0.3591743119266055,1490,2623,66,-0.27546802820325794,1.2328998566742961,6.686651992931703
2026-03-02,7004,4555,0.9207741702089174,3552,3019,228,0.08111398569471923,0.5405569928473596,2305,1855,64,0.10817307692307693,5.40893513232859,11.397970305402454
2026-03-03,6969,4547,0.9219768283852281,1890,4722,193,-0.4283121597096189,0.28584392014519056,1163,3047,61,-0.4475059382422803,-16.51890665286554,-12.414793147229927
2026-03-04,6977,4454,0.9213472834067548,4304,2242,226,0.31500152765047357,0.6575007638252368,2734,1413,57,0.3185435254400772,1.98106752206243,5.589841250623413
2026-03-05,6993,4514,0.9223265895953757,1916,4628,233,-0.41442542787286063,0.2927872860635697,1112,3032,57,-0.46332046332046334,-18.682707672151174,-18.137344983492127
2026-03-06,6997,4520,0.920961887477314,1889,4686,229,-0.4253992395437262,0.28730038022813686,1098,3108,54,-0.47788873038516405,-36.80551250838633,-39.06181584197849
2026-03-09,7023,4634,0.9217741935483871,3085,3503,225,-0.06344869459623557,0.4682756527018822,2132,2104,66,0.0066100094428706326,-34.01895583345094,-32.531992355372715
2026-03-10,7011,4545,0.921121902514296,3361,3187,263,0.02657299938912645,0.5132864996945632,2035,2187,74,-0.03600189483657035,-26.965270397945815,-28.916928526519946
2026-03-11,6955,4453,0.9222365038560412,2521,3993,270,-0.22597482345716918,0.38701258827141544,1490,2661,70,-0.2821006986268369,-33.426934140913986,-37.98640449973156
2026-03-12,6935,4536,0.9235418002014467,1762,4764,226,-0.4600061293288385,0.2699969353355808,1016,3142,49,-0.5113035113035113,-50.48608726403067,-57.01101506816257
2026-03-13,6924,4548,0.9228924552665559,2286,4211,236,-0.2962905956595352,0.3518547021702324,1546,2647,73,-0.2625804912950155,-56.63345606451012,-60.55585102840548
2026-03-16,6977,4512,0.9232105311271597,4074,2454,228,0.24816176470588236,0.6240808823529411,2771,1395,74,0.33029284685549687,-34.38367109032662,-33.64023961174552
2026-03-17,6957,4493,0.9252500926268988,3748,2783,242,0.14775685193691623,0.5738784259684582,2435,1736,79,0.16758571086070487,-20.208432220396414,-18.594547452182113
2026-03-18,6956,4573,0.9244223511000644,1452,5072,225,-0.5548743102391172,0.22256284488044145,780,3455,42,-0.6316410861865407,-43.11911893430575,-45.598847770856764
2026-03-19,6949,4541,0.923980335032775,3027,3451,270,-0.06545230009262118,0.4672738499536894,2138,2072,88,0.015676959619952493,-38.02105997270193,-36.09362801414466
2026-03-20,6954,4824,0.9252811026478056,1610,4976,167,-0.5110841178256909,0.24445794108715457,1009,3310,49,-0.5327622134753415,-55.753705147320616,-55.208155636849774
2026-03-23,6981,4605,0.9257808942719242,4733,1843,199,0.43947688564476883,0.7197384428223844,3263,1094,52,0.497819600642644,-23.10829807236002,-19.74594527017913
2026-03-24,6946,4550,0.9253470626091753,3139,3389,244,-0.03829656862745098,0.4808517156862745,2194,2049,73,0.03417393353759133,-18.969606246517902,-12.509309035577468
2026-03-25,6952,4469,0.9244808641400503,3862,2640,241,0.18794217163949553,0.5939710858197478,2455,1711,72,0.1785885741718675,-4.024239690842965,0.9612935218986443
2026-03-26,6915,4464,0.9260560125704779,2234,4280,212,-0.3140927233650599,0.34295363831747006,1505,2627,53,-0.27153920619554694,-16.327574837514458,-10.032536777439496
2026-03-27,6912,4541,0.9279742765273312,1358,5126,208,-0.581122763726095,0.2094386181369525,719,3435,49,-0.6538276360134809,-40.11679053178277,-38.496520490383105
2026-03-30,6948,4579,0.9274053807569539,2893,3615,215,-0.11094038106945298,0.4445298094652735,1874,2336,65,-0.10973871733966746,-36.746866864891146,-35.43629802880729
2026-03-31,6956,4744,0.9279775890113863,5019,1579,171,0.5213701121551986,0.7606850560775993,3584,720,29,0.6654275092936803,-2.06632313414179,6.115684997651437
2026-04-01,6943,4512,0.9284999545165105,4067,2451,228,0.24792881251917767,0.6239644062595888,2597,1614,76,0.2334362384231774,13.923808389518573,20.012488516760254
2026-04-02,6892,4409,0.930194058677458,3628,2846,242,0.12079085573061477,0.5603954278653074,2383,1747,66,0.1539951573849879,21.16885396087245,27.822139031105014
2026-04-06,6957,4421,0.927674397286644,3911,2547,247,0.21121090120780428,0.6056054506039021,2496,1560,77,0.23076923076923078,31.77852592843513,38.198983194926406
2026-04-07,6926,4463,0.9290404961692813,3608,2872,255,0.11358024691358025,0.5567901234567901,2467,1618,72,0.20783353733170135,35.80937011634784,45.733405367142595
2026-04-08,6930,4567,0.9287094103578327,4513,1979,213,0.39032655576093656,0.6951632778804683,2828,1352,63,0.35311004784688993,52.91401048879929,59.21049482331116
2026-04-09,6905,4452,0.9309713448686259,3713,2754,251,0.14829132518942323,0.5741456625947116,2347,1796,85,0.13299541395124306,55.172146426225616,59.43162213943638
2026-04-10,6883,4369,0.9285450175633204,2653,3765,265,-0.1732626986600187,0.4133686506699907,1540,2507,60,-0.2389424264887571,40.7492907281219,40.72663586202625
2026-04-13,6923,4443,0.9288194444444444,4446,2015,239,0.3762575452716298,0.6881287726358148,2975,1082,60,0.466600936652699,55.69001484918505,59.80740757260326
2026-04-14,6936,4518,0.9291808091000826,4172,2315,240,0.2862648373670418,0.6431324186835209,2577,1537,76,0.25279533300923673,63.68624850321871,65.13215016511047
2026-04-15,6949,4465,0.9291750872680508,3712,2805,239,0.13917446677919287,0.5695872333895965,2359,1794,62,0.13604623163977847,62.85007850550895,63.52168926240569
2026-04-16,6957,4457,0.9318430656934307,3254,3215,287,0.0060287525119802135,0.5030143762559901,2137,1966,89,0.04167682183767975,55.16361705157891,57.10866625417613
2026-04-17,6960,4611,0.9303733602421796,4695,1808,247,0.4439489466400123,0.7219744733200062,3151,1046,59,0.5015487252799619,70.21188412961246,74.33358342298308
2026-04-20,7012,4497,0.9301143583227446,3462,3063,241,0.06114942528735632,0.5305747126436782,2318,1869,63,0.10723668497731072,63.587116993050266,68.97361767006556
2026-04-21,6899,4478,0.9332179300291545,2039,4436,262,-0.3701930501930502,0.3149034749034749,1235,2906,58,-0.4035257184255011,36.03788173230402,38.50785869283015
2026-04-22,6910,4398,0.9330613758575932,3469,2950,268,0.08085371553201433,0.5404268577660072,2143,1955,71,0.04587603709126403,34.85543446195769,34.73718324966797
2026-04-23,6898,4439,0.9335286577549899,2544,3928,210,-0.2138442521631644,0.3930778739184178,1541,2569,40,-0.25012165450121654,18.935266488742855,16.539685249891946
2026-04-24,6861,4354,0.93445832556405,3379,3004,269,0.058749804167319446,0.5293749020836597,2074,1965,79,0.02698687794008418,18.858549355724648,14.75355265589902
2026-04-27,6891,4429,0.9335002782415136,3192,3228,233,-0.005607476635514018,0.497196261682243,2058,2008,72,0.012297097884899164,15.480799420073781,12.418152521996326
2026-04-28,6894,4379,0.933947343938971,2635,3772,275,-0.17746215077259248,0.41126892461370373,1721,2326,76,-0.14949345193970842,3.9226855211379994,2.269767153669163
2026-04-29,6933,4430,0.933839881393625,1943,4524,223,-0.3991031390134529,0.3004484304932735,1105,2974,43,-0.4582005393478794,-17.061164702100804,-21.85380554242746
2026-04-30,6938,4498,0.9339795171909291,4816,1706,206,0.47684759276295613,0.738423796381478,3155,964,61,0.5319252245690702,8.880485769360972,7.13609702596955
2026-05-01,6873,4395,0.935599778883361,3518,2938,244,0.08983890954151177,0.5449194547707559,2212,1897,65,0.07666098807495741,11.665760332541769,9.123571412113504
2026-05-04,6974,4518,0.9352277852954443,2470,4029,213,-0.2398830589321434,0.38005847053392827,1592,2526,63,-0.22680913064594463,-2.497257141284117,-4.3962617808390885
2026-05-05,6862,4439,0.9357255155830945,3890,2561,254,0.2060145713842815,0.6030072856921408,2555,1584,63,0.234597728920029,7.700730720122412,7.136605126389327
2026-05-06,6929,4564,0.934564065070371,4030,2455,210,0.24286815728604472,0.6214340786430224,2609,1564,61,0.2504193625688953,18.224185983112548,17.75260498888099
2026-05-07,6891,4507,0.9381199381199381,2488,3961,243,-0.22840750503954102,0.3857962474802295,1510,2701,56,-0.2828306815483258,3.5668361867742595,0.0780196405059004
2026-05-08,6876,4460,0.9364947310038824,3514,2923,228,0.09181295634612396,0.545906478173062,2231,1936,54,0.07079433645308375,7.027990999254406,2.647109969513145
2026-05-11,6952,4570,0.938362381989833,2615,3869,219,-0.1933991363355953,0.4033004318322023,1634,2551,54,-0.21911589008363203,-4.308466225157305,-9.665064675869015
2026-05-12,6921,4496,0.9389864617636298,2466,4012,255,-0.23865390552639704,0.3806730472368015,1578,2629,63,-0.24982172569526978,-16.24233328044362,-21.678940454873302
2026-05-13,6897,4537,0.9390975362185107,2663,3752,285,-0.16975837879968822,0.4151208106001559,1653,2547,64,-0.21285714285714286,-22.91980160997576,-29.994180401741257
2026-05-14,6910,4502,0.9401607893294354,3544,2905,244,0.09908512947743836,0.5495425647387192,2298,1895,52,0.09611256856665872,-15.072262609819532,-21.505254083114572
2026-05-15,6896,4542,0.9389986219568213,1575,4923,189,-0.5152354570637119,0.24238227146814403,994,3197,54,-0.5256502028155572,-39.00328477869438,-45.22783437938399
2026-05-18,6941,4570,0.9409797541576284,3310,3167,218,0.022078122587617724,0.5110390612938088,2336,1904,50,0.1018867924528302,-32.40361332662242,-33.90765159737805
2026-05-19,6905,4511,0.9415268994592613,2175,4301,235,-0.32828906732550955,0.3358554663372452,1358,2844,67,-0.35364112327463115,-44.11723566412415,-46.835752847149145
2026-05-20,6963,4538,0.9403094387988647,4657,1839,214,0.4338054187192118,0.7169027093596059,3136,1078,49,0.4883720930232558,-15.807072282131434,-15.554439836573335
2026-05-21,6950,4522,0.940483797352807,3718,2770,248,0.1461159062885327,0.5730579531442663,2609,1599,65,0.24001901140684412,-5.907322850650963,-1.1487990941687352
2026-05-22,6943,4543,0.9410042989115521,3478,2984,253,0.07644692045806252,0.5382234602290312,2246,1948,76,0.07105388650453028,-0.8969497640054104,2.7255114909423486
2026-05-26,7025,4635,0.9398748526344427,4117,2410,224,0.2615290332465145,0.6307645166232573,2681,1565,71,0.2628356099858691,12.645509613319161,15.613505657824557
2026-05-27,6992,4516,0.9427505233457723,3317,3225,251,0.014062977682665852,0.507031488841333,2060,2160,80,-0.023696682464454975,11.787782054672645,12.228058519703517
2026-05-28,7023,4615,0.9428107523001984,3883,2627,282,0.19293394777265746,0.5964669738863287,2424,1779,70,0.15346181299072092,19.93903458625609,18.130285696770304
2026-05-29,6995,4654,0.9427591188154568,2824,3726,249,-0.13770992366412213,0.4311450381679389,1808,2468,58,-0.15434985968194576,10.276466755989675,7.695454871045223
2026-06-01,7030,4675,0.9430662145279315,3025,3558,221,-0.08096612486708188,0.45951693756645906,1964,2351,53,-0.08968713789107764,4.800778867183955,1.9683333302384582
2026-06-02,6966,4584,0.9434680195687625,3103,3429,257,-0.04990814451928965,0.4750459277403552,2081,2205,66,-0.028931404573028466,1.6479608453087558,0.0995894120999403
2026-06-03,6970,4653,0.9439971048584095,1816,4730,207,-0.4451573479987779,0.27742132600061103,1125,3184,45,-0.4778370851705732,-20.818398541595496,-23.943968614846227
2026-06-04,6950,4541,0.9433774234462765,4304,2176,247,0.32839506172839505,0.6641975308641975,2990,1251,62,0.41004480075453903,-1.245423338332009,0.012603411444640214
2026-06-05,6923,4638,0.9440565781122495,1735,4789,195,-0.46811771919068057,0.2659411404046597,1156,3122,46,-0.4595605423094904,-24.32994146880385,-22.984857676335366
2026-06-08,6983,4586,0.9452462565397799,3342,3118,272,0.0346749226006192,0.5173374613003096,2208,2024,94,0.043478260869565216,-18.805922673448265,-17.380822459052816
2026-06-09,6942,4663,0.9459556191839656,3603,2881,259,0.11135101789019124,0.5556755089450957,2528,1778,68,0.17417556897352532,-10.155052225573398,-5.967602830782962
2026-06-10,6943,4652,0.9461753815587465,2739,3756,235,-0.15658198614318708,0.42170900692840646,1732,2601,60,-0.2005538887606739,-16.104432933181435,-14.915934921168283
2026-06-11,6970,4597,0.947655690765927,4460,2023,263,0.37590621625790527,0.6879531081289526,3097,1200,58,0.4414707935769141,5.513778846534217,9.609054933037507
2026-06-12,6898,4621,0.9499863350642253,3688,2771,243,0.14197244155442018,0.5709862207772101,2553,1733,67,0.19132057862809146,12.273092288784177,18.022365236277142
2026-06-15,7004,4655,0.946569026308652,3368,3158,202,0.032178976402083975,0.516089488201042,2158,2170,54,-0.0027726432532347504,12.501266562847162,15.420972625299333
2026-06-16,6976,4617,0.9474593218798291,2900,3603,274,-0.10810395202214362,0.4459480239889282,1891,2396,83,-0.11779799393515279,5.619702813145399,7.368409545690907
2026-06-17,6941,4608,0.9492481203007519,2377,4116,235,-0.2678268904974588,0.3660865547512706,1417,2874,67,-0.3395478909345141,-8.278279630681096,-10.640868785070817
2026-06-18,6879,4792,0.949039949039949,3777,2666,236,0.1724352009933261,0.586217600496663,2580,1771,57,0.1859342679843714,1.8934413525399014,0.2885105319975381
2026-06-22,6954,4655,0.949128038312099,2678,3825,191,-0.17638013224665539,0.4118099338766723,1900,2463,51,-0.12903965161586065,-6.85997107556792,-6.117008684580609
2026-06-23,6895,4580,0.9510237214756021,3184,3297,239,-0.017435580928869,0.4912822095355655,2215,2095,49,0.027842227378190254,-6.36261128033295,-3.719048621629477
2026-06-24,6936,4684,0.9492590929501572,3262,3217,228,0.0069455162833770645,0.5034727581416886,2312,1986,55,0.07584923220102373,-4.686500738393082,0.7501527164435623
2026-06-25,6931,4623,0.9495461825947678,3029,3477,215,-0.06885951429449738,0.4655702428527513,2110,2214,55,-0.024051803885291396,-7.020245250236251,-0.4274827074019628
2026-06-26,6898,4751,0.9513523163438364,4225,2272,213,0.3006002770509466,0.6503001385254733,2951,1364,57,0.3677867902665122,9.49249398566122,18.159706126337305
2026-06-29,6941,4656,0.9511377668019051,3681,2816,210,0.1331383715561028,0.5665691857780514,2371,1987,55,0.08811381367599816,15.190328287683066,19.97730521902699
2026-06-30,6987,4749,0.9498113538650522,3194,3340,226,-0.022344658708295072,0.4888276706458525,2128,2184,81,-0.012987012987012988,12.21187346125343,16.376424584030982
2026-07-01,6935,4593,0.9530698659139026,3775,2757,220,0.15584813227189223,0.5779240661359462,2337,1929,79,0.09563994374120956,18.51387476635919,18.647137354600364
2026-07-02,6977,4559,0.9525733356753908,3315,3218,218,0.014847696311036277,0.5074238481555181,2166,2081,57,0.020014127619496114,16.759494710350026,16.71407028057851
2026-07-06,6989,4506,0.9531743247983164,3631,2935,230,0.10600060919890344,0.5530003045994517,2220,1965,63,0.06093189964157706,19.733347933303797,17.023616181990985
2026-07-07,6915,4509,0.9546865301055245,2457,4079,209,-0.2481640146878825,0.37591799265605874,1596,2596,56,-0.2385496183206107,4.469094504923455,2.2290839486793033
2026-07-08,6960,4505,0.9533924339506714,2205,4314,204,-0.32351587666820064,0.33824206166589965,1373,2827,53,-0.3461904761904762,-12.371780747882262,-15.813429424038857
2026-07-09,6855,4461,0.9537609011627907,4020,2423,245,0.24786590097780536,0.6239329504889027,2680,1466,62,0.2928123492522914,1.8602186970085601,0.7894300615456903
2026-07-10,6844,4347,0.9545865749954767,3210,3177,239,0.005166744950681071,0.5025833724753406,2064,2000,73,0.015748031496062992,1.8843193275489563,1.127711883601331
2026-07-13,6887,4511,0.9565995525727069,2550,3854,227,-0.20362273579013118,0.39818863210493444,1665,2436,64,-0.18800292611558156,-8.543970267017363,-8.776243598541331
2026-07-14,6874,4427,0.9571009858779643,3410,2987,255,0.06612474597467563,0.5330623729873378,2166,1977,66,0.04561911658218682,-3.930063930796139,-5.519142182892182
2026-07-15,6882,4459,0.956271576524741,3552,2862,243,0.10757717492984098,0.5537885874649204,2256,1864,71,0.09514563106796116,2.1070977540852556,-0.23039903730897976
2026-07-16,6853,4471,0.9576097604417134,3041,3370,234,-0.05131804710653564,0.4743409764467322,2090,2039,60,0.012351658997335917,-0.6864255959304089,0.1529297438199401
2026-07-17,6831,4408,0.9567741359292667,2356,4021,248,-0.2610945585698604,0.3694527207150698,1499,2599,62,-0.26842362127867253,-13.560281505380388,-13.558852810834358
2026-07-20,6800,4415,0.9593038821954485,2383,3968,236,-0.24956699732325618,0.3752165013383719,1431,2641,60,-0.29715127701375244,-23.92324883810301,-26.651015417763602
2026-07-21,6950,4441,0.9575258826652508,3715,2688,223,0.1603935655161643,0.5801967827580822,2554,1546,46,0.24585365853658536,-12.165941521419313,-10.561312592082402
2026-07-22,6895,4409,0.9591380543633763,2523,3923,246,-0.21718895439031957,0.3914055228048402,1603,2500,58,-0.21862052156958323,-20.931740053371847,-19.97551911847299
2026-07-23,6826,4427,0.9611736548178353,2034,4392,207,-0.36694677871148457,0.3165266106442577,1340,2768,62,-0.3476144109055501,-35.80973031398266,-34.37448256974292
2026-07-24,6852,4382,0.9604570204409533,3118,3235,256,-0.018416496143554225,0.4907917519282229,2065,2018,53,0.01151114376683811,-30.924849206838473,-28.557446174110595
2026-07-27,6866,4402,0.9606971367597368,3900,2477,253,0.22314567978673358,0.6115728398933667,2606,1462,54,0.28121927236971483,-14.515542817681613,-9.955686394830563
2026-07-28,6884,4430,0.9607929905301354,3490,2865,299,0.0983477576711251,0.5491738788355626,2327,1768,72,0.1365079365079365,-6.652904246644511,-1.2369701446608983
2026-07-29,6893,4475,0.9623731186559328,2032,4379,255,-0.36608953361410074,0.3169552331929496,1286,2858,55,-0.37934362934362936,-23.11894831143585,-19.568861192620826
2026-07-30,6874,4414,0.9611522198731501,3760,2635,276,0.17591868647380765,0.5879593432369038,2396,1740,47,0.15860735009671179,-9.981410240879853,-8.247234760646403
2026-07-31,6866,4508,0.9621178750770857,2798,3605,253,-0.12603467124785256,0.4369826643760737,1657,2457,59,-0.19445794846864364,-13.79657602543309,-16.17927291577281
2026-08-03,6882,4505,0.9630216587427364,4547,1881,232,0.4147479775980087,0.7073739887990044,3099,1057,49,0.4913378248315688,10.049572551194121,11.409519491183598
2026-08-04,6903,4592,0.9625593250131833,4341,2082,262,0.3517048108360579,0.6758524054180289,2982,1238,58,0.4132701421800948,27.23562338335688,31.03750526910171
2026-08-05,6831,4462,0.9641846480367882,2656,3729,279,-0.16805011746280343,0.4159749412685983,1678,2517,66,-0.2,15.805772312996186,17.00073847387145
2026-08-06,6824,4429,0.9638703950288504,2873,3487,254,-0.09654088050314466,0.45172955974842766,1868,2245,73,-0.09166058837831267,9.529682634255753,10.331269752664584
2026-08-07,6854,4429,0.9645459392216101,3961,2407,273,0.2440326633165829,0.6220163316582915,2586,1533,55,0.2556445739257101,21.144654736747782,21.942475762470533
