date,n_total,n_total_liq,classifiable_pct,adv,dec,unch,rana,adv_pct,adv_liq,dec_liq,unch_liq,rana_liq,osc,osc_liq
2018-05-01,1547,1088,0.5846497972878513,0,0,0,0.0,0.0,0,0,0,0.0,0.0,0.0
2018-05-02,1548,1097,0.5807622504537205,677,813,41,-0.0912751677852349,0.45436241610738254,433,597,14,-0.15922330097087378,-4.563758389261745,-7.961165048543689
2018-05-03,1544,1097,0.5855754331595999,643,852,33,-0.13979933110367893,0.43010033444816054,471,563,15,-0.08897485493230174,-10.86916118605643,-11.215733037877225
2018-05-04,1541,1083,0.5817442512619181,1164,329,32,0.5592766242464836,0.7796383121232418,841,192,9,0.6282671829622459,18.747862996122524,21.91979189115937
2018-05-07,1537,1095,0.5784928262989274,934,550,35,0.2587601078167116,0.6293800539083558,664,358,14,0.299412915851272,28.950853535416318,33.698353390481174
2018-05-08,1544,1095,0.5829596412556054,767,726,30,0.027461486939048894,0.5137307434695244,549,490,12,0.05678537054860443,25.964725134952296,31.469154440315535
2018-05-09,1539,1088,0.5799748988983405,1006,488,29,0.3467202141900937,0.6733601070950469,732,308,11,0.4076923076923077,39.24469808943304,46.951190422907494
2018-05-10,1552,1087,0.5827187978294143,1089,410,29,0.45296864576384255,0.7264843228819213,782,244,11,0.5243664717348928,55.71527305375436,65.78728343803836
2018-05-11,1545,1062,0.5794587092297016,811,690,33,0.08061292471685542,0.5403064623584277,545,472,12,0.07177974434611603,50.90125223063095,58.9338701793462
2018-05-14,1549,1082,0.581924849839363,603,893,34,-0.19385026737967914,0.40307486631016043,410,598,14,-0.1865079365079365,32.80759856088055,39.86514844956504
2018-05-15,1547,1099,0.5846475924633636,559,934,41,-0.2511721366376423,0.3744139316811788,404,613,19,-0.2055063913470993,14.307393217541396,22.412142886396197
2018-05-16,1547,1103,0.5845788517949434,1024,467,39,0.3735747820254863,0.6867873910127431,720,313,13,0.39399806389157793,29.655526616055145,37.3529851773887
2018-05-17,1541,1090,0.5869227510238667,807,679,38,0.08613728129205922,0.5430686406460296,585,449,13,0.13152804642166344,28.25802800203278,36.81713953680464
2018-05-18,1552,1076,0.5879538418238108,733,747,46,-0.00945945945945946,0.49527027027027026,490,532,13,-0.0410958904109589,22.142039509457547,27.543708974790125
2018-05-21,1549,1059,0.5864746576309473,1131,364,40,0.5130434782608696,0.7565217391304347,768,228,15,0.5421686746987951,42.92730603677489,48.64043555488147
2018-05-22,1549,1073,0.5846925972396487,561,931,36,-0.2479892761394102,0.3760053619302949,374,625,11,-0.25125125125125125,22.43243466743336,26.763938305582837
2018-05-23,1542,1071,0.5812691344280545,740,761,30,-0.013990672884743505,0.49300466355762823,498,520,8,-0.021611001964636542,16.49708763604252,19.40772593023532
2018-05-24,1551,1075,0.5825688073394495,700,789,40,-0.05977165883143049,0.47011417058428473,457,551,12,-0.09325396825396826,9.05083118868879,9.438977405195434
2018-05-25,1556,1052,0.5879960734819801,690,804,50,-0.07630522088353414,0.46184738955823296,437,551,21,-0.11538461538461539,1.8123496676527227,-0.23802982727200162
2018-05-29,1558,1121,0.582122292295037,568,954,24,-0.2536136662286465,0.3731931668856767,341,675,8,-0.328740157480315,-13.251036048426998,-19.178457966680277
2018-05-30,1555,1101,0.5853624599972171,1296,224,27,0.7052631578947368,0.8526315789473684,927,127,10,0.7590132827324478,21.87986555073615,19.111040274597187
2018-05-31,1558,1108,0.5828943720543388,406,1114,27,-0.46578947368421053,0.26710526315789473,223,832,7,-0.5772511848341232,-6.7452444886804095,-15.060217308812115
2018-06-01,1561,1101,0.5849917081260365,1067,436,43,0.4198270126413839,0.709913506320692,746,304,11,0.42095238095238097,13.094836966341546,5.7088368332421995
2018-06-04,1557,1094,0.5838543837710157,1027,478,42,0.3647840531561462,0.6823920265780731,751,287,11,0.44701348747591524,27.240484451291735,24.740889266709143
2018-06-05,1549,1098,0.5827457486520116,862,634,40,0.15240641711229946,0.5762032085561497,595,445,15,0.14423076923076922,28.57992882647535,25.750453738732524
2018-06-06,1551,1094,0.5822295805739515,1003,492,39,0.34180602006688965,0.6709030100334448,739,291,20,0.4349514563106796,39.05223427085447,41.02091344761438
2018-06-07,1550,1086,0.5829886958919217,759,723,52,0.024291497975708502,0.5121457489878543,536,486,17,0.04892367906066536,31.935068149885296,34.570663068969594
2018-06-08,1550,1090,0.5844174010351098,895,593,41,0.20295698924731181,0.6014784946236559,675,346,13,0.32223310479921646,34.62349033928739,42.548316966810994
2018-06-11,1552,1108,0.5869413893916191,793,706,34,0.058038692461641096,0.5290193462308206,539,499,12,0.038535645472061654,29.50305902024622,34.97159649827363
2018-06-12,1551,1099,0.5876836948915325,747,759,29,-0.00796812749003984,0.4960159362549801,558,489,9,0.0659025787965616,21.67723394978073,29.686989181407775
2018-06-13,1549,1116,0.5864567367981051,471,1022,40,-0.36905559276624245,0.3154722036168788,308,733,15,-0.40826128722382327,-3.1766059190262914,1.31202167856119
2018-06-14,1541,1115,0.589747191011236,797,697,32,0.06693440428380187,0.5334672021419009,582,474,13,0.10227272727272728,-2.6112561247589525,2.5715650800620935
2018-06-15,1534,1121,0.5898442979379998,669,813,35,-0.09716599190283401,0.451417004048583,465,585,13,-0.11428571428571428,-10.31984557936838,-7.192305214977019
2018-06-18,1554,1088,0.5896464646464646,788,702,35,0.05771812080536913,0.5288590604026846,564,485,14,0.07530981887511916,-9.11488469975244,-6.024676133118911
2018-06-19,1544,1123,0.5893255295429208,613,876,45,-0.17662860980523842,0.4116856950973808,398,648,12,-0.2390057361376673,-19.756405254712426,-20.712007638103955
2018-06-20,1542,1114,0.5897830650804758,952,536,36,0.27956989247311825,0.6397849462365591,660,394,13,0.2523719165085389,-5.94619818901182,-8.597233404365342
2018-06-21,1544,1124,0.5898082038359233,446,1049,29,-0.4033444816053512,0.2983277591973244,304,750,18,-0.42314990512333966,-28.254458860816214,-31.972206349090932
2018-06-22,1541,1126,0.5898085585585585,969,526,32,0.2963210702341137,0.6481605351170568,675,394,12,0.2628624883068288,-12.203471848931647,-17.497327513577428
2018-06-25,1552,1135,0.5878200692041522,298,1196,32,-0.6010709504685409,0.1994645247657296,206,867,8,-0.6160298229263746,-43.28846162965841,-48.978435033305665
2018-06-26,1549,1115,0.5885562395075545,907,596,29,0.20691949434464404,0.603459747172322,611,457,11,0.1441947565543071,-29.250163343372257,-37.6386608134727
2018-06-27,1555,1128,0.5871332139413142,344,1161,31,-0.5428571428571428,0.22857142857142856,211,861,8,-0.6063432835820896,-54.58999935197008,-65.28186255826799
2018-06-28,1551,1117,0.5841611479028698,832,651,50,0.12204989885367498,0.5610249494268374,641,411,24,0.21863117870722434,-42.73725705702047,-47.34166762281091
2018-06-29,1550,1099,0.5840683572216097,884,615,34,0.17945296864576385,0.5897264843228819,591,457,15,0.12786259541984732,-29.519322619949016,-36.30452177924992
2018-07-02,1556,1090,0.5899031811894883,766,743,28,0.015241882041086813,0.5076209410205434,513,526,8,-0.012512030798845043,-26.280946393387026,-33.70497078504363
2018-07-03,1535,1010,0.5905276632058029,925,563,38,0.24327956989247312,0.6216397849462365,600,368,15,0.2396694214876033,-11.978845595140275,-18.704757216749616
2018-07-05,1552,1097,0.5847632120796157,1115,378,31,0.4936369725385131,0.7468184862692565,760,215,13,0.558974358974359,12.827214947638401,10.179196044563293
2018-07-06,1552,1077,0.5817480011028399,1129,361,44,0.5154362416107383,0.7577181208053692,808,212,15,0.5843137254901961,35.062224090587236,36.09104842855487
2018-07-09,1556,1093,0.5822957996990012,1024,479,33,0.36260811709913504,0.6813040585495675,730,296,10,0.42300194931773877,46.2564395617754,49.99963816610203
2018-07-10,1555,1097,0.5828626532580246,768,728,42,0.026737967914438502,0.5133689839572193,522,513,14,0.008695652173913044,38.80270413259757,40.926169343683064
2018-07-11,1543,1089,0.5830790568654647,403,1088,43,-0.45942320590207913,0.2702883970489604,271,765,14,-0.4768339768339768,7.927688129161649,8.687241203401932
2018-07-12,1549,1080,0.5793046128272614,904,591,35,0.2093645484949833,0.6046822742474917,650,371,15,0.2732615083251714,14.92929872543125,18.58429569540196
2018-07-13,1542,1073,0.5830078125,769,710,47,0.03989181879648411,0.519945909398242,522,482,21,0.0398406374501992,12.367392806689658,15.282312263836362
2018-07-16,1550,1087,0.5857717376230759,493,984,44,-0.3324306025727827,0.33378469871360866,316,691,18,-0.3723932472691162,-8.5009947863312,-8.22898936743717
2018-07-17,1556,1096,0.5838277908099904,954,549,34,0.2694610778443114,0.6347305389221557,654,368,13,0.27984344422700586,3.793622816422329,4.321827259467254
2018-07-18,1554,1081,0.5842805655669532,874,632,35,0.16069057104913678,0.5803452855245684,605,426,11,0.17361784675072744,8.84802741293575,9.71988646535929
2018-07-19,1549,1106,0.583047121857398,869,627,36,0.16176470588235295,0.5808823529411765,587,435,18,0.1487279843444227,13.179009947550863,13.04213453375494
2018-07-20,1556,1079,0.5863947478698143,628,851,53,-0.15077755240027046,0.42461122379986477,408,621,14,-0.20699708454810495,1.188992050777854,-1.968807485061945
2018-07-23,1552,1076,0.5887232845894264,650,857,28,-0.13735899137358992,0.43132050431320507,446,574,7,-0.12549019607843137,-8.397490159882928,-10.71797445024139
2018-07-24,1550,1106,0.5888185072982649,726,776,33,-0.033288948069241014,0.4833555259653795,473,561,8,-0.0851063829787234,-11.348442833981041,-16.12573167823321
2018-07-25,1560,1106,0.585936424934636,938,547,53,0.2632996632996633,0.6316498316498317,686,358,17,0.31417624521072796,1.014665412280194,-0.7046040403024811
2018-07-26,1552,1105,0.5885460105643592,950,544,44,0.2717536813922356,0.6358768406961178,685,354,13,0.31857555341674687,12.002750540400765,12.703948520630753
2018-07-27,1551,1115,0.5930577113023846,434,1066,34,-0.42133333333333334,0.28933333333333333,303,750,8,-0.42450142450142453,-13.316801164036592,-13.049107678283052
2018-07-30,1551,1105,0.5905178495837449,632,867,33,-0.15677118078719146,0.4216144096064043,450,598,13,-0.14122137404580154,-21.670326238203263,-20.83872266718179
2018-07-31,1560,1113,0.5892982210393612,1111,401,23,0.4695767195767196,0.7347883597883598,784,272,8,0.48484848484848486,2.613156472770807,3.908843075360012
2018-08-01,1553,1098,0.5902514398089619,580,913,43,-0.22304085733422638,0.3884795713328868,381,667,13,-0.2729007633587786,-11.268410437257515,-12.838994840506716
2018-08-02,1542,1088,0.592482690405539,863,618,45,0.16542876434841322,0.5827143821742066,610,431,11,0.17195004803073968,-3.6573270090134584,-4.851660714894325
2018-08-03,1554,1099,0.5940650291069147,903,584,38,0.21452589105581707,0.6072629455279085,649,389,14,0.2504816955684008,5.32329229255047,5.928350642961801
2018-08-06,1552,1076,0.5903139518513304,920,577,30,0.229124916499666,0.614562458249833,611,416,14,0.189873417721519,13.705056606117317,12.085204708369886
2018-08-07,1551,1096,0.5925873731679819,831,650,40,0.12221471978392978,0.5611073598919649,580,446,16,0.13060428849902533,15.457429975399576,14.325432449627264
2018-08-08,1546,1102,0.5936040752794679,671,801,45,-0.08831521739130435,0.45584239130434784,446,592,17,-0.14065510597302505,6.3519251974972,2.6062302825516777
2018-08-09,1553,1101,0.5932203389830508,718,760,46,-0.028416779431664412,0.4857916102841678,484,553,15,-0.0665380906460945,1.5298808843851874,-3.720867955364186
2018-08-10,1549,1102,0.5918136908962597,436,1064,27,-0.4186666666666667,0.2906666666666667,277,768,12,-0.4698564593301435,-22.11311076949763,-29.27785104320788
2018-08-13,1552,1092,0.5930541940904636,451,1045,36,-0.39705882352941174,0.3014705882352941,279,756,14,-0.4608695652173913,-41.1369109228572,-50.533337622460586
2018-08-14,1559,1090,0.5921219822109276,1116,390,33,0.4820717131474104,0.7410358565737052,816,205,20,0.5984329089128305,-13.24004866552424,-15.48898825309826
2018-08-15,1562,1110,0.5915961725142144,428,1083,33,-0.43348775645268034,0.28325612177365983,281,768,8,-0.4642516682554814,-35.100004672181484,-38.58285345944358
2018-08-16,1559,1080,0.5931441416128126,1166,349,27,0.5392739273927393,0.7696369636963697,828,201,12,0.60932944606414,-4.976682842241527,-4.4561382275905315
2018-08-17,1554,1088,0.5950063478628862,1092,401,47,0.46282652377762895,0.7314132618888145,777,238,19,0.5310344827586206,16.98127055581282,20.829735821505803
2018-08-20,1558,1069,0.5887040402628267,1026,470,37,0.3716577540106952,0.6858288770053476,706,311,6,0.38839724680432647,31.11197587002354,35.21314765666094
2018-08-21,1553,1082,0.5880227872724746,968,520,43,0.3010752688172043,0.6505376344086021,664,358,11,0.299412915851272,39.50904477464905,42.88568248978255
2018-08-22,1558,1059,0.5898766124509254,711,769,52,-0.03918918918918919,0.4804054054054054,479,524,15,-0.0448654037886341,29.477770563910948,32.01735537765732
2018-08-23,1552,1051,0.5917411664538101,440,1052,43,-0.4101876675603217,0.2949061662198391,285,710,13,-0.4271356783919598,2.2037183423536804,3.4513351897356714
2018-08-24,1557,1060,0.5884750527055517,1053,443,40,0.4077540106951872,0.7038770053475936,723,260,24,0.47100712105798576,19.770469013985895,23.917271225611255
2018-08-27,1557,1088,0.5855693034895036,978,514,46,0.3109919571045576,0.6554959785522788,696,311,14,0.38232373386295926,29.853085813630027,36.861890820405485
2018-08-28,1556,1090,0.5872838817624094,675,815,45,-0.09395973154362416,0.45302013422818793,458,570,11,-0.10894941634241245,18.07687331584852,23.181573609583964
2018-08-29,1562,1061,0.5895087427144047,908,581,48,0.2196104768300873,0.6098052384150436,621,377,15,0.24448897795591182,23.596337682351656,29.040914241199854
2018-08-30,1559,1079,0.5953378001116695,407,1107,32,-0.4623513870541612,0.26882430647291944,225,782,8,-0.5531281032770605,-5.900595166912333,-5.9754081516231805
2018-08-31,1545,1065,0.5925457102672292,803,689,41,0.07640750670241286,0.5382037533512064,544,459,15,0.0847457627118644,-4.15302508936978,-3.9907934572825168
2018-09-04,1564,1099,0.5874691527282698,513,984,35,-0.31462925851703405,0.342685370741483,355,663,15,-0.3025540275049116,-22.189925808596396,-21.638983437173636
2018-09-05,1562,1109,0.5879166666666666,728,767,50,-0.02608695652173913,0.48695652173913045,548,490,21,0.055876685934489405,-23.073411194727427,-18.69845528082462
2018-09-06,1562,1107,0.5904314159292036,634,885,26,-0.1652402896642528,0.4173798551678736,455,595,12,-0.13333333333333333,-30.671090801021503,-25.551312394133234
2018-09-07,1557,1093,0.5884961884961885,520,978,42,-0.30574098798397864,0.3471295060080107,362,673,15,-0.3004830917874396,-44.038786326384134,-39.64023658674674
2018-09-10,1562,1093,0.5914261931187569,890,611,45,0.18587608261159227,0.5929380413057961,627,400,10,0.22103213242453748,-30.667118539158704,-25.4123043778987
2018-09-11,1563,1093,0.5910796165068779,783,730,36,0.03502974223397224,0.5175148711169861,539,488,14,0.04965920155793573,-26.623324007266174,-21.68900736077422
2018-09-12,1562,1108,0.5913321294624253,850,669,32,0.11915734035549704,0.5595786701777485,559,471,12,0.0854368932038835,-18.82638315638549,-16.60825879203153
2018-09-13,1564,1093,0.5887980036046028,858,660,31,0.13043478260869565,0.5652173913043478,626,407,14,0.21200387221684414,-11.501994700440644,-5.8528285211483375
2018-09-14,1559,1107,0.5891839288196858,816,707,23,0.07156927117531188,0.535784635587656,598,445,8,0.14669223394055608,-8.12540816877479,0.10674658924813424
2018-09-17,1560,1121,0.5876345569969639,568,946,26,-0.24966974900924702,0.3751651254953765,419,631,8,-0.2019047619047619,-21.259750652584554,-12.228200216575027
2018-09-18,1567,1105,0.5841720667310079,854,654,36,0.13262599469496023,0.5663129973474801,629,406,15,0.21545893719806763,-13.268527537768614,-1.845253779329481
2018-09-19,1569,1123,0.5865661411925976,718,803,31,-0.055884286653517426,0.4720578566732413,526,528,7,-0.0018975332068311196,-15.795203204336028,-3.8264318268328297
2018-09-20,1576,1120,0.5888812628689087,1121,406,31,0.4682383759004584,0.7341191879502292,829,230,6,0.5656279508970727,8.329598244469306,22.87506730688117
2018-09-21,1568,1134,0.5912054376473852,733,789,34,-0.03679369250985545,0.4816031537450723,524,540,15,-0.015037593984962405,3.663052071459831,16.557196485570476
2018-09-24,1572,1085,0.5931474545706755,390,1134,31,-0.4881889763779528,0.2559055118110236,267,775,11,-0.4875239923224568,-22.914924360225438,-12.55168896595274
2018-09-25,1569,1103,0.5834601023371595,714,792,42,-0.05179282868525897,0.47410358565737054,496,531,12,-0.034079844206426485,-23.70471220288053,-14.704820176373811
2018-09-26,1569,1126,0.5892172961138479,497,1019,36,-0.34432717678100266,0.32783641160949867,308,745,10,-0.41500474833808165,-38.88817465212342,-35.51846846698472
2018-09-27,1569,1095,0.5890203632361035,762,755,34,0.004614370468029005,0.5023071852340145,504,534,18,-0.028901734104046242,-34.22851681051388,-33.83139470142034
2018-09-28,1570,1105,0.5864692297242222,845,667,36,0.11772486772486772,0.5588624338624338,570,452,14,0.11545988258317025,-24.417841909043226,-25.001708823994882
2018-10-01,1587,1148,0.5845841784989858,673,863,24,-0.12369791666666667,0.4381510416666667,439,618,9,-0.1693472090823084,-27.978764878317318,-31.567673437950077
2018-10-02,1583,1125,0.5864172427816186,634,904,34,-0.1755526657997399,0.41222366710013003,433,637,13,-0.19065420560747665,-33.476197649308745,-38.08908464195043
2018-10-03,1578,1132,0.5824707621992203,814,730,23,0.054404145077720206,0.5272020725388601,623,450,10,0.16123019571295433,-26.511281136386863,-25.880225732139422
2018-10-04,1585,1167,0.5860136127051915,306,1248,15,-0.6061776061776062,0.1969111969111969,260,828,3,-0.5220588235294118,-53.452808674923034,-49.47670119770862
2018-10-05,1581,1165,0.5876218851570965,478,1074,18,-0.38402061855670105,0.3079896907216495,364,739,6,-0.3399818676337262,-65.1127012959516,-60.30045641999746
2018-10-08,1580,1147,0.5872647941096264,806,736,25,0.04539559014267185,0.522697795071336,620,467,13,0.140754369825207,-53.28553554548261,-45.21645298000778
2018-10-09,1570,1162,0.5922971114167813,638,888,31,-0.16382699868938402,0.418086500655308,424,665,11,-0.22130394857667585,-53.368010592707016,-50.1964636940107
2018-10-10,1587,1225,0.5880394246137454,134,1415,11,-0.8269851517107811,0.08650742414460942,91,1037,6,-0.8386524822695035,-86.3295943561902,-85.07081722065455
2018-10-11,1585,1227,0.5826018603432465,257,1298,20,-0.6694533762057878,0.16527331189710612,176,990,6,-0.6981132075471698,-106.2035117269377,-107.43607166371505
2018-10-12,1581,1185,0.5891826600456315,855,699,18,0.10038610038610038,0.5501930501930502,637,504,10,0.1165644171779141,-84.17271969069772,-85.28730261795903
2018-10-15,1577,1130,0.5880119338215352,945,593,29,0.22886866059817945,0.6144343302990898,661,427,13,0.21507352941176472,-58.49140089065511,-60.99821295905529
2018-10-16,1579,1117,0.5875783165350041,1406,141,11,0.8177117000646412,0.9088558500323206,988,84,4,0.8432835820895522,-6.799264338842301,-8.515547602007942
2018-10-17,1579,1111,0.5930375426621161,550,987,28,-0.28432010409889397,0.357839947950553,373,674,10,-0.2874880611270296,-17.67008147352489,-20.138873144551518
2018-10-18,1582,1151,0.5952970297029703,246,1295,24,-0.6807268007787152,0.15963659961064244,167,899,10,-0.6866791744840526,-46.69661455030194,-49.935677785554674
2018-10-19,1586,1130,0.5912900123643358,713,827,28,-0.07402597402597402,0.462987012987013,493,577,12,-0.07850467289719626,-40.94577592055777,-44.75354228534177
2018-10-22,1573,1144,0.5926383738497459,555,979,28,-0.27640156453715775,0.3617992177314211,384,687,10,-0.28291316526610644,-45.942859538082885,-50.31947333967854
2018-10-23,1582,1167,0.5910876337532168,453,1087,18,-0.4116883116883117,0.29415584415584417,330,766,9,-0.3978102189781022,-56.74998909093415,-60.571599710037866
2018-10-24,1582,1180,0.5931579664713098,306,1249,13,-0.6064308681672026,0.1967845659163987,187,932,3,-0.6657730116175157,-75.44346273711186,-82.43244939011556
2018-10-25,1581,1183,0.5948394180620368,1123,420,27,0.45560596241088785,0.727802981205444,843,267,11,0.518918918918919,-37.947323862003735,-41.476717092809714
2018-10-26,1578,1190,0.5953259532595326,406,1137,18,-0.47375243033052494,0.26312378483473753,316,821,2,-0.4441512752858399,-52.16630814154691,-54.40569210338711
2018-10-29,1582,1193,0.5958690039407528,626,913,26,-0.18648473034437946,0.40675763482781024,475,658,10,-0.1615180935569285,-49.69932316054129,-51.05627819046828
2018-10-30,1582,1168,0.5937200054847114,1174,371,22,0.5197411003236246,0.7598705501618123,932,190,8,0.661319073083779,-12.030262852578591,-6.795389571934956
2018-10-31,1590,1203,0.5914974792206023,896,655,21,0.15538362346872986,0.5776918117343649,650,482,7,0.14840989399293286,2.019061182247664,5.436188190228411
2018-11-01,1581,1209,0.5960686600221484,1237,313,21,0.5961290322580645,0.7980645161290323,912,235,12,0.5902353966870096,36.05840836557962,37.95828137063078
2018-11-02,1588,1205,0.6006901311249138,733,807,28,-0.048051948051948054,0.475974025974026,557,597,13,-0.03466204506065858,32.77270914999991,34.330007545638246
2018-11-05,1576,1170,0.5979481491751005,999,538,27,0.2999349381912817,0.6499674690956408,752,384,11,0.323943661971831,47.198917087090756,48.986468739165915
2018-11-06,1579,1160,0.5980242103798525,995,519,39,0.3143989431968296,0.6571994715984147,731,376,14,0.3206865401987353,60.02053053814538,61.109954627281454
2018-11-07,1578,1183,0.5942307692307692,1265,281,13,0.6364812419146184,0.8182406209573092,900,210,6,0.6216216216216216,86.78702232199579,86.21673935962815
2018-11-08,1588,1152,0.5975810885101704,693,840,32,-0.0958904109589041,0.4520547945205479,456,644,11,-0.1709090909090909,72.61985504190179,67.62542098245082
2018-11-09,1576,1161,0.5994180407371484,427,1114,21,-0.44581440622972096,0.27709279688513955,316,786,6,-0.426497277676951,42.64762797867106,38.612307326658936
2018-11-12,1582,1159,0.5971499040833105,363,1175,22,-0.5279583875162549,0.23602080624187255,209,898,7,-0.6224028906955736,12.700936635388738,3.8177529633924427
2018-11-13,1575,1180,0.5950786056049214,739,786,35,-0.03081967213114754,0.4845901639344262,552,563,8,-0.009865470852017937,11.889946622960775,4.676191210160413
2018-11-14,1587,1175,0.5963439404197698,535,1003,25,-0.30429128738621586,0.34785435630689204,424,696,12,-0.24285714285714285,-2.5364803335333543,-6.262808645160018
2018-11-15,1585,1195,0.5920150557870681,982,558,32,0.2753246753246753,0.6376623376623377,783,348,9,0.38461538461538464,14.122405155876393,15.78928689539319
2018-11-16,1585,1180,0.5940054495912807,876,661,38,0.1398828887443071,0.5699414443721535,686,434,20,0.225,21.52305089452393,26.584112917319988
2018-11-19,1589,1192,0.591123701605288,431,1115,28,-0.4424320827943079,0.27878395860284605,318,812,14,-0.43716814159292033,-1.3727608303357939,2.5723615218347824
2018-11-20,1595,1208,0.5896822231086292,224,1342,11,-0.7139208173690932,0.14303959131545338,160,990,5,-0.7217391304347827,-34.51625277967846,-32.199097171007374
2018-11-21,1584,1138,0.5981922760887428,1139,410,25,0.47062621045836023,0.7353131052291801,868,245,9,0.559748427672956,-3.4540057410953615,2.3066790378545656
2018-11-23,1549,996,0.6093885830194147,671,844,23,-0.11419141914191419,0.4429042904290429,407,566,11,-0.16341212744090441,-6.119395974415062,-4.360443454450774
2018-11-26,1588,1153,0.5905480005385755,1089,422,30,0.4414295168762409,0.7207147584381205,733,244,8,0.5005117707267144,19.413339156876425,23.157163940281354
2018-11-27,1587,1147,0.5930200977729495,608,937,26,-0.21294498381877022,0.3935275080906149,443,653,7,-0.19160583941605838,8.428035963595718,11.963051935937282
2018-11-28,1586,1205,0.5914707054603427,1349,208,13,0.7328195247270392,0.8664097623635196,991,126,3,0.7743957027752909,46.2816869808132,50.63234802211088
2018-11-29,1593,1162,0.5885180240320427,698,845,32,-0.09526895657809462,0.4523655217109527,467,649,15,-0.16308243727598568,37.01072610037339,36.567527433114925
2018-11-30,1589,1191,0.5889513108614233,948,601,29,0.22401549386701097,0.6120077469335055,701,417,13,0.25402504472271914,44.86322343935077,45.21464229229304
2018-12-03,1585,1201,0.5937834941050375,1191,369,11,0.5269230769230769,0.7634615384615384,869,271,7,0.5245614035087719,66.49817169978296,65.90867022473151
2018-12-04,1593,1215,0.5903980954900145,198,1365,10,-0.746641074856046,0.12667946257197696,89,1068,3,-0.8461538461538461,20.985354014997437,14.736758272711846
2018-12-06,1595,1239,0.586752025084923,621,946,12,-0.2074026802807913,0.39629865985960433,499,667,5,-0.14408233276157806,8.928887853193554,6.014665431984871
2018-12-07,1588,1196,0.5936,369,1187,21,-0.525706940874036,0.23714652956298202,211,951,8,-0.6368330464716007,-17.339248184076972,-26.110332959497754
2018-12-10,1591,1214,0.5885842341154759,492,1067,18,-0.3688261706221937,0.31558691468890315,347,802,5,-0.39599651871192343,-31.86776974243076,-41.40482853143404
2018-12-11,1589,1201,0.5925333333333334,637,909,33,-0.1759379042690815,0.41203104786545924,459,685,16,-0.19755244755244755,-34.4859035084555,-44.352394544808604
2018-12-12,1588,1209,0.5908113917248791,1064,498,16,0.36235595390524966,0.6811779769526248,817,336,4,0.417172593235039,-9.637285452147815,-15.914549474145486
2018-12-13,1593,1193,0.5908360128617364,521,1028,32,-0.32730794060684315,0.33634602969657845,392,742,16,-0.30864197530864196,-22.826725312348646,-27.81134761854184
2018-12-14,1592,1206,0.5925529065095098,259,1301,20,-0.6679487179487179,0.16602564102564102,177,961,10,-0.6889279437609842,-51.02160163335234,-56.85835171652512
2018-12-17,1602,1297,0.5864769612322152,193,1378,15,-0.7542966263526416,0.12285168682367918,136,1047,6,-0.7700760777683855,-79.19050829983993,-85.46665516208827
2018-12-18,1598,1262,0.5871801635452387,774,792,24,-0.011494252873563218,0.4942528735632184,619,590,16,0.023986765922249794,-65.7388522842337,-69.79627914770258
2018-12-19,1598,1268,0.5898074151709681,334,1230,23,-0.5728900255754475,0.21355498721227623,227,975,13,-0.6222961730449251,-81.97878076456344,-88.363273208023
2018-12-20,1608,1345,0.5867662203913491,308,1263,19,-0.6078930617441121,0.196053469127944,244,994,11,-0.6058158319870759,-97.20417751985578,-102.97221971066445
2018-12-21,1601,1289,0.5865209471766849,280,1292,26,-0.6437659033078881,0.178117048346056,181,1069,14,-0.7104,-111.52951293622024,-120.17721627251571
2018-12-24,1586,1154,0.5973362034171936,278,1276,21,-0.6422136422136422,0.1788931788931789,145,977,8,-0.7415329768270945,-123.14241409781849,-135.84325109289074
2018-12-26,1603,1275,0.5887474012474012,1451,118,13,0.8495857233906947,0.9247928616953474,1089,44,4,0.9223300970873787,-57.865764240279006,-65.36534091312323
2018-12-27,1608,1292,0.5896767466110532,928,640,32,0.1836734693877551,0.5918367346938775,741,467,20,0.22682119205298013,-35.060512491028376,-39.555346256576335
2018-12-28,1607,1269,0.5866044824459127,898,677,24,0.1403174603174603,0.5701587301587302,652,557,17,0.07857733664185278,-17.55452013647865,-24.702216864502248
2018-12-31,1604,1250,0.5888456549935149,1134,438,23,0.44274809160305345,0.7213740458015268,884,309,12,0.48197820620285,12.622407491623397,8.290763328093476
2019-01-02,1601,1222,0.5923289837880585,976,600,15,0.23857868020304568,0.6192893401015228,663,495,9,0.14507772020725387,28.152098006192144,19.613283276342557
2019-01-03,1596,1214,0.5948527460864951,550,1019,16,-0.29891650732950925,0.3505417463352454,351,807,12,-0.39378238341968913,14.41446352948972,2.25296623436666
2019-01-04,1600,1230,0.591852929506679,1454,121,10,0.8463492063492063,0.9231746031746032,1105,64,2,0.8905047048759623,59.859999418197475,51.61298474708801
2019-01-07,1599,1231,0.5899736147757256,1257,319,9,0.5951776649746193,0.7975888324873096,922,253,5,0.5693617021276596,85.85805553722227,77.50058551431418
2019-01-08,1590,1223,0.5925581395348837,1287,273,18,0.65,0.825,956,205,10,0.6468561584840654,110.39821999257141,103.12170406054128
2019-01-09,1595,1207,0.5950413223140496,1129,427,19,0.45115681233933164,0.7255784061696658,863,285,6,0.5034843205574913,120.88591011889862,117.34356000093403
2019-01-10,1591,1183,0.595004699879146,995,548,31,0.28969539857420606,0.6448476992871031,739,382,15,0.3184656556645852,121.17538493805766,119.66559578531987
2019-01-11,1596,1177,0.5995112679880532,842,699,35,0.0927968851395198,0.5463984425697599,598,517,15,0.0726457399103139,110.972083312014,108.7616126143296
2019-01-14,1601,1156,0.5978422117329737,505,1052,28,-0.35131663455362877,0.3243416827231856,368,734,13,-0.33212341197822143,79.48772402052919,78.6564413456345
2019-01-15,1591,1156,0.597843665768194,1017,528,32,0.31650485436893205,0.658252427184466,723,364,14,0.33026678932842685,85.56223265233508,85.64274776950442
2019-01-16,1586,1182,0.5962498313773101,1016,529,29,0.315210355987055,0.6576051779935275,729,374,11,0.32184950135992746,90.26340145017357,90.76696162464073
2019-01-17,1584,1193,0.5959161740999462,1145,390,35,0.49185667752442996,0.745928338762215,892,226,15,0.5957066189624329,102.66389984194336,108.38718554278434
2019-01-18,1595,1193,0.5963743001866169,1200,346,26,0.5523932729624839,0.7761966364812419,933,184,13,0.6705461056401074,115.77983623959953,126.65251539896694
2019-01-22,1592,1196,0.5990092381844959,295,1266,17,-0.6220371556694426,0.18898142216527866,178,961,7,-0.6874451273046532,67.69354124680122,73.73654820177019
2019-01-23,1600,1182,0.6014699877501021,784,767,28,0.01096067053513862,0.5054803352675693,550,578,9,-0.024822695035460994,57.891182631953725,61.25583512061773
2019-01-24,1589,1132,0.5978720501977902,992,557,30,0.28082633957391867,0.6404131697869593,711,374,10,0.3105990783410138,62.71399355503834,67.04963492945302
2019-01-25,1595,1152,0.5992912634591795,1230,335,13,0.5718849840255591,0.7859424920127795,867,210,5,0.6100278551532033,81.07685914908252,86.63952443196943
2019-01-28,1592,1134,0.5922575495543435,633,916,29,-0.1826985151710781,0.4086507424144609,454,626,11,-0.15925925925925927,58.64254997641304,64.49132661383797
2019-01-29,1595,1141,0.5995357728017476,967,573,37,0.2558441558441558,0.6279220779220779,659,415,14,0.2271880819366853,61.09513643466023,64.55452790606361
2019-01-30,1605,1176,0.5945874237198195,1204,358,22,0.5416133162612036,0.7708066581306018,860,240,6,0.5636363636363636,77.1750801951407,81.10820645637013
2019-01-31,1598,1186,0.5900287882753206,1122,441,23,0.43570057581573896,0.7178502879078695,771,353,9,0.3718861209964413,85.24191968710254,85.26854845260424
2019-02-01,1599,1158,0.596957160016015,869,681,31,0.12129032258064516,0.5606451612903226,610,498,13,0.10108303249097472,75.99234519253972,74.85914369184805
2019-02-04,1595,1150,0.5989283322170127,1038,507,37,0.34368932038834954,0.6718446601941748,765,316,16,0.41535615171137835,78.82394716411103,81.29846286396244
2019-02-05,1601,1146,0.5932811047669632,1004,551,26,0.29131832797427654,0.6456591639871383,719,372,8,0.31805682859761686,78.23229749328031,81.53262228611239
2019-02-06,1593,1128,0.5969868173258004,625,921,36,-0.19146183699870634,0.40426908150064683,400,676,13,-0.25650557620817843,53.196267288604524,52.59704524033024
2019-02-07,1584,1166,0.6017176596886742,514,1035,22,-0.33634602969657845,0.3318269851517108,372,717,8,-0.3168044077134986,24.280270492270066,24.579200064718865
2019-02-08,1587,1149,0.5984305236097957,718,817,34,-0.06449511400651466,0.4677524429967427,502,589,16,-0.07974335472043996,13.028237663445935,12.354099088900464
2019-02-11,1593,1151,0.5988411265328123,1005,535,30,0.3051948051948052,0.6525974025974026,709,380,16,0.3021120293847567,21.82710436655008,20.93263646439106
2019-02-12,1604,1155,0.5987662598900362,1165,384,31,0.5041962556488057,0.7520981278244029,852,243,12,0.5561643835616439,39.19107239857142,40.86524044695794
2019-02-13,1589,1148,0.6003234065489826,931,604,44,0.21302931596091204,0.606514657980456,662,422,20,0.22140221402214022,39.28296271956211,40.965182172842646
2019-02-14,1593,1162,0.6001885267977377,740,795,33,-0.035830618892508145,0.4820846905537459,523,578,11,-0.049954586739327886,26.7221173877403,27.277966399536446
2019-02-15,1591,1162,0.5986229242608343,1231,308,35,0.5997400909681612,0.7998700454840806,928,176,13,0.6811594202898551,47.62751953512745,51.994707432821116
2019-02-19,1599,1184,0.5953611663353214,982,569,28,0.26627981947130885,0.6331399097356544,690,425,13,0.23766816143497757,48.59048719862519,50.692984536371526
2019-02-20,1602,1183,0.5930570221752904,991,570,26,0.2696989109545163,0.6348494554772581,741,397,6,0.3022847100175747,49.34182668908302,52.55737396635515
2019-02-21,1587,1154,0.602377093462993,604,949,25,-0.22215067611075337,0.38892466194462333,423,687,9,-0.23783783783783785,25.145033466715567,26.88251266638872
2019-02-22,1589,1169,0.597979797979798,1188,360,23,0.5348837209302325,0.7674418604651163,848,258,8,0.5334538878842676,42.182769946307126,43.36067997769077
2019-02-25,1594,1155,0.5972240758040838,734,811,30,-0.04983818770226537,0.47508090614886733,488,621,9,-0.11992786293958521,27.30302535500148,24.563622087772934
2019-02-26,1601,1150,0.595894975343196,618,937,25,-0.20514469453376205,0.397427652733119,387,718,10,-0.2995475113122172,6.679003261085281,-0.6116629371772653
2019-02-27,1597,1148,0.5977765871952853,774,775,38,-0.0006455777921239509,0.49967721110393803,579,524,15,0.04986400725294651,-0.7629748084365673,-4.662897390565648
2019-02-28,1594,1157,0.5922433258068801,648,890,38,-0.15734720416124837,0.4213263979193758,443,661,13,-0.19746376811594202,-14.95713250229179,-20.469777129704312
2019-03-01,1588,1173,0.5962077713980505,967,582,23,0.2485474499677211,0.6242737249838606,702,414,10,0.25806451612903225,-6.723618961578081,-11.10589620877063
2019-03-04,1598,1188,0.5958768336196644,642,911,21,-0.17321313586606568,0.41339343206696716,447,686,11,-0.21094439541041482,-20.738376081149312,-26.494694117300835
2019-03-05,1588,1150,0.5999187652315191,669,866,39,-0.12833876221498372,0.4358306188925081,459,654,9,-0.1752021563342318,-30.373582855422853,-37.732530904698514
2019-03-06,1598,1179,0.6004826384233811,301,1255,18,-0.6131105398457584,0.19344473007712082,188,928,5,-0.6630824372759857,-62.698405614688355,-71.54623275048772
2019-03-07,1594,1177,0.5977668483317825,425,1133,25,-0.4544287548138639,0.27278562259306804,278,840,8,-0.5026833631484794,-82.08854779419221,-92.07926295850974
2019-03-08,1587,1140,0.6010250876719719,670,869,36,-0.12930474333983105,0.43534762833008445,493,606,11,-0.10282074613284804,-82.00047604499538,-89.18147662079446
2019-03-11,1594,1165,0.599703583939639,1336,218,18,0.7194337194337195,0.8597168597168597,970,123,5,0.7749313815187557,-39.0782491805296,-42.370355536363725
2019-03-12,1584,1156,0.6021490750816104,874,654,36,0.14397905759162305,0.5719895287958116,635,465,17,0.15454545454545454,-30.957087057613535,-33.154291580158684
2019-03-13,1602,1169,0.5999463015169821,1116,432,27,0.4418604651162791,0.7209302325581395,829,281,9,0.4936936936936937,-8.964637630999416,-8.151373482290628
2019-03-14,1589,1149,0.6022882048488151,631,926,23,-0.1894669235709698,0.4052665382145151,459,647,12,-0.16998191681735986,-21.6826396174518,-19.916902166754667
2019-03-15,1591,1195,0.6006702412868633,942,595,33,0.2257644762524398,0.6128822381262199,677,431,15,0.22202166064981949,-11.686548126610838,-10.27666580777868
2019-03-18,1588,1153,0.5996780252213577,1055,487,29,0.36835278858625164,0.6841763942931258,785,334,10,0.40303842716711347,4.04795845538182,7.067957934049379
2019-03-19,1594,1153,0.6023031601499732,594,945,33,-0.22807017543859648,0.38596491228070173,365,730,16,-0.3333333333333333,-12.340426410533775,-14.956316581380205
2019-03-20,1597,1177,0.600634752710923,612,942,27,-0.21235521235521235,0.3938223938223938,384,725,10,-0.30748422001803427,-25.50504518466973,-32.419834043400655
2019-03-21,1598,1157,0.5980815995676844,1153,406,24,0.47915330339961515,0.7395766516998076,876,238,15,0.5727109515260324,-2.057843222891237,-3.1792837260078004
2019-03-22,1597,1200,0.6027874564459931,220,1347,18,-0.7192086790044672,0.14039566049776644,106,1017,6,-0.811219946571683,-41.91829544966029,-47.35926169089264
2019-03-25,1587,1170,0.5999731435477373,867,679,26,0.12160413971539456,0.5608020698576973,663,463,10,0.17761989342806395,-33.74874969030645,-35.45435454242737
2019-03-26,1594,1149,0.5983319881624967,1171,370,30,0.5197923426346528,0.7598961713173265,868,247,7,0.5569506726457399,-6.685634171644472,-6.131848196893615
2019-03-27,1605,1165,0.5981134582170852,720,838,30,-0.07573812580231065,0.4621309370988447,465,634,19,-0.1537761601455869,-13.289765654178428,-16.56678767004414
2019-03-28,1599,1153,0.5974095339831753,1046,501,39,0.35229476405946997,0.676147382029735,778,329,12,0.4056007226738934,2.531795249614971,2.5630171597364053
2019-03-29,1595,1182,0.5950139238827742,968,579,33,0.25145442792501616,0.6257272139625081,696,414,15,0.25405405405405407,11.004554039387562,11.328851772408125
2019-04-01,1599,1177,0.5997350993377484,1181,375,24,0.5179948586118251,0.7589974293059126,871,249,10,0.5553571428571429,31.52076156878665,33.83215054753486
2019-04-02,1599,1190,0.5987975951903808,676,880,24,-0.13110539845758354,0.43444730077120824,464,659,10,-0.1736420302760463,16.449502345108503,16.453351590871065
2019-04-03,1598,1166,0.6040772532188842,946,604,35,0.22064516129032258,0.6103225806451613,691,431,14,0.23172905525846701,21.06885618453344,21.780766001694833
2019-04-04,1599,1137,0.60191814129407,986,551,42,0.2830188679245283,0.6415094339622641,735,360,16,0.3424657534246575,28.031744768029387,31.76363640125021
2019-04-05,1592,1150,0.6029931972789115,1153,391,30,0.49352331606217614,0.7467616580310881,831,251,10,0.5360443622920518,44.370078189960665,49.81910285423355
2019-04-08,1595,1142,0.6049432739059968,845,684,39,0.105297580117724,0.552648790058862,574,503,13,0.06592386258124419,38.70621607753949,41.501406171722735
2019-04-09,1598,1177,0.6054412560909583,328,1220,28,-0.5762273901808785,0.21188630490956073,183,917,9,-0.6672727272727272,-0.4061656238984329,-2.4775610153811995
2019-04-10,1592,1182,0.604036846383094,1174,369,26,0.5217109526895658,0.7608554763447829,882,248,8,0.5610619469026549,21.051695993013862,21.349543553490946
2019-04-11,1589,1129,0.6082038702643772,835,694,38,0.09221713538260301,0.5461085676913014,610,475,16,0.12442396313364056,17.818218330160658,19.783071053658468
2019-04-12,1592,1133,0.6079180887372013,1008,529,31,0.3116460637605725,0.6558230318802862,765,312,10,0.4206128133704735,25.935950255668832,33.15426422287507
2019-04-15,1599,1129,0.60506806847284,675,865,33,-0.12337662337662338,0.4383116883116883,434,637,12,-0.1895424836601307,10.995796943840189,13.913098209910657
2019-04-16,1598,1171,0.6043204078894405,858,691,29,0.1078114912846998,0.55390574564235,621,467,11,0.14154411764705882,9.726392610573662,13.946665843136003
2019-04-17,1605,1162,0.6027507010281746,637,914,33,-0.17859445519019987,0.41070277240490005,452,657,9,-0.1848512173128945,-5.727877381167076,-2.4141339076696604
2019-04-18,1604,1141,0.604466568007534,765,772,51,-0.004554326610279766,0.4977228366948601,577,508,18,0.06359447004608294,-10.210632408203566,-3.9682626571212882
2019-04-22,1608,1146,0.6026972353337828,573,991,25,-0.2672634271099744,0.3663682864450128,409,670,10,-0.24189063948100092,-27.127789819263484,-20.551456900971022
2019-04-23,1611,1168,0.6009944899879048,1205,362,23,0.5379706445437141,0.768985322271857,848,251,9,0.543221110100091,-1.1946168739389584,4.6282567840969095
2019-04-24,1604,1160,0.601151425893694,817,740,27,0.04945407835581246,0.5247270391779062,576,539,7,0.033183856502242155,-3.4416092307118786,0.6319080210170636
2019-04-25,1601,1148,0.6024227575881312,565,993,26,-0.27471116816431324,0.3626444159178434,390,715,6,-0.29411764705882354,-21.55384197560546,-19.153204889574567
2019-04-26,1599,1148,0.6074154852780806,1139,405,40,0.47538860103626945,0.7376943005181347,827,259,16,0.5230202578268877,0.5729566974176925,4.883184840603031
2019-04-29,1603,1150,0.6049884777009624,878,678,27,0.12853470437017994,0.5642673521850899,580,512,15,0.06227106227106227,2.1458099460609366,2.372422357910589
2019-04-30,1613,1182,0.6004553978033753,851,707,32,0.09242618741976893,0.5462130937098845,604,505,13,0.08926961226330027,1.6744445764000497,1.5637858230308916
2019-05-01,1598,1189,0.6083568453580546,502,1058,26,-0.3564102564102564,0.3217948717948718,268,869,12,-0.5285839929639402,-21.17876722904327,-30.02809760476842
2019-05-02,1596,1178,0.6117310832879695,732,818,27,-0.05548387096774193,0.472258064516129,572,562,12,0.008818342151675485,-25.56605021442638,-30.018900691732213
2019-05-03,1590,1177,0.6128853864233375,1304,246,19,0.6825806451612904,0.8412903225806452,966,165,6,0.7082228116710876,7.713878890594813,5.109280648343012
2019-05-06,1598,1181,0.6104706361047063,581,944,47,-0.2380327868852459,0.38098360655737706,401,726,18,-0.2883762200532387,-9.901022721391858,-14.711622295350695
2019-05-07,1609,1190,0.6116531165311653,224,1337,23,-0.7130044843049327,0.14349775784753363,147,996,6,-0.7427821522309711,-48.66084335701783,-54.30523280961869
2019-05-08,1595,1172,0.6144959427864117,680,874,29,-0.12483912483912483,0.4375804375804376,439,696,10,-0.226431718061674,-52.14891781040257,-62.068721926804876
2019-05-09,1587,1182,0.6105006105006106,635,905,27,-0.17532467532467533,0.41233766233766234,506,624,12,-0.10442477876106195,-57.39475440327203,-62.29581454733443
2019-05-10,1599,1178,0.6121501706484641,992,549,29,0.2874756651524984,0.6437378325762492,748,381,13,0.325066430469442,-38.45295389430038,-40.70393920362534
2019-05-13,1608,1204,0.6098841906813897,204,1368,15,-0.7404580152671756,0.1297709923664122,120,1036,4,-0.7923875432525952,-73.46213371064181,-77.91206477483779
2019-05-14,1602,1185,0.6079684525428338,1147,409,31,0.47429305912596403,0.737146529562982,873,273,13,0.5235602094240838,-42.29011806540355,-43.538064180516315
2019-05-15,1604,1179,0.6038996454867739,980,571,31,0.26370083816892326,0.6318504190844616,717,412,13,0.27015057573073514,-25.95620514624984,-26.60108503613629
2019-05-16,1605,1182,0.6086838534599729,1078,470,36,0.39276485788113696,0.6963824289405685,795,322,17,0.423455684870188,-5.4077275890314915,-4.321706985538041
2019-05-17,1598,1172,0.6081911262798635,369,1175,38,-0.522020725388601,0.23898963730569947,231,894,11,-0.5893333333333334,-33.55101980315155,-35.89068112752492
2019-05-20,1613,1158,0.6124897736569402,530,1024,31,-0.3178893178893179,0.3410553410553411,375,733,15,-0.3231046931407942,-47.23920917224429,-49.39126860365912
2019-05-21,1616,1184,0.6078431372549019,1280,292,30,0.628498727735369,0.8142493638676844,946,166,11,0.7014388489208633,-11.387012755723003,-9.460137449652693
2019-05-22,1615,1174,0.6063440422936153,484,1075,40,-0.3790891597177678,0.3104554201411161,329,785,13,-0.40933572710951527,-31.055844128475535,-30.81044842724786
2019-05-23,1607,1222,0.601411639366094,278,1289,27,-0.6451818761965539,0.17740906190172304,185,947,7,-0.6731448763250883,-61.022051555475876,-62.10136953173414
2019-05-24,1602,1155,0.6115442483928327,1074,481,31,0.38135048231511254,0.6906752411575563,757,360,16,0.35541629364368843,-35.011430722200465,-37.11654172997241
2019-05-28,1617,1190,0.6038795986622073,461,1098,34,-0.4085952533675433,0.29570237331622834,283,830,9,-0.4914645103324349,-52.09457954027179,-57.91297144962244
2019-05-29,1614,1221,0.6096679164434923,442,1130,30,-0.43765903307888043,0.2811704834605598,314,833,10,-0.4524847428073234,-67.89338786758825,-73.45536562641952
2019-05-30,1618,1192,0.6056281136394237,764,809,32,-0.028607755880483154,0.48569612205975843,540,607,13,-0.05841325196163906,-60.60933818818604,-66.67326127716471
2019-05-31,1619,1220,0.6005015177510888,427,1158,19,-0.461198738170347,0.2694006309148265,303,846,5,-0.4725848563968668,-75.70797813584942,-81.24977597392743
2019-06-03,1621,1226,0.6068012752391073,1104,475,25,0.3983533882203927,0.6991766941101963,860,308,9,0.4726027397260274,-45.26116908088537,-46.04706735364518
2019-06-04,1625,1192,0.600265780730897,1323,263,24,0.6683480453972257,0.8341740226986128,996,164,12,0.7172413793103448,-5.50310863464502,-3.486584167319771
2019-06-05,1618,1206,0.6115234111455944,849,730,27,0.07536415452818239,0.5376820772640912,613,532,9,0.07074235807860262,-1.131645953388463,0.5951108162379469
2019-06-06,1616,1197,0.6101786681104494,919,645,38,0.17519181585677748,0.5875959079283888,656,473,21,0.16209034543844109,7.602995935282591,8.649383841090529
2019-06-07,1614,1178,0.609429883815185,1166,410,23,0.4796954314720812,0.7398477157360406,805,315,13,0.4375,30.258280551185116,29.26302308621198
2019-06-10,1622,1207,0.6058675162617815,976,599,26,0.23936507936507936,0.6196825396825397,677,453,7,0.19823008849557522,37.460739889675764,34.777873950138535
2019-06-11,1612,1201,0.610144341022528,833,726,35,0.0686337395766517,0.5343168697883258,598,541,19,0.05004389815627744,34.89497193521551,31.909872552080145
2019-06-12,1623,1192,0.6116806042622066,752,815,28,-0.04020421186981493,0.47989789406509253,562,581,7,-0.016622922134733157,27.084867902152567,25.96484097942929
2019-06-13,1615,1204,0.6065352416959222,1081,489,28,0.37707006369426754,0.6885350318471337,850,295,12,0.4847161572052402,41.13551839257712,45.81896874691434
2019-06-14,1619,1173,0.6079729729729729,575,975,47,-0.25806451612903225,0.3709677419354839,393,741,14,-0.30687830687830686,21.186417978762243,22.985429940202135
2019-06-17,1629,1201,0.607487922705314,806,762,35,0.02806122448979592,0.514030612244898,561,575,9,-0.01232394366197183,18.330292065998123,18.07554527157894
2019-06-18,1633,1218,0.6060086967979971,1188,398,28,0.49810844892812106,0.7490542244640606,898,253,10,0.5603822762814944,39.29901417217106,42.42252715072152
2019-06-19,1632,1201,0.6078821656050956,939,638,40,0.19086873811033608,0.595434369055168,672,465,15,0.1820580474934037,41.66879096119882,44.110872582230286
2019-06-20,1637,1200,0.602856394129979,1148,447,29,0.4394984326018809,0.7197492163009405,847,289,11,0.49119718309859156,55.91809088558882,60.79081034351854
2019-06-21,1622,1202,0.6069295101553166,555,1032,27,-0.3005671077504726,0.3497164461247637,380,761,7,-0.3339176161262051,30.818374848896628,33.49246311646256
2019-06-24,1632,1212,0.6045556879883459,592,986,34,-0.24968314321926488,0.37515842839036756,376,769,13,-0.34323144104803494,11.748223989840719,9.519222675655893
2019-06-25,1628,1196,0.6093170989941769,544,1037,35,-0.3118279569892473,0.34408602150537637,389,753,14,-0.318739054290718,-7.722736803100413,-9.800874676746247
2019-06-26,1626,1214,0.6077757207088071,825,761,23,0.0403530895334174,0.5201765447667087,555,594,4,-0.033942558746736295,-6.722742270916346,-12.03072876246726
2019-06-27,1631,1202,0.6065399441712083,1194,390,26,0.5075757575757576,0.7537878787878788,885,269,15,0.5337954939341422,17.527000167572623,14.509802272097534
2019-06-28,1626,1227,0.6024048625792812,1259,322,30,0.592662871600253,0.7963314358001266,948,210,11,0.6373056994818653,42.427250652867606,42.304917572676096
2019-07-01,1628,1226,0.610461295833881,982,585,40,0.25335035098915126,0.6266751754945756,724,440,17,0.24398625429553264,46.53920253397539,46.19224430749076
2019-07-02,1630,1200,0.6094745222929936,790,786,35,0.0025380710659898475,0.501269035532995,565,588,16,-0.0199479618386817,37.28161138349461,36.08823663750913
2019-07-03,1608,1076,0.6193040596520298,1175,385,36,0.5064102564102564,0.7532051282051282,816,235,12,0.5528068506184586,54.37357216012938,55.9066095193443
2019-07-05,1621,1151,0.6134633364498464,816,744,30,0.046153846153846156,0.5230769230769231,560,480,14,0.07692307692307693,45.70251025053094,48.777596600947575
2019-07-08,1624,1186,0.6133067198935462,513,1059,33,-0.3473282442748092,0.32633587786259544,329,774,16,-0.40344514959202177,18.386135245138867,18.419991246958702
2019-07-09,1624,1177,0.6092812374983331,767,811,27,-0.02788339670468948,0.48605830164765523,539,588,9,-0.043478260869565216,10.910946317808937,10.370483149186246
2019-07-10,1623,1205,0.6065791218994562,961,624,20,0.21261829652996844,0.6063091482649843,641,487,9,0.13652482269503546,16.4901897150857,12.436455488074898
2019-07-11,1618,1184,0.6129119031607263,782,795,25,-0.008243500317057704,0.49587824984147116,568,581,6,-0.011314186248912098,10.134902028830592,6.748729113186941
2019-07-12,1617,1193,0.6120446296545234,1025,541,30,0.3090676883780332,0.6545338441890166,798,350,10,0.3902439024390244,20.516015981692863,21.92988385148864
2019-07-15,1623,1177,0.6133979015334947,706,857,31,-0.09660908509277032,0.45169545745361483,472,655,13,-0.16237799467613132,9.005449657941478,7.169026877721363
2019-07-16,1628,1198,0.6110520722635494,797,769,39,0.017879948914431672,0.5089399744572158,579,555,15,0.021164021164021163,4.84333990320443,3.689749822769359
2019-07-17,1633,1197,0.6074555585035819,477,1107,32,-0.3977272727272727,0.30113636363636365,318,841,8,-0.451251078515962,-19.519841718696988,-22.924235792327618
2019-07-18,1623,1186,0.6074456809750928,886,695,31,0.12080961416824794,0.560404807084124,672,471,10,0.17585301837270342,-14.32591845205318,-14.209367469840618
2019-07-19,1636,1175,0.6102325581395349,602,972,38,-0.23506988564167725,0.38246505717916135,395,735,14,-0.3008849557522124,-27.60745945730872,-30.524006923010823
2019-07-22,1632,1191,0.6073660417497673,738,846,35,-0.06818181818181818,0.4659090909090909,521,607,13,-0.07624113475177305,-30.480736346522715,-33.08821257083433
2019-07-23,1632,1192,0.6046726504751848,1095,492,34,0.3799621928166352,0.6899810964083176,829,299,16,0.4698581560283688,-10.377783855145394,-7.810202797862168
2019-07-24,1629,1201,0.6064422057264051,1142,444,27,0.4401008827238335,0.7200504413619168,817,330,6,0.4245858761987794,9.869063939617867,11.57793258053888
2019-07-25,1634,1200,0.6068308181096108,419,1163,32,-0.47029077117572693,0.26485461441213654,307,833,13,-0.4614035087719298,-18.388809210535662,-16.202570582366377
2019-07-26,1626,1182,0.6100671140939598,1104,471,37,0.40190476190476193,0.700952380952381,817,310,15,0.44986690328305234,1.1524299461601883,5.689632669010569
2019-07-29,1634,1216,0.6064097470533704,753,817,37,-0.04076433121019108,0.47961783439490446,508,623,18,-0.10167992926613616,-4.27902738034331,-3.1983233418666215
2019-07-30,1634,1215,0.6030724789915967,950,632,34,0.20101137800252844,0.6005056890012642,686,472,15,0.1848013816925734,3.1872572030338944,3.5425314334781994
2019-07-31,1647,1262,0.6023632160287696,507,1099,19,-0.3686176836861768,0.31569115815691157,311,877,5,-0.4764309764309764,-18.926458848629032,-23.77336829694687
2019-08-01,1646,1246,0.6052699560836993,489,1132,12,-0.39666872301048733,0.3016656384947563,311,892,6,-0.4829592684954281,-39.14160574477321,-47.33601032819816
2019-08-02,1632,1219,0.6110014475588893,520,1075,26,-0.34796238244514105,0.32601880877742945,365,808,10,-0.3776641091219096,-53.79453128398531,-61.98063124460109
2019-08-05,1634,1271,0.6075916901769685,133,1476,7,-0.8346799254195152,0.08266003729024239,72,1120,0,-0.8791946308724832,-90.38968711231044,-99.26840505943127
2019-08-06,1638,1226,0.6099841938883035,1178,422,17,0.4725,0.73625,913,277,8,0.534453781512605,-55.867600638991114,-59.97068902655951
2019-08-07,1637,1241,0.612573673870334,794,804,19,-0.006257822277847309,0.49687108886107634,613,566,10,0.03986429177268872,-50.009769815000496,-50.80076286031718
2019-08-08,1636,1227,0.6139627659574468,1367,232,18,0.7098186366479049,0.8549093183239524,1030,151,10,0.7442845046570703,-8.947452665125903,-7.485461529659312
2019-08-09,1630,1216,0.6126713696259817,454,1136,24,-0.4289308176100629,0.28553459119496855,281,883,8,-0.5171821305841925,-30.73190695155589,-33.48678334636168
2019-08-12,1642,1205,0.6111842105263158,361,1231,27,-0.5464824120603015,0.22675879396984924,204,942,11,-0.643979057591623,-55.08153555420768,-61.89032593328193
2019-08-13,1649,1214,0.6101939203354297,1154,439,35,0.44883866917765225,0.7244193345888261,875,273,17,0.524390243902439,-25.85900626980623,-27.447438140729226
2019-08-14,1642,1259,0.6093689004554327,108,1520,2,-0.8673218673218673,0.06633906633906633,45,1140,0,-0.9240506329113924,-66.55247552526994,-70.28357572808461
2019-08-15,1641,1225,0.6123868258758693,800,790,36,0.006289308176100629,0.5031446540880503,608,574,12,0.028764805414551606,-57.33207058616667,-58.916283570335814
2019-08-16,1642,1207,0.6156412651808354,1400,196,31,0.7543859649122807,0.8771929824561403,1060,103,11,0.822871883061049,-11.757131173493528,-9.197313475284052
2019-08-19,1644,1202,0.6105984708673873,1271,331,24,0.5867665418227216,0.7933832709113608,936,215,6,0.6264118158123371,18.88725652573152,23.535389160926023
2019-08-20,1639,1169,0.6119601328903654,508,1085,33,-0.36220966729441306,0.31889516635279347,290,841,8,-0.48717948717948717,-2.455038729916454,-4.275392180510198
2019-08-21,1641,1186,0.6087301587301587,1180,412,28,0.4824120603015075,0.7412060301507538,846,270,14,0.5161290322580645,21.540660399950134,22.13319270534197
2019-08-22,1638,1171,0.6090824591687691,709,879,36,-0.1070528967254408,0.4464735516372796,531,584,19,-0.04753363228699552,12.476032002638911,16.418733591965864
2019-08-23,1644,1221,0.6110308601444517,153,1456,17,-0.8098197638284649,0.09509011808576756,61,1084,4,-0.8934497816593886,-30.474948792226588,-30.845030086550196
2019-08-26,1634,1201,0.6130786576469027,1142,450,32,0.43467336683417085,0.7173366834170855,874,272,14,0.525305410122164,-4.821006094743672,-0.16356329217104304
2019-08-27,1646,1208,0.6088507265521796,494,1102,28,-0.38095238095238093,0.30952380952380953,341,812,11,-0.4084995663486557,-23.64406744724965,-20.620340190056996
2019-08-28,1641,1202,0.6108374384236454,1188,415,27,0.4822208359326263,0.7411104179663132,892,253,15,0.5580786026200873,3.5390962778443487,10.321125711637949
2019-08-29,1640,1200,0.6105067657203502,1325,276,25,0.6552154903185509,0.8276077451592755,990,158,7,0.7247386759581882,35.41273850070673,45.05747709593398
2019-08-30,1637,1186,0.6079756226815051,919,671,36,0.1559748427672956,0.5779874213836478,676,456,17,0.19434628975265017,37.52560653118777,48.012150833750525
2019-09-03,1643,1224,0.6098265895953757,543,1053,26,-0.31954887218045114,0.34022556390977443,341,804,12,-0.4043668122270742,15.36829491720578,20.36268102642869
2019-09-04,1633,1191,0.6121607237892496,1316,287,21,0.6419213973799127,0.8209606986899564,972,178,6,0.6904347826086956,44.42046549068335,51.36065067782487
2019-09-05,1636,1218,0.6100381027460254,1156,438,19,0.4504391468005019,0.7252195734002509,866,281,7,0.5100261551874455,59.46385647458271,68.58668010531699
2019-09-06,1627,1181,0.6104998011401299,862,706,39,0.09948979591836735,0.5497448979591837,615,523,15,0.08084358523725835,54.48116893933704,61.51287336778681
2019-09-09,1637,1221,0.6111626673737239,1031,559,19,0.2968553459119497,0.6484276729559748,747,392,7,0.31167690956979804,59.81684275168442,66.69887045698655
2019-09-10,1637,1231,0.6121854304635762,1018,572,27,0.28050314465408804,0.640251572327044,777,398,7,0.3225531914893617,63.26214958458992,71.34321771194557
2019-09-11,1634,1258,0.6100728959575878,1205,390,22,0.5109717868338558,0.7554858934169278,944,247,7,0.5852225020990764,77.41500828778956,88.09088405686155
2019-09-12,1636,1259,0.6128096995255666,799,789,28,0.006297229219143577,0.5031486146095718,616,591,15,0.020712510356255178,63.894899556850696,73.74418477433936
2019-09-13,1642,1239,0.6086783966133087,804,801,19,0.001869158878504673,0.5009345794392523,629,562,8,0.056255247691015954,51.794328577081785,62.88617283064922
2019-09-16,1647,1240,0.6170128323852362,804,784,38,0.012594458438287154,0.5062972292191436,590,574,20,0.013745704467353952,41.72563372448307,51.162664593457805
2019-09-17,1640,1207,0.6123782846471922,797,793,36,0.0025157232704402514,0.5012578616352201,570,598,11,-0.023972602739726026,32.404334698496406,38.99733636733786
2019-09-18,1642,1214,0.610069489969844,686,908,27,-0.13927227101631118,0.43036386449184444,467,689,10,-0.19204152249134948,17.18320264344775,19.997548064587438
2019-09-19,1644,1218,0.6111111111111112,757,834,33,-0.04839723444374607,0.47580138277812695,508,644,17,-0.11805555555555555,8.626970551792166,7.35203967220259
2019-09-20,1648,1227,0.611523178807947,737,856,36,-0.07470182046453233,0.46264908976773383,483,673,15,-0.1643598615916955,-0.04697204037162894,-5.811845503454468
2019-09-23,1641,1204,0.6100079428117554,868,738,22,0.08094645080946451,0.5404732254047323,612,534,14,0.06806282722513089,0.3194554672300287,-5.4167736602826615
2019-09-24,1647,1242,0.6096131301289566,437,1159,32,-0.4523809523809524,0.27380952380952384,286,873,12,-0.5064710957722174,-26.03521645062756,-33.77859951593677
2019-09-25,1644,1222,0.6117926394934705,1056,545,29,0.31917551530293564,0.6595877576514678,823,345,11,0.4092465753424658,-9.86046147394825,-12.073184069207196
2019-09-26,1646,1186,0.6143385265381569,700,899,32,-0.12445278298936835,0.4377736085053158,477,658,17,-0.15947136563876652,-18.163158576132897,-21.890584990968982
2019-09-27,1640,1205,0.6132001051801209,647,951,27,-0.1902377972465582,0.4048811013767209,417,719,12,-0.2658450704225352,-28.46039951847961,-35.4936950933089
2019-09-30,1645,1219,0.6091683038637852,956,643,31,0.1957473420888055,0.5978736710444027,684,462,13,0.193717277486911,-17.822981559825458,-23.96876835987068
2019-10-01,1649,1225,0.6184279705573081,318,1296,21,-0.6059479553903345,0.1970260223048327,180,990,7,-0.6923076923076923,-48.723639171334035,-58.29636065071181
2019-10-02,1642,1238,0.6193361433087461,301,1309,20,-0.6260869565217392,0.18695652173913044,180,991,4,-0.6925704526046115,-75.90703328988744,-87.36810827097338
2019-10-03,1637,1201,0.6168100595632032,993,583,43,0.26015228426395937,0.6300761421319797,750,392,20,0.3134851138353765,-54.457338055516225,-61.48483362294275
2019-10-04,1639,1173,0.6186065243656866,1285,310,24,0.6112852664576802,0.8056426332288401,940,184,11,0.6725978647686833,-18.28891283016522,-21.091572084096512
2019-10-07,1646,1203,0.6128391793514228,556,1034,33,-0.30062893081761005,0.34968553459119495,360,753,14,-0.353099730458221,-32.869174562103794,-37.73475536930771
2019-10-08,1643,1202,0.6182512509876218,331,1281,18,-0.5893300248138957,0.2053349875930521,153,995,5,-0.7334494773519163,-59.60600716991504,-70.79349064600152
2019-10-09,1636,1186,0.6163254453602766,1067,526,31,0.3396107972379159,0.6698053986189579,783,342,16,0.392,-35.7209279111535,-42.4322679867489
2019-10-10,1650,1166,0.6158423697434541,1036,557,32,0.30069052102950405,0.650345260514752,796,324,10,0.42142857142857143,-17.066594315777206,-16.499832701725587
2019-10-11,1650,1236,0.6177354055112968,1248,361,28,0.5512740832815414,0.7756370416407706,931,204,8,0.6405286343612335,11.497371992450281,16.709901777111074
2019-10-14,1638,1148,0.6170126718792127,621,985,21,-0.2266500622665006,0.3866749688667497,411,713,6,-0.26868327402135234,-3.0341309513795682,-0.439920171498423
2019-10-15,1640,1209,0.6146825396825397,1100,492,27,0.38190954773869346,0.6909547738693468,812,300,13,0.460431654676259,14.984585186662514,21.354928098178515
2019-10-16,1633,1193,0.6128,778,807,33,-0.01829652996845426,0.4908517350157729,563,578,11,-0.013146362839614373,10.305360673397795,16.203847852467735
2019-10-17,1641,1218,0.6170071637039002,1085,504,24,0.3656387665198238,0.6828193832599119,804,338,7,0.4080560420315236,25.44986173560338,32.77877524667958
2019-10-18,1637,1194,0.617925156478892,824,756,39,0.043037974683544304,0.5215189873417722,597,539,23,0.051056338028169015,22.14112124329716,28.936459092329585
2019-10-21,1645,1205,0.6146825396825397,1147,454,19,0.43285446595877575,0.7164272329793879,852,293,10,0.4882096069868996,38.69226707992042,47.36425993283522
2019-10-22,1646,1193,0.6136032817255525,859,725,44,0.0845959595959596,0.5422979797979798,602,529,23,0.0645446507515473,35.23711011669291,41.69996054003573
2019-10-23,1644,1177,0.6147267138848056,987,598,45,0.24542586750788645,0.6227129337539432,737,389,14,0.30905861456483125,40.14826075814626,48.8741829471562
2019-10-24,1639,1182,0.6189518831255864,711,876,35,-0.10396975425330812,0.44801512287334594,495,636,11,-0.1246684350132626,26.67677216473842,33.07741971160373
2019-10-25,1647,1191,0.6174827035657264,952,647,27,0.19074421513445905,0.5953721075672295,702,427,17,0.24357838795394154,29.76096402593939,37.818141195008565
2019-10-28,1651,1200,0.6158005803218148,926,671,35,0.1596743894802755,0.5798371947401377,671,455,18,0.19182948490230906,30.695651964427334,39.094922204763016
2019-10-29,1648,1211,0.6180564762031022,906,698,29,0.12967581047381546,0.5648379052369077,654,494,14,0.13937282229965156,29.841402941689395,37.36826222694639
2019-10-30,1653,1206,0.6167435728411338,839,770,27,0.04288377874456184,0.5214418893722809,575,574,12,0.0008703220191470844,24.62221142607733,28.78000162075321
2019-10-31,1654,1205,0.6110310493908031,589,1023,30,-0.2692307692307692,0.36538461538461536,364,780,10,-0.36363636363636365,4.430964224332076,3.067804511578745
2019-11-01,1654,1226,0.620928990923652,1233,385,22,0.5241038318912238,0.7620519159456118,893,269,6,0.5370051635111877,26.81202310181788,26.100613318054258
2019-11-04,1651,1229,0.6223397224058163,1041,571,25,0.29156327543424315,0.6457816377171216,775,403,4,0.3157894736842105,34.186740503710105,34.602377289651685
2019-11-05,1655,1230,0.6195709745762712,780,811,42,-0.01948460087994972,0.49025769956002513,572,585,20,-0.011235955056179775,24.76879636409979,25.347102161899713
2019-11-06,1659,1220,0.6204418418951291,785,828,30,-0.026658400495970243,0.4866707997520149,540,621,13,-0.06976744186046512,16.23392016211142,14.38053207664801
2019-11-07,1650,1233,0.6206625638339662,817,796,25,0.013019218846869188,0.5065096094234346,618,545,10,0.06276870163370593,10.839312375742788,11.55901916808312
2019-11-08,1647,1205,0.6187566418703507,826,771,33,0.034439574201628055,0.5172197871008141,597,562,10,0.030198446937014668,7.243743924256835,7.460317800585162
2019-11-11,1640,1186,0.6241865509761388,720,877,28,-0.09830932999373826,0.45084533500313084,485,639,17,-0.13701067615658363,-2.5041310311532534,-4.441829612308434
2019-11-12,1648,1206,0.6240361605955863,722,866,34,-0.0906801007556675,0.45465994962216627,510,613,20,-0.0917186108637578,-10.444582000969579,-12.331353237629628
2019-11-13,1651,1227,0.6224381155177003,656,946,32,-0.18102372034956304,0.4094881398252185,484,680,9,-0.16838487972508592,-21.698625649852467,-22.848552614157505
2019-11-14,1648,1217,0.618293170017308,863,739,28,0.07740324594257178,0.5387016229712859,650,515,9,0.11587982832618025,-18.290991526791327,-17.51327991545474
2019-11-15,1653,1221,0.6226919989296227,1047,558,30,0.30467289719626167,0.6523364485981309,798,366,16,0.3711340206185567,-3.9225268312556016,-0.10134574386777562
2019-11-18,1650,1217,0.6188649292234423,672,928,29,-0.16,0.42,498,667,14,-0.14506437768240343,-14.85152174222936,-11.023555213489598
2019-11-19,1658,1209,0.6175072616847108,831,779,25,0.03229813664596273,0.5161490683229814,580,579,11,0.0008628127696289905,-14.506647950102646,-13.010567011347181
2019-11-20,1654,1229,0.622005790997631,625,986,29,-0.22408441961514589,0.38795779019242704,430,738,12,-0.2636986301369863,-26.95837543113922,-27.872481408789444
2019-11-21,1646,1195,0.6213540272946213,604,990,41,-0.24215809284818068,0.37892095357590966,442,703,22,-0.2279475982532751,-38.373494211921546,-38.65250421737308
2019-11-22,1650,1184,0.6200481798715204,949,634,46,0.19898926089703095,0.5994946304485155,683,445,17,0.21099290780141844,-25.88418561117023,-25.729135894890533
2019-11-25,1652,1231,0.6208813021040095,1223,389,24,0.5173697270471465,0.7586848635235732,913,234,9,0.5919790758500436,0.8426174780337692,4.498298102737746
2019-11-26,1660,1220,0.6196660482374768,890,721,28,0.10490378646803228,0.5524518932340161,661,499,16,0.1396551724137931,3.066524002957309,7.704067508383719
2019-11-27,1649,1169,0.6188436830835118,1038,575,26,0.287042777433354,0.643521388716677,762,362,12,0.35587188612099646,14.059581010018238,21.217315698029275
2019-11-29,1629,1055,0.624315443592552,510,1069,36,-0.3540215326155795,0.3229892336922103,261,759,13,-0.48823529411764705,-8.664868656441435,-9.540302690246104
2019-12-02,1657,1217,0.6213895394223263,395,1206,19,-0.5065584009993754,0.2467207995003123,239,800,7,-0.5399422521655438,-35.67779219717204,-38.37571280116516
2019-12-03,1653,1232,0.6181533646322379,572,1039,30,-0.28988206083178153,0.35505896958410926,370,792,15,-0.36316695352839934,-47.76163585513116,-53.9993449501379
2019-12-04,1656,1231,0.6168027390044772,1176,432,30,0.4626865671641791,0.7313432835820896,885,288,10,0.5089514066496164,-20.22608260361252,-23.48163570385812
2019-12-05,1653,1219,0.6181123121539678,925,683,33,0.15049751243781095,0.5752487562189055,706,459,17,0.21201716738197424,-12.191506896864421,-12.118298083151721
2019-12-06,1659,1228,0.620291777188329,1261,355,26,0.5606435643564357,0.7803217821782178,938,226,5,0.6116838487972509,15.246315462820757,17.64128114373184
2019-12-09,1652,1198,0.6242327195089404,764,847,30,-0.051520794537554315,0.47423960273122284,506,642,12,-0.11846689895470383,8.021204058337991,6.48997758940089
2019-12-10,1655,1215,0.6179183135704874,731,878,28,-0.09136109384711001,0.454319453076445,497,632,11,-0.1195748449955713,-0.18838717826425572,-3.1322341395424447
2019-12-11,1653,1219,0.6236230922362309,977,631,28,0.21517412935323382,0.6075870646766169,699,453,15,0.21354166666666666,8.120115410349342,5.31226158602062
2019-12-12,1664,1245,0.6159783867232729,1051,568,23,0.2983323038912909,0.6491661519456454,817,358,10,0.39063829787234045,19.341193273465077,21.36057568373062
2019-12-13,1653,1209,0.6187360983906843,715,905,22,-0.11728395061728394,0.44135802469135804,480,688,9,-0.1780821917808219,8.057696154632962,6.539056876195909
2019-12-16,1659,1253,0.6160249739854319,1140,478,21,0.40914709517923364,0.7045735475896168,848,321,13,0.4508126603934987,24.691569927084224,25.278705620088786
2019-12-17,1658,1233,0.6187598528638991,993,627,22,0.22592592592592592,0.6129629629629629,706,480,13,0.1905564924114671,29.629015690229245,28.16190336891515
2019-12-18,1665,1229,0.618117461982171,957,670,18,0.17639827904118008,0.58819913952059,704,472,8,0.19727891156462585,31.2260043950298,30.822348884975064
2019-12-19,1657,1227,0.6222836823389964,936,678,32,0.15985130111524162,0.5799256505576208,686,477,15,0.17970765262252794,31.607950819362213,32.06435510967652
2019-12-20,1656,1259,0.6230738838403793,1003,604,36,0.24828873677660238,0.6241443683883012,757,419,12,0.28741496598639454,36.19834704113764,38.35131432444122
2019-12-23,1662,1206,0.628146000790618,812,796,33,0.009950248756218905,0.5049751243781094,572,590,15,-0.01549053356282272,28.025219674530767,28.38963290398197
2019-12-24,1640,979,0.6275592672413793,891,694,44,0.12429022082018927,0.5621451104100946,518,433,18,0.08937960042060988,26.61406828090776,24.973953824141013
2019-12-26,1655,1131,0.6319407008086253,972,609,45,0.22960151802656548,0.6148007590132827,624,312,19,0.3333333333333333,30.540028358274352,34.12636508739247
2019-12-27,1664,1190,0.6197473575663831,688,920,33,-0.14427860696517414,0.42786069651741293,448,630,18,-0.16883116883116883,15.050017833044452,16.672819783810397
2019-12-30,1664,1212,0.6216425619834711,640,980,30,-0.20987654320987653,0.3950617283950617,425,704,21,-0.2471213463241807,-1.5490880674274705,-2.247834424321915
2019-12-31,1665,1207,0.6214193548387097,1042,560,47,0.30087390761548066,0.6504369538077404,742,395,22,0.3051890941072999,9.803944369274037,9.201767421420593
2020-01-02,1662,1244,0.6210892236384704,912,704,34,0.12871287128712872,0.5643564356435643,626,525,17,0.08774978279756733,10.853715564389855,8.07320259693671
2020-01-03,1657,1233,0.6198581560283688,675,946,28,-0.16718075262183837,0.4164096236890808,451,725,13,-0.23299319727891157,-3.0976798370564165,-8.969235344805634
2020-01-06,1664,1239,0.6232708468002586,823,790,32,0.02045877247365158,0.5102293862368258,593,587,10,0.005084745762711864,-5.628658251333199,-11.59177645619014
2020-01-07,1659,1197,0.6232823437905107,644,981,24,-0.2073846153846154,0.3963076923076923,412,743,7,-0.2865800865800866,-19.156670897196534,-28.359331841282863
2020-01-08,1662,1220,0.6199176531137416,966,647,31,0.1977681339119653,0.5988840669559826,670,475,15,0.1703056768558952,-10.369700890094666,-19.709506864531644
2020-01-09,1654,1204,0.6209687948818383,887,721,32,0.10323383084577115,0.5516169154228856,638,509,12,0.11246730601569312,-7.531708182881805,-15.107277517096799
2020-01-10,1651,1186,0.6204921234214295,705,904,21,-0.12367930391547545,0.4381603480422623,473,669,4,-0.17162872154115585,-16.413222615362724,-25.301636415296965
2020-01-13,1656,1205,0.6215688825289449,1176,423,33,0.4709193245778612,0.7354596622889306,849,278,16,0.5066548358473825,5.805080082609729,0.022872778245294767
2020-01-14,1664,1198,0.6218531014793667,878,734,33,0.08933002481389578,0.5446650124069479,626,514,9,0.09824561403508772,5.693238500764849,1.254752684217958
2020-01-15,1663,1216,0.6209056505285137,926,695,31,0.14250462677359654,0.5712523133867983,635,516,9,0.10338835794960903,8.227877853768703,2.5588734361295664
2020-01-16,1661,1200,0.625949201361613,1244,373,31,0.53865182436611,0.769325912183055,921,231,8,0.5989583333333334,30.16121499094382,28.43960108101956
2020-01-17,1658,1208,0.6221701795472288,836,769,37,0.041744548286604365,0.5208722741433022,605,542,13,0.05492589363557106,23.91804836429856,23.223803227107293
2020-01-21,1660,1229,0.6237929702587872,580,1038,26,-0.2830655129789864,0.3584672435105068,399,758,11,-0.31028522039757994,2.2200475934158193,0.3876213442192272
2020-01-22,1661,1194,0.6236924686192469,806,799,36,0.004361370716510903,0.5021806853582554,560,595,12,-0.030303030303030304,-1.9714991188811426,-5.140142767643685
2020-01-23,1643,1196,0.627533561463543,831,773,30,0.03615960099750624,0.5180798004987531,606,536,10,0.06129597197898424,-3.955502548250861,-5.26073025534754
2020-01-24,1653,1202,0.6251459711950175,373,1232,22,-0.535202492211838,0.232398753894081,209,940,7,-0.6362053959965187,-34.200152628087935,-40.21259730483274
2020-01-27,1655,1221,0.6263253167830359,267,1353,16,-0.6703703703703704,0.1648148148148148,149,1009,3,-0.7426597582037997,-66.64672159113482,-75.21809875598248
2020-01-28,1655,1163,0.6296296296296297,1200,413,23,0.4879107253564786,0.7439553626782393,866,261,7,0.5368234250221828,-36.14124966024176,-40.79755284163647
2020-01-29,1659,1175,0.6243787601360188,721,881,29,-0.09987515605493133,0.4500624219725343,451,659,15,-0.1873873873873874,-39.26765898159749,-47.37453894114095
2020-01-30,1658,1201,0.6244326287122293,824,772,38,0.03258145363408521,0.5162907268170426,612,509,15,0.09188224799286351,-35.12157017199784,-38.79750759249904
2020-01-31,1663,1231,0.6229086229086229,209,1408,25,-0.7414965986394558,0.1292517006802721,99,1063,7,-0.8296041308089501,-70.1049590026072,-77.3444771915384
2020-02-03,1665,1218,0.6264077669902912,1101,510,38,0.36685288640595903,0.6834264432029795,813,347,14,0.4017241379310345,-44.24775740549441,-48.34900037576012
2020-02-04,1658,1230,0.6236013531095498,1225,385,30,0.5217391304347826,0.7608695652173914,919,247,10,0.5763293310463122,-14.174299051494334,-14.585863040627004
2020-02-05,1662,1211,0.6254071661237784,1309,299,28,0.6281094527363185,0.8140547263681592,961,208,7,0.6441402908468776,16.927895451509993,17.745096686143214
2020-02-06,1664,1185,0.6275844019890081,756,851,36,-0.05911636589919104,0.4704418170504045,506,637,9,-0.11461067366579178,9.07434134254568,7.361793543467568
2020-02-07,1665,1174,0.6274355956584281,466,1149,31,-0.42291021671826623,0.2885448916408669,253,874,8,-0.5510204081632653,-15.8755116682853,-23.373226336111124
2020-02-10,1660,1171,0.6245903788176694,988,616,33,0.23192019950124687,0.6159600997506235,683,429,12,0.22841726618705036,-4.386737623228706,-10.562918483954569
2020-02-11,1660,1185,0.6269362037280126,1160,446,31,0.44458281444582815,0.7222914072229141,826,294,13,0.475,16.091228620639885,12.771846012706533
2020-02-12,1661,1181,0.625605445738971,1072,543,25,0.32755417956656346,0.6637770897832818,783,353,9,0.3785211267605634,27.668001872081113,27.83526676531642
2020-02-13,1656,1181,0.6231407134395156,738,858,33,-0.07518796992481203,0.462406015037594,549,573,16,-0.0213903743315508,17.290695518134168,20.579740120365578
2020-02-14,1662,1158,0.6253644314868805,780,812,39,-0.020100502512562814,0.4899497487437186,548,564,14,-0.014388489208633094,11.086018478531315,14.623460394476679
2020-02-18,1665,1166,0.6278067885117493,630,984,24,-0.21933085501858737,0.3903345724907063,407,708,5,-0.2699551569506726,-4.235928108023,-3.3206094602327014
2020-02-19,1650,1188,0.6291311300639659,971,628,31,0.21450906816760476,0.6072545340838024,660,459,10,0.17962466487935658,4.37698336032278,3.832804952793402
2020-02-20,1667,1193,0.6252604166666667,882,726,27,0.09701492537313433,0.5485074626865671,637,497,11,0.12345679012345678,5.844430609233293,7.121416513371767
2020-02-21,1666,1210,0.6263345195729537,517,1104,25,-0.3621221468229488,0.31893892658852563,335,814,6,-0.41688424717145345,-15.886977755798545,-17.1194795496461
2020-02-24,1674,1251,0.6223553403007902,125,1515,10,-0.8475609756097561,0.07621951219512195,59,1121,4,-0.9,-58.65983845846215,-61.91563592720548
2020-02-25,1674,1325,0.6212351303467477,107,1544,7,-0.87038158691702,0.06480920654149,46,1189,2,-0.9255060728744939,-96.0783657323104,-101.18207509410743
2020-02-26,1678,1285,0.6249036237471087,502,1145,13,-0.39040680024286584,0.3047965998785671,325,927,4,-0.48083067092651754,-103.5920753890814,-112.01520010893921
2020-02-27,1676,1340,0.6204297022238975,128,1527,8,-0.8453172205438066,0.07734138972809668,90,1170,2,-0.8571428571428571,-132.2438577837222,-139.5330553068927
2020-02-28,1690,1407,0.6136835675015272,444,1209,14,-0.4627949183303085,0.26860254083484575,395,916,8,-0.39740655987795576,-136.95379733154664,-139.3763413613634
2020-03-02,1685,1308,0.6235117182604336,1394,272,11,0.673469387755102,0.8367346938775511,1075,209,6,0.6744548286604362,-83.48281135400825,-84.95239980420945
2020-03-03,1679,1325,0.6236125126135217,466,1184,14,-0.4351515151515152,0.2824242424242424,254,1012,5,-0.5987361769352291,-92.77874943177373,-101.654718053605
2020-03-04,1683,1269,0.6283013982392542,1423,227,16,0.7248484848484849,0.8624242424242424,1088,148,9,0.7605177993527508,-42.26288274110437,-47.4642277521712
2020-03-05,1676,1271,0.6295961811379177,167,1483,9,-0.7975757575757576,0.10121212121212121,106,1117,2,-0.8266557645134914,-74.98171442808864,-80.25271559899655
2020-03-06,1682,1303,0.6229632436528988,300,1348,13,-0.6359223300970874,0.1820388349514563,218,1021,4,-0.6481033091202583,-94.49873557438626,-98.95798636037559
2020-03-09,1693,1366,0.6139557619454967,29,1647,1,-0.9653937947494033,0.017303102625298328,25,1258,0,-0.961028838659392,-127.18686820921457,-130.10247940650947
2020-03-10,1686,1342,0.6179816967598318,1284,381,14,0.5423423423423424,0.7711711711711712,1047,246,5,0.6194895591647331,-79.11248041635943,-77.05458867271514
2020-03-11,1685,1362,0.6202185792349727,58,1615,1,-0.9306634787806336,0.034668260609683206,37,1262,0,-0.9430331023864511,-111.26360750753531,-109.43950222951662
2020-03-12,1701,1431,0.6093507114671769,24,1655,1,-0.9714115544967242,0.01429422275163788,18,1320,0,-0.9730941704035875,-140.23390691875753,-138.08445921029113
2020-03-13,1694,1395,0.6156853163938432,1521,164,3,0.8053412462908012,0.9026706231454006,1252,113,2,0.8344322344322345,-75.4647033413825,-71.50915489101078
2020-03-16,1696,1431,0.6107064821558631,76,1608,1,-0.9097387173396675,0.04513064133016627,59,1305,1,-0.9134897360703812,-105.46370894754334,-101.6258224487018
2020-03-17,1696,1412,0.615065315590282,1043,628,15,0.2483542788749252,0.6241771394374626,869,503,5,0.26676384839650147,-72.6808903853435,-67.85476487493999
2020-03-18,1695,1472,0.6109767891682786,140,1538,7,-0.833134684147795,0.08343265792610251,131,1245,6,-0.809593023255814,-98.36262421387192,-92.45908040761475
2020-03-19,1694,1438,0.6126588465298143,1196,477,13,0.42976688583383144,0.7148834429169157,989,409,6,0.41487839771101576,-56.683615017113056,-51.80990373767208
2020-03-20,1691,1418,0.6145833333333334,639,1030,11,-0.23427201917315757,0.38286399041342123,447,926,8,-0.348871085214858,-53.96658932914811,-54.983282312476426
2020-03-23,1693,1425,0.6156752803510482,431,1243,9,-0.4850657108721625,0.2574671445639188,379,984,8,-0.44387380777696256,-63.91338400424262,-62.17174071047701
2020-03-24,1692,1410,0.6164400494437577,1573,104,4,0.875968992248062,0.937984496124031,1286,79,3,0.8842490842490842,-4.046591375415964,-1.6008693359127746
2020-03-25,1691,1396,0.6167384615384616,1311,357,12,0.5719424460431655,0.7859712230215827,1039,307,8,0.5438335809806835,31.95842196886309,33.17445487259919
2020-03-26,1689,1405,0.6171265932434105,1470,201,11,0.7594254937163375,0.8797127468581688,1201,157,6,0.7687776141384389,71.95706865203597,73.9886864544017
2020-03-27,1691,1349,0.6115621156211563,315,1350,13,-0.6216216216216216,0.1891891891891892,221,1094,8,-0.6638783269961978,36.74377045599063,36.882113967839
2020-03-30,1687,1364,0.6217440543601359,1042,620,15,0.2539109506618532,0.6269554753309265,817,481,4,0.2588597842835131,50.22931026026567,51.108489485974225
2020-03-31,1689,1360,0.6205211726384365,687,967,21,-0.16928657799274485,0.4153567110036276,508,794,12,-0.2196620583717358,40.34842380888959,39.09040597378753
2020-04-01,1692,1370,0.6234614418487817,135,1542,3,-0.8389982110912343,0.08050089445438283,107,1204,1,-0.8367658276125095,-1.787057881005874,-2.2356959210396985
2020-04-02,1676,1328,0.6255870034268308,1030,617,21,0.25075895567698847,0.6253794778384942,816,463,14,0.2759968725566849,16.68389890194967,18.079800446947917
2020-04-03,1688,1350,0.6249204530991472,328,1329,10,-0.6041038020519011,0.1979480989740495,264,1019,7,-0.5884645362431801,-10.349990429577558,-7.863919600650638
2020-04-06,1690,1361,0.6238125395820139,1591,83,4,0.9008363201911589,0.9504181600955794,1246,56,1,0.9139784946236559,41.83479025626754,45.11567089999763
2020-04-07,1693,1362,0.6231666039864611,1166,506,12,0.39473684210526316,0.6973684210526315,874,426,7,0.3446153846153846,60.93862988708897,61.71948692313835
2020-04-08,1686,1345,0.6243178068282778,1501,164,10,0.803003003003003,0.9015015015015015,1183,104,8,0.8383838383838383,97.38102766689285,100.29557487673065
2020-04-09,1689,1382,0.6201628052598622,1430,239,7,0.713600958657879,0.8568004793289394,1103,207,4,0.683969465648855,123.58227041303451,125.05593356591926
2020-04-13,1688,1321,0.6287021736367103,348,1312,14,-0.5807228915662651,0.20963855421686747,261,1022,5,-0.593141075604053,80.65022909771324,81.74523351470053
2020-04-14,1684,1317,0.6264448113806681,1204,455,15,0.45147679324894513,0.7257383966244726,906,352,6,0.44038155802861684,95.1500668683855,95.9819904849685
2020-04-15,1685,1305,0.6302929512600742,197,1465,7,-0.762936221419976,0.11853188929001203,92,1168,2,-0.8539682539682539,46.351027094522294,42.95701714227923
2020-04-16,1686,1319,0.6289888504421376,794,862,17,-0.04106280193236715,0.47946859903381644,639,615,9,0.019138755980861243,40.489763926777094,41.061230346024274
2020-04-17,1682,1326,0.6291576398623678,1315,342,14,0.5872057936028968,0.7936028968014484,1008,260,3,0.5899053627760252,66.68936487548426,67.77335682325437
2020-04-20,1684,1300,0.6283715012722646,339,1317,10,-0.5905797101449275,0.20471014492753623,256,1007,4,-0.5946159936658749,29.867301674860236,31.047290355074814
2020-04-21,1689,1294,0.6305179892829803,298,1355,17,-0.6394434361766486,0.18027828191167575,232,1006,9,-0.6252019386106623,-4.208085171633652,-2.0380301742334503
2020-04-22,1683,1282,0.6303613205094879,1170,477,26,0.4207650273224044,0.7103825136612022,866,358,12,0.4150326797385621,19.68892267542489,21.69594184154037
2020-04-23,1685,1293,0.627521521264294,963,669,34,0.1801470588235294,0.5900735294117647,770,447,21,0.2654067378800329,27.991521346339074,34.39871111289283
2020-04-24,1682,1283,0.6293003478933127,1048,594,24,0.27649208282582216,0.6382460414129111,835,386,13,0.3677313677313677,39.76753680335364,50.203816776901455
2020-04-27,1686,1315,0.62692454510752,1386,277,9,0.666867107636801,0.8334335538184005,1105,142,3,0.7722534081796311,69.15594357563326,83.69226505815749
2020-04-28,1685,1315,0.6296201232032854,1225,427,19,0.4830508474576271,0.7415254237288136,949,314,5,0.5027711797307997,84.7464386390955,98.43231559089904
2020-04-29,1693,1359,0.6272785213511791,1481,191,4,0.7715311004784688,0.8857655502392344,1132,153,1,0.7618677042801556,112.07659237620231,123.49772344590639
2020-04-30,1696,1367,0.6252684775742261,269,1388,27,-0.6753168376584189,0.1623415811707906,165,1137,9,-0.7465437788018433,62.54109395270324,68.89058439060818
2020-05-01,1692,1306,0.634548499291511,212,1460,12,-0.7464114832535885,0.12679425837320574,124,1155,5,-0.8060985144644254,16.320805051089543,18.879290793246074
2020-05-04,1689,1281,0.6349329205366357,755,899,24,-0.08706166868198308,0.45646916565900847,540,698,10,-0.12762520193861066,9.688344743534644,9.948903939825973
2020-05-05,1688,1299,0.634568219956112,984,667,22,0.19200484554815264,0.5960024227740763,705,520,15,0.1510204081632653,17.922475168364326,16.195959165546455
2020-05-06,1681,1283,0.6294954721862872,464,1187,19,-0.43791641429436706,0.2810417928528165,304,934,4,-0.5088852988691438,-6.623018686374108,-11.539073763910725
2020-05-07,1688,1285,0.6328165374677003,1230,426,16,0.4855072463768116,0.7427536231884058,925,300,9,0.5102040816326531,18.59488219481533,15.759637475312783
2020-05-08,1692,1287,0.6323169947253313,1435,223,17,0.7310012062726177,0.8655006031363088,1103,138,5,0.7775987107171636,52.33791103204853,52.390968851697856
2020-05-11,1691,1294,0.6320134141622598,495,1155,29,-0.4,0.3,335,904,14,-0.45924132364810333,24.376450819091787,21.606800615985247
2020-05-12,1686,1300,0.6301597444089457,283,1368,25,-0.6571774682010902,0.17141126589945488,153,1104,5,-0.7565632458233891,-12.511353327136195,-19.68779333739324
2020-05-13,1682,1327,0.6299072544784653,196,1460,9,-0.7632850241545893,0.11835748792270531,163,1102,5,-0.7422924901185771,-49.2932469032004,-54.182694415604296
2020-05-14,1687,1312,0.6261717760324297,928,713,28,0.13101767215112736,0.5655088360755637,808,460,14,0.2744479495268139,-35.78016486093345,-32.56789938312718
2020-05-15,1681,1291,0.6327249022164276,940,688,40,0.1547911547911548,0.5773955773955773,696,546,17,0.12077294685990338,-22.858904758489178,-21.608160266789127
2020-05-18,1689,1314,0.6308262035499936,1529,129,12,0.8443908323281062,0.9221954161640531,1173,78,5,0.8752997601918465,22.783051029740697,25.596798145611015
2020-05-19,1682,1276,0.6340865074241446,508,1136,30,-0.3819951338199513,0.30900243309002434,310,924,11,-0.49756888168557534,0.373709666125661,-2.8143784963860132
2020-05-20,1683,1279,0.6319895968790638,1374,287,12,0.654425045153522,0.827212522576761,1011,212,7,0.6533115290269829,33.03286320057784,30.45215790281637
2020-05-21,1680,1257,0.6314630037579371,791,851,27,-0.03654080389768575,0.4817295980511571,539,672,9,-0.10982658959537572,26.242982703971183,20.585879803502394
2020-05-22,1680,1234,0.635494433529797,863,762,40,0.06215384615384616,0.5310769230769231,576,604,17,-0.023728813559322035,25.241152468429227,16.352171431374124
2020-05-26,1697,1306,0.6278862099757622,1440,217,14,0.7380808690404346,0.8690404345202173,1051,161,5,0.7343234323432343,58.05473299902813,50.553202211175396
2020-05-27,1678,1324,0.6297103306844399,1364,302,8,0.6374549819927972,0.8187274909963985,1052,217,5,0.6579984239558707,80.78877633531319,75.72606709748142
2020-05-28,1693,1300,0.6290858018386108,608,1041,23,-0.26258338386901153,0.36870830806549426,377,880,9,-0.4001591089896579,54.82052121306992,43.962359592509245
2020-05-29,1688,1301,0.6296581855564123,747,915,21,-0.10108303249097472,0.44945848375451264,512,737,9,-0.1801441152922338,40.41857804638842,27.58532756266669
2020-06-01,1684,1314,0.6327771310309145,1204,436,32,0.4682926829268293,0.7341463414634146,888,353,18,0.43110394842868655,56.37160951953399,44.007441725384
2020-06-02,1689,1323,0.6318702535718883,1240,399,32,0.513117754728493,0.7565588773642465,959,303,15,0.5198098256735341,71.97084697155896,62.26360598812275
2020-06-03,1690,1354,0.6311077001790739,1377,282,15,0.6600361663652803,0.8300180831826401,1090,200,5,0.689922480620155,92.29426134002186,86.06694115015483
2020-06-04,1683,1329,0.6314102564102564,893,767,14,0.07590361445783132,0.5379518072289157,735,556,8,0.1386522075910147,80.0026817229851,78.42494435648446
2020-06-05,1689,1382,0.626765893037336,1455,202,14,0.756185878092939,0.8780929390464696,1167,138,1,0.7885057471264367,103.10748092355915,103.99158935288497
2020-06-08,1694,1363,0.6279569892473118,1331,338,10,0.5949670461354104,0.7974835230677052,1054,271,8,0.5909433962264151,114.28560523755574,115.4529953330419
2020-06-09,1689,1349,0.6301108139090562,290,1370,20,-0.6506024096385542,0.1746987951807229,189,1124,7,-0.7121096725057121,60.99300071113681,59.5225790328045
2020-06-10,1691,1352,0.6245263955544329,358,1301,16,-0.568414707655214,0.21579264617239302,220,1085,6,-0.6628352490421456,19.23224393665994,13.868181374115842
2020-06-11,1696,1416,0.6241319444444444,20,1657,5,-0.9761478831246273,0.011926058437686345,9,1322,3,-0.9864763335837716,-36.95602309867174,-41.41772375801486
2020-06-12,1692,1362,0.6258161727774988,1362,305,16,0.6340731853629274,0.8170365926814637,1102,234,6,0.6497005988023952,-4.30115787400924,-6.671237407888192
2020-06-15,1686,1350,0.6288869145830689,1174,484,16,0.4161640530759952,0.7080820265379976,970,334,10,0.48773006134969327,12.744801068100637,14.97183773587446
2020-06-16,1687,1342,0.6311984781230184,1325,331,15,0.6002415458937198,0.8001207729468599,1046,251,8,0.612952968388589,36.45924659915031,39.66295314705694
2020-06-17,1682,1315,0.6296153846153846,428,1212,27,-0.47804878048780486,0.26097560975609757,304,972,13,-0.5235109717868338,2.638284976125796,3.7523450491115384
2020-06-18,1675,1305,0.6295577967416602,717,913,31,-0.12024539877300613,0.43987730061349695,573,685,13,-0.0890302066772655,-8.401659550700852,-5.245948344398912
2020-06-19,1680,1335,0.6291001914486279,502,1132,28,-0.38555691554467564,0.3072215422276622,350,921,11,-0.4492525570416995,-31.064379661967617,-30.924376972350064
2020-06-22,1685,1308,0.6272030651340996,914,719,33,0.11941212492345377,0.5597060624617268,733,530,17,0.16072842438638163,-25.03723143538438,-22.22576249298249
2020-06-23,1683,1322,0.630524152106886,897,749,22,0.0899149453219927,0.5449574726609964,651,614,13,0.02924901185770751,-21.233692524551852,-21.25128892709201
2020-06-24,1691,1350,0.629209231933409,119,1545,9,-0.8569711538461539,0.07151442307692307,71,1226,1,-0.8905165767154973,-65.21980325157462,-66.30013701228043
2020-06-25,1684,1323,0.6286919831223629,1119,526,30,0.36048632218844984,0.6802431610942249,918,375,11,0.419953596287703,-41.62895510519101,-38.96189278989511
2020-06-26,1685,1368,0.6304071246819338,259,1393,14,-0.6864406779661016,0.15677966101694915,189,1110,6,-0.7090069284064665,-73.59698517223467,-71.84091075051467
2020-06-29,1691,1334,0.6268221574344023,1353,299,21,0.6380145278450363,0.8190072639225182,1135,175,4,0.732824427480916,-34.3389056631389,-27.501698758722693
2020-06-30,1689,1330,0.6226058467741935,1219,428,28,0.4802671523982999,0.74013357619915,933,338,17,0.46813532651455547,-8.48892192688315,-2.688619060264963
2020-07-01,1689,1315,0.6278981375902699,728,924,24,-0.11864406779661017,0.4406779661016949,484,782,9,-0.2353870458135861,-16.290302232495574,-16.636111439189353
2020-07-02,1684,1330,0.6289132094680581,1050,600,20,0.2727272727272727,0.6363636363636364,800,467,11,0.2628255722178374,-3.3104638564375732,-3.5674059644025884
2020-07-06,1690,1359,0.6286185881157949,1201,456,17,0.4496077248038624,0.7248038624019312,957,340,7,0.47571318427139553,16.6478728782037,18.268554849040026
2020-07-07,1692,1333,0.6318071674531309,335,1324,18,-0.5961422543701025,0.20192887281494876,215,1083,4,-0.6687211093990755,-18.658487536767286,-20.3747561132353
2020-07-08,1687,1333,0.6331709817995386,959,672,43,0.1759656652360515,0.5879828326180258,727,546,22,0.14218381775333858,-10.146737273575942,-12.767666847793821
2020-07-09,1689,1338,0.629535650850038,297,1354,22,-0.6402180496668686,0.17989097516656571,192,1094,12,-0.7013996889580093,-43.62764285732547,-48.378942527169784
2020-07-10,1689,1313,0.6292321451386227,1282,359,34,0.5624619134673979,0.7812309567336989,1014,261,11,0.5905882352941176,-11.901680760431361,-13.985292307794033
2020-07-13,1692,1342,0.6258631512868801,665,980,27,-0.19148936170212766,0.40425531914893614,517,757,12,-0.18838304552590268,-22.414038522261023,-23.457358949689816
2020-07-14,1685,1331,0.6295541401273885,1225,430,17,0.48036253776435045,0.7401812688821753,1035,249,7,0.6121495327102804,2.302560757309835,8.587939778046893
2020-07-15,1687,1342,0.6307339449541285,1410,240,20,0.7090909090909091,0.8545454545454545,1118,176,7,0.7279752704791345,34.86015890388429,41.73501737981426
2020-07-16,1687,1283,0.6318222678823681,660,970,41,-0.1901840490797546,0.4049079754601227,489,755,18,-0.21382636655948553,17.55885661615285,22.77701179049528
2020-07-17,1687,1293,0.6348510254095189,895,745,33,0.09146341463414634,0.5457317073170732,653,582,15,0.05748987854251012,16.760822062756752,20.019844207774863
2020-07-20,1695,1287,0.6280518819938963,620,1027,26,-0.24711596842744385,0.37644201578627806,403,827,14,-0.34471544715447155,-0.934270743790197,-2.5478995813390597
2020-07-21,1692,1322,0.629433295468888,1294,367,19,0.5580975316074653,0.7790487658037327,986,272,4,0.5675675675675675,24.201771262076566,23.783569712977197
2020-07-22,1692,1294,0.6282002292701566,1001,645,30,0.21628189550425272,0.6081409477521263,781,475,10,0.24363057324840764,28.481296515621647,29.981208395094715
2020-07-23,1696,1312,0.6292375551354757,755,890,32,-0.08206686930091185,0.45896656534954405,579,663,15,-0.06763285024154589,17.080445884566352,19.56711225183204
2020-07-24,1684,1303,0.6281593055910135,479,1167,26,-0.41798298906439857,0.2910085054678007,306,950,10,-0.5127388535031847,-9.548489622583103,-11.69007567499865
2020-07-27,1693,1304,0.6316930137684854,1068,584,21,0.2929782082324455,0.6464891041162227,797,455,7,0.2731629392971246,3.279572831759239,0.9385686659515724
2020-07-28,1682,1297,0.6307908881494753,671,958,41,-0.1761817065684469,0.41190914671577655,473,772,13,-0.24016064257028114,-9.226827373981477,-13.934812359236037
2020-07-29,1697,1322,0.6284735439665017,1375,273,25,0.6686893203883495,0.8343446601941747,1057,208,9,0.6711462450592885,22.369885934819937,18.983465307503224
2020-07-30,1681,1309,0.6269054878048781,525,1120,26,-0.3617021276595745,0.3191489361702128,365,902,7,-0.4238358326756117,-2.2463460182251467,-7.715428500717242
2020-07-31,1696,1323,0.6260346124905944,613,1032,28,-0.2547112462006079,0.37264437689969604,432,836,10,-0.3186119873817035,-17.932448535039242,-25.24321329954674
2020-08-03,1693,1328,0.6254686328417896,1073,590,17,0.2904389657245941,0.645219482862297,780,495,5,0.2235294117647059,-3.9968933479799933,-12.996183278727758
2020-08-04,1691,1315,0.6309644670050761,1068,591,20,0.2875226039783002,0.64376130198915,803,469,7,0.26257861635220126,7.792172716380871,-0.5075314651591181
2020-08-05,1691,1320,0.6315319908233494,1218,435,24,0.47368421052631576,0.7368421052631579,921,349,8,0.4503937007874016,27.140943665228274,19.563557714527878
2020-08-06,1684,1303,0.6346820809248555,792,844,35,-0.03178484107579462,0.4841075794621027,555,703,10,-0.11764705882352941,18.27498552806116,8.22448319404108
2020-08-07,1689,1306,0.6271679959488543,1088,543,40,0.3341508277130595,0.6670754138565297,858,385,20,0.3805309734513274,28.899999832585664,23.397353676797504
2020-08-10,1684,1329,0.6281921618204804,1184,455,28,0.44478340451494813,0.7223917022574741,905,359,13,0.4319620253164557,43.371515903885616,38.824723764426665
2020-08-11,1693,1338,0.6309703368526898,857,786,26,0.04321363359707851,0.5216068167985393,690,599,11,0.07059736229635376,35.44931601943417,33.752768419522376
2020-08-12,1693,1308,0.6304402834008097,1003,650,26,0.21355111917725347,0.6067755595886267,763,503,13,0.20537124802527645,37.015462817139785,35.98617704397772
2020-08-13,1682,1284,0.6274010940083958,548,1091,30,-0.33129957291031115,0.3343502135448444,398,841,13,-0.35754640839386603,10.926906410714142,9.56992771171003
2020-08-14,1694,1290,0.6299262649377065,805,839,30,-0.02068126520681265,0.48965936739659366,641,593,10,0.03889789303079417,4.0974715363415735,6.758399965295619
2020-08-17,1690,1298,0.6268088347296268,805,846,23,-0.02483343428225318,0.4875832828588734,584,662,8,-0.06260032102728733,-1.9697910927007207,-0.7541589606192556
2020-08-18,1700,1286,0.6275129599190795,533,1116,30,-0.35354760460885387,0.3232261976955731,373,869,9,-0.3993558776167472,-23.583160201398403,-24.01140387694637
2020-08-19,1691,1280,0.6242126480221718,643,1005,33,-0.2196601941747573,0.3901699029126214,460,767,14,-0.2502037489812551,-35.250304466623106,-36.31868482924672
2020-08-20,1693,1268,0.6242439516129032,585,1068,28,-0.29219600725952816,0.35390199637023595,419,801,12,-0.31311475409836065,-48.676251945295654,-49.80536687517257
2020-08-21,1693,1304,0.6277770724895265,506,1142,29,-0.3859223300970874,0.3070388349514563,399,826,12,-0.3485714285714286,-64.59837192171217,-62.860286913716685
2020-08-24,1697,1294,0.626239799121155,1254,405,22,0.5117540687160941,0.755877034358047,990,255,7,0.5903614457831325,-33.00497270128065,-26.76129839437528
2020-08-25,1688,1269,0.6263611040769815,774,868,35,-0.057247259439707675,0.4713763702801462,578,635,24,-0.04699093157460841,-34.27765791209539,-27.630475586253546
2020-08-26,1688,1281,0.6203215272544587,603,1042,26,-0.2668693009118541,0.36656534954407294,438,772,14,-0.27603305785123966,-45.675517551388836,-39.687576021209765
2020-08-27,1695,1279,0.6257983719474014,948,688,39,0.15892420537897312,0.5794621026894865,736,474,18,0.21652892561983472,-33.90263464068643,-25.169859839437557
2020-08-28,1691,1270,0.6284514569283624,1186,460,27,0.44106925880923453,0.7205346294046172,888,337,6,0.44979591836734695,-9.560053907319364,-0.9680135674495147
2020-08-31,1700,1303,0.6238142785821268,414,1241,24,-0.49969788519637465,0.2501510574018127,250,985,8,-0.5951417004048583,-35.737704311034385,-32.51747587567275
2020-09-01,1704,1272,0.6246715876391843,1062,595,30,0.28183464091732047,0.6409173204586602,787,437,17,0.28594771241830064,-18.864280578970806,-15.275208128667321
2020-09-02,1695,1322,0.626912465512917,1200,454,30,0.45102781136638453,0.7255139056831923,902,336,13,0.45718901453957994,4.116476637291616,8.105371941729626
2020-09-03,1694,1361,0.6284085275161131,264,1399,16,-0.682501503307276,0.158749248346362,197,1088,9,-0.6933852140077821,-32.9320240596735,-29.473470385157732
2020-09-04,1698,1337,0.6247210513265559,763,899,20,-0.08182912154031288,0.4590854392298436,657,638,16,0.014671814671814672,-34.410212946932155,-26.053161788740802
2020-09-08,1696,1330,0.6262601120099565,277,1390,14,-0.6676664667066586,0.16616676664667065,193,1100,8,-0.7014694508894045,-64.79388063912091,-58.80559540792157
2020-09-09,1694,1302,0.6295359716778354,1264,394,23,0.5247285886610374,0.7623642943305187,958,303,17,0.5194290245836638,-30.828194344361922,-25.469974401628114
2020-09-10,1696,1315,0.6247342753532574,370,1284,21,-0.5525997581620314,0.22370012091898428,219,1043,6,-0.652931854199683,-55.499808931774616,-55.45871250840641
2020-09-11,1690,1296,0.6306890414441901,807,828,37,-0.012844036697247707,0.4935779816513762,628,614,16,0.011272141706924315,-49.328754286114396,-47.61159023182945
2020-09-14,1694,1298,0.6219879518072289,1323,326,22,0.6046088538508186,0.8023044269254094,1053,190,6,0.6942880128720836,-12.933214265241022,-6.513449175939041
2020-09-15,1697,1277,0.6250627825213461,838,798,39,0.02444987775061125,0.5122249388753056,609,617,18,-0.0065252854812398045,-10.758310281078451,-6.382636244939212
2020-09-16,1706,1319,0.6209497897600792,1029,625,31,0.24425634824667472,0.6221281741233373,794,444,16,0.2827140549273021,2.1453477015891154,8.223089012717434
2020-09-17,1694,1311,0.6243572055687947,595,1055,35,-0.2787878787878788,0.3606060606060606,471,776,17,-0.24458700882117082,-12.984962813465739,-5.695184524473368
2020-09-18,1694,1338,0.6295595102865076,469,1176,28,-0.4297872340425532,0.2851063829787234,324,942,10,-0.4881516587677725,-33.40642125250403,-29.745064973479227
2020-09-21,1702,1371,0.6231884057971014,174,1491,12,-0.790990990990991,0.1045045045045045,131,1174,2,-0.7992337164750958,-68.75992395904115,-65.71309031787801
2020-09-22,1704,1312,0.6219208758397612,889,769,31,0.07237635705669482,0.5361881785283474,711,571,12,0.10920436817472699,-55.47500175095089,-50.71528230325845
2020-09-23,1705,1371,0.6212755478946073,161,1519,9,-0.8083333333333333,0.09583333333333334,112,1179,4,-0.8264910921766073,-87.87450277378036,-84.42335305680913
2020-09-24,1710,1354,0.6240536179719498,942,728,25,0.1281437125748503,0.5640718562874252,784,523,9,0.19969395562356543,-68.3128513390215,-61.5123843958023
2020-09-25,1704,1297,0.624484181568088,1147,510,34,0.38442969221484613,0.692214846107423,913,347,13,0.4492063492063492,-38.43177612360776,-29.140324589523253
2020-09-28,1698,1312,0.6223932472691162,1471,199,15,0.7616766467065869,0.8808383233532934,1136,123,4,0.8046068308181096,6.171049790776065,16.453512248380978
2020-09-29,1706,1314,0.6210552575776475,496,1160,29,-0.40096618357487923,0.2995169082125604,352,903,9,-0.43904382470119524,-13.856530815452947,-6.828557592418048
2020-09-30,1721,1331,0.6207830583600098,1021,643,38,0.22716346153846154,0.6135817307692307,775,482,19,0.23309466984884647,0.49565267596555007,6.906340209162956
2020-10-01,1709,1307,0.6229184655236215,1093,579,30,0.30741626794258375,0.6537081339712919,815,438,15,0.300877893056664,16.776931617954652,22.00430728885978
2020-10-02,1701,1221,0.6224159402241594,1088,562,38,0.3187878787878788,0.6593939393939394,816,366,13,0.38071065989847713,31.182120997530316,38.794685947646926
2020-10-05,1703,1214,0.621845620979713,1388,278,20,0.6662665066026411,0.8331332533013205,1002,152,9,0.7365684575389948,60.71657870281797,70.7493761531976
2020-10-06,1700,1256,0.6201911296250919,585,1062,36,-0.2896174863387978,0.3551912568306011,372,797,14,-0.3635585970915312,37.870757500252886,42.71053666665111
2020-10-07,1701,1245,0.6227567298105683,1301,362,15,0.5646422128683103,0.7823211064341551,983,213,5,0.6438127090301003,60.86121154491387,68.8923415284022
2020-10-08,1695,1186,0.621355594318465,1331,319,29,0.6133333333333333,0.8066666666666666,956,189,10,0.6698689956331878,82.6482997186256,92.23613730771174
2020-10-09,1695,1208,0.625374251497006,843,798,34,0.027422303473491772,0.5137111517367459,562,576,11,-0.012302284710017574,71.56746711556391,77.62533799532258
2020-10-12,1688,1162,0.6238154613466335,1072,568,29,0.3073170731707317,0.6536585365853659,733,388,14,0.30776092774308655,75.73025638923035,80.74813851590842
2020-10-13,1700,1175,0.6296342529022594,411,1229,25,-0.49878048780487805,0.250609756097561,249,853,11,-0.5480943738656987,38.60591188748853,40.221627187990535
2020-10-14,1696,1173,0.6288347430879939,613,1027,33,-0.2524390243902439,0.37378048780487805,446,667,15,-0.1985624438454627,18.98864094979354,22.846948367692576
2020-10-15,1696,1192,0.6259147110774665,966,683,24,0.1716191631291692,0.5858095815645846,748,383,9,0.32272325375773653,23.323840469286004,33.94164811465933
2020-10-16,1693,1173,0.6255345911949686,708,944,22,-0.14285714285714285,0.42857142857142855,482,636,12,-0.13774597495527727,11.190001556790028,20.234446722091917
2020-10-19,1700,1200,0.6244114002478315,358,1292,25,-0.566060606060606,0.21696969696969698,227,895,10,-0.5953654188948306,-20.400553881351144,-14.467354899141357
2020-10-20,1689,1183,0.6303221730890713,1170,468,34,0.42857142857142855,0.7142857142857143,791,339,13,0.4,2.4231257200466385,5.703212433941437
2020-10-21,1702,1177,0.6223880597014926,662,986,22,-0.1966019417475728,0.4016990291262136,444,684,9,-0.2127659574468085,-9.333412365308558,-7.71776643078291
2020-10-22,1704,1198,0.6251398731816487,1154,505,22,0.39119951778179624,0.6955997588908981,844,290,8,0.48853615520282184,10.05148761000775,15.910991104513203
2020-10-23,1697,1178,0.6251411366202484,1022,625,29,0.24104432301153614,0.6205221615057681,732,399,8,0.29442970822281167,19.067559912340144,26.32870149266832
2020-10-26,1713,1200,0.6230110159118727,178,1490,11,-0.7865707434052758,0.10671462829736211,116,1014,3,-0.7946902654867256,-24.699789389567954,-19.351798318399272
2020-10-27,1691,1192,0.6275818639798488,415,1230,31,-0.49544072948328266,0.25227963525835867,249,896,6,-0.5650655021834061,-47.440873399651885,-46.8306285001041
2020-10-28,1721,1270,0.6208444552293133,149,1528,7,-0.8223017292784734,0.08884913536076326,91,1080,1,-0.8445772843723314,-82.99034585103493,-84.06646427240746
2020-10-29,1703,1239,0.629786176031825,1089,579,26,0.3057553956834532,0.6528776978417267,780,412,8,0.3087248322147651,-56.56733681961591,-57.81766570700998
2020-10-30,1708,1260,0.6207565470417071,591,1070,23,-0.28838049367850693,0.35580975316074653,462,727,11,-0.22287636669470143,-63.3996218817526,-61.66591455053341
2020-11-02,1707,1232,0.6244471744471745,1394,272,25,0.673469387755102,0.8367346938775511,1033,165,6,0.7245409015025042,-20.831733428790248,-17.27697432913299
2020-11-03,1705,1253,0.6263844449913857,1437,232,19,0.7219892150988616,0.8609946075494308,1059,137,5,0.7709030100334449,18.093961232824494,23.080059858357068
2020-11-04,1716,1229,0.6249846907532149,782,886,21,-0.06235011990407674,0.46882494004796166,466,720,11,-0.21416526138279932,12.067993612194062,8.216510218557072
2020-11-05,1708,1248,0.6258294421233719,1414,258,17,0.6913875598086124,0.8456937799043063,1003,178,8,0.6985605419136325,44.54233531412853,41.10338289025688
2020-11-06,1703,1208,0.6257600198535799,668,989,22,-0.19372359686179844,0.4031382015691008,455,716,9,-0.2228864218616567,27.82962795919132,22.943793921344476
2020-11-09,1723,1330,0.6197032640949555,1298,375,18,0.5517035265989241,0.775851763299462,897,299,6,0.5,50.672471203960164,43.44694747640049
2020-11-10,1714,1283,0.6224875137044708,1185,498,20,0.40819964349376114,0.7040998217468806,914,343,5,0.45425616547334924,62.7745456669596,58.472717302258836
2020-11-11,1711,1246,0.6263777089783281,793,877,26,-0.05029940119760479,0.4748502994011976,524,683,10,-0.13173156586578294,49.88299436992101,41.728000349899816
2020-11-12,1712,1253,0.6243710884771138,286,1382,27,-0.657074340527578,0.17146282973621102,169,1033,3,-0.718801996672213,8.272556072604756,-2.150894186438136
2020-11-13,1711,1229,0.628103277060576,1429,246,16,0.7062686567164179,0.8531343283582089,1058,131,4,0.7796467619848613,40.821418410236134,35.265843388778805
2020-11-16,1717,1270,0.6191566265060241,1414,264,15,0.6853396901072706,0.8426698450536353,993,192,4,0.6759493670886076,67.40014028640242,61.89595505383271
2020-11-17,1717,1269,0.6221192537495427,927,742,30,0.11084481725584182,0.5554224086279209,634,573,16,0.050538525269262634,61.06320314652114,53.084678661217396
2020-11-18,1718,1270,0.616580310880829,566,1107,26,-0.3233711894799761,0.33831440526001194,352,868,10,-0.42295081967213116,33.62900553939914,21.61114670515553
2020-11-19,1712,1236,0.6193540553666829,949,718,28,0.13857228554289142,0.5692861427714457,695,496,9,0.1670864819479429,33.1017953087562,24.095086230200554
2020-11-20,1715,1245,0.6209618654359971,766,894,33,-0.07710843373493977,0.4614457831325301,524,654,13,-0.11035653650254669,21.70148562112116,12.226228170438572
2020-11-23,1717,1268,0.6128103634400863,1314,366,12,0.5642857142857143,0.7821428571428571,933,260,2,0.5641240569991618,43.91542081112028,35.7412530635753
2020-11-24,1723,1307,0.6161664474470884,1342,343,16,0.5928783382789318,0.7964391691394659,976,252,6,0.5895765472312704,64.1183894941748,56.940517593494775
2020-11-25,1709,1261,0.618117875333495,622,1045,29,-0.25374925014997,0.373125374925015,403,812,14,-0.3366255144032922,38.73995634927048,28.471083096880317
2020-11-27,1696,1106,0.6196464143426295,800,855,25,-0.03323262839879154,0.48338368580060426,484,596,11,-0.1037037037037037,27.87352731618986,15.633451721769969
2020-11-30,1723,1301,0.610277613703485,394,1278,17,-0.5287081339712919,0.23564593301435408,211,886,2,-0.6153144940747494,-6.330412422300043,-21.00142988111051
2020-12-01,1728,1295,0.6119828815977175,1224,459,25,0.45454545454545453,0.7272727272727273,885,352,13,0.4308811641067098,13.619550589239902,0.09053640690519227
2020-12-02,1723,1271,0.617512629299976,999,694,18,0.18015357353809805,0.5900767867690491,704,514,10,0.15599343185550082,16.889077160792535,4.379328288563647
2020-12-03,1724,1274,0.6144047619047619,1040,641,29,0.23735871505056513,0.6186793575252826,735,470,14,0.21991701244813278,22.46033406928942,11.220527735570403
2020-12-04,1723,1274,0.608767969585363,1381,310,17,0.6333530455351862,0.8166765227675932,1014,202,2,0.6677631578947368,46.911173579938875,39.40595789641353
2020-12-07,1729,1270,0.6083274523641496,644,1047,23,-0.23832052040212892,0.38083973979893554,436,774,10,-0.2793388429752066,23.998407196778704,15.952370850955175
2020-12-08,1718,1270,0.6071939018580277,1075,601,32,0.2828162291169451,0.6414081145584726,747,453,15,0.245,30.34483737914656,22.03673422159383
2020-12-09,1730,1300,0.6076038488617695,796,882,30,-0.05125148986889154,0.47437425506555425,572,649,11,-0.06306306306306306,18.915925048883537,11.725528079228761
2020-12-10,1727,1249,0.6089728453364817,885,806,27,0.04671791839148433,0.5233589591957422,642,569,13,0.06028075970272502,13.948095794283008,9.01801032539988
2020-12-11,1711,1250,0.6077897478394696,606,1056,40,-0.27075812274368233,0.36462093862815886,403,771,16,-0.313458262350937,-6.242940754130191,-12.028958508433906
2020-12-14,1721,1289,0.6074013541909876,545,1131,19,-0.3496420047732697,0.32517899761336516,357,846,8,-0.40648379052369077,-27.419256400732195,-34.61524847745732
2020-12-15,1721,1278,0.6078408288203437,1442,242,21,0.7125890736342043,0.8562945368171021,1089,140,7,0.7721724979658259,7.723643923800455,5.179364265890787
2020-12-16,1718,1276,0.6088242252188313,709,963,32,-0.1519138755980861,0.42404306220095694,499,718,16,-0.1799506984387839,-5.492941979957644,-8.428298480106525
2020-12-17,1722,1292,0.6087471850183714,1108,573,23,0.3182629387269482,0.6591314693634741,829,405,7,0.34359805510534847,6.743182498480688,6.156729041672929
2020-12-18,1721,1305,0.606203007518797,687,982,40,-0.17675254643499103,0.4116237267825045,499,741,17,-0.19516129032258064,-7.579421243043908,-8.341823343810457
2020-12-21,1727,1287,0.6058579335793358,476,1204,26,-0.43333333333333335,0.2833333333333333,331,912,9,-0.4674175382139984,-32.61638968074934,-34.309188911250594
2020-12-22,1724,1251,0.60586585650853,681,1003,25,-0.19121140142517815,0.40439429928741094,500,716,12,-0.17763157894736842,-41.753819151175975,-41.85044256352416
2020-12-23,1720,1237,0.6059718969555035,1161,520,25,0.3813206424747174,0.6906603212373588,838,344,8,0.4179357021996616,-20.730950057640086,-18.310598166048944
2020-12-24,1695,999,0.6099230111206159,929,715,37,0.13017031630170317,0.5650851581508516,525,450,13,0.07692307692307693,-15.21025854102942,-15.14310947920662
2020-12-28,1732,1232,0.6032798325191905,910,745,30,0.09969788519637462,0.5498489425981873,516,464,8,0.053061224489795916,-11.937637556888571,-13.552283726224447
2020-12-29,1725,1235,0.6046134229743827,520,1161,32,-0.3813206424747174,0.3093396787626413,312,853,15,-0.46437768240343347,-33.13078481121831,-37.99631163345503
2020-12-30,1734,1221,0.6045942164179104,1171,510,33,0.39321832242712673,0.6966091612135633,820,339,10,0.41501294219154444,-12.358323544521932,-14.736442706221014
2020-12-31,1726,1227,0.6039856331827135,1048,649,19,0.23512080141426045,0.6175604007071303,716,442,6,0.23661485319516407,-2.440953594417233,-3.6954770097238425
2021-01-04,1730,1308,0.6095489498450591,398,1304,12,-0.5323149236192715,0.23384253819036427,276,909,3,-0.5341772151898734,-32.32118377078223,-32.77657737342201
2021-01-05,1721,1289,0.6061520603598375,1260,434,14,0.48760330578512395,0.743801652892562,949,296,6,0.5244979919678715,-6.711263182500621,-4.543274939629597
2021-01-06,1736,1326,0.6076197053406999,1288,406,19,0.5206611570247934,0.7603305785123967,1034,217,8,0.6530775379696243,16.871667798376137,26.047892316048717
2021-01-07,1730,1266,0.6048001864150064,1043,653,23,0.22995283018867924,0.6149764150943396,776,456,12,0.2597402597402597,22.41529910622818,32.406236946605205
2021-01-08,1727,1262,0.6081675150393336,801,882,32,-0.0481283422459893,0.47593582887700536,553,654,8,-0.08367854183927093,13.138968757177114,20.50965034202143
2021-01-11,1731,1227,0.601496833621186,703,981,30,-0.16508313539192399,0.417458432304038,497,674,10,-0.1511528608027327,-0.7057281923441849,6.861804595219109
2021-01-12,1728,1280,0.6014658726523133,1214,478,23,0.43498817966903075,0.7174940898345153,880,298,11,0.4940577249575552,17.464150309824568,27.41911674674144
2021-01-13,1723,1229,0.6014534548390817,730,953,25,-0.1325014854426619,0.43374925727866903,458,727,13,-0.2270042194092827,4.5375924220451,8.805425834217424
2021-01-14,1726,1275,0.5993799517740269,1133,546,25,0.3496128648004765,0.6748064324002382,801,381,8,0.3553299492385787,17.568414978040348,21.963401407231366
2021-01-15,1730,1255,0.6004351809436556,490,1204,18,-0.4214876033057851,0.2892561983471074,323,879,3,-0.46256239600665555,-9.933097216786994,-7.790963747139577
2021-01-19,1715,1271,0.6014874141876431,1023,660,18,0.21568627450980393,0.6078431372549019,732,460,10,0.22818791946308725,-1.538530766500998,1.3455246380961046
2021-01-20,1728,1269,0.5994959330965747,1068,607,29,0.2752238805970149,0.6376119402985074,753,455,16,0.24668874172185432,8.623396506686587,10.075535697220486
2021-01-21,1723,1251,0.6056760498384864,576,1105,27,-0.31469363474122547,0.34265318262938727,371,828,11,-0.3811509591326105,-12.227148424183474,-13.902667568437513
2021-01-22,1725,1267,0.6065650098940752,828,853,26,-0.0148720999405116,0.4925639500297442,575,626,8,-0.042464612822647796,-15.002151857920767,-17.40020070723478
2021-01-25,1734,1285,0.5987549518958687,716,975,23,-0.153163808397398,0.423418095801301,522,690,8,-0.13861386138613863,-24.214354457320866,-25.11105296554481
2021-01-26,1730,1273,0.599088319088319,691,996,33,-0.18079430942501482,0.4096028452874926,472,738,15,-0.21983471074380165,-33.35124095890219,-35.639318849455314
2021-01-27,1740,1329,0.5952912296362419,287,1420,16,-0.6637375512595196,0.1681312243702402,204,1035,4,-0.6707021791767555,-65.14368480468495,-67.00616300759923
2021-01-28,1742,1327,0.5999094305445488,1149,567,15,0.33916083916083917,0.6695804195804196,847,424,8,0.33280881195908735,-41.855586347787856,-43.31423439098211
2021-01-29,1740,1356,0.5957304869913276,321,1391,18,-0.625,0.1875,206,1087,5,-0.6813611755607115,-69.94302619344386,-73.5495636278095
2021-02-01,1746,1326,0.5974433729535771,1411,302,18,0.6474022183304144,0.8237011091652072,1066,220,8,0.6578538102643857,-29.987961213991795,-32.07227301590304
2021-02-02,1749,1303,0.5947492426792326,1301,411,27,0.5198598130841121,0.759929906542056,937,319,11,0.49203821656050956,-2.053561112805434,-4.739607862837298
2021-02-03,1746,1301,0.5932394366197183,976,725,38,0.1475602586713698,0.5737801293356849,711,520,21,0.15515840779853776,3.2256410586358126,1.8095284442495099
2021-02-04,1740,1307,0.5915047446904654,1264,442,25,0.48182883939038684,0.7409144196951934,919,329,6,0.47275641025641024,24.43665974587576,23.279892467481112
2021-02-05,1743,1315,0.5905211141060198,1216,482,33,0.43227326266195526,0.7161366313309776,868,373,17,0.3988718775181305,39.972118588314956,37.826427608092736
2021-02-08,1747,1341,0.5923008653206124,1327,373,32,0.5611764705882353,0.7805882352941177,986,274,16,0.5650793650793651,59.5002357019729,58.38495739333695
2021-02-09,1749,1346,0.5905748663101604,973,730,33,0.1426893716970053,0.5713446858485026,679,592,20,0.06845003933910307,54.97491971107907,50.83910928574097
2021-02-10,1749,1339,0.5907733156322602,889,816,32,0.04281524926686217,0.521407624633431,663,614,13,0.03837118245888802,45.83719381880229,42.62927076330693
2021-02-11,1741,1332,0.5908432661245405,815,883,30,-0.04004711425206125,0.4799764428739694,628,643,14,-0.011801730920535013,33.65213403586548,32.88806680383814
2021-02-12,1750,1282,0.5863717207647844,1009,688,33,0.18915733647613436,0.5945786682380672,776,472,6,0.24358974358974358,34.52586978768496,37.164470809987094
2021-02-16,1757,1352,0.5876052027543994,822,898,21,-0.044186046511627906,0.47790697674418603,621,632,3,-0.008778930566640064,23.433115357164066,28.016540173375322
2021-02-17,1752,1335,0.5878266622560371,678,1033,31,-0.2074810052600818,0.3962594973699591,499,777,13,-0.21786833855799373,5.666896804860183,9.6005063786377
2021-02-18,1748,1322,0.5879029577932868,416,1302,22,-0.5157159487776485,0.2421420256111758,316,947,10,-0.4996041171813143,-24.963301717262265,-20.279993978922196
2021-02-19,1753,1309,0.5870597328033565,1192,524,23,0.38927738927738925,0.6946386946386947,912,344,8,0.45222929936305734,-5.777638042338759,1.8652490124772965
2021-02-22,1755,1359,0.5867279894875165,886,831,24,0.0320326150262085,0.5160163075131042,698,573,5,0.0983477576711251,-7.207246122626507,3.0960284404648597
2021-02-23,1758,1395,0.58721183123097,801,921,24,-0.06968641114982578,0.4651567944250871,662,646,15,0.012232415902140673,-13.47947610946111,-0.17290237925732255
2021-02-24,1757,1369,0.5866184844502847,1322,403,21,0.5327536231884058,0.7663768115942029,1030,299,9,0.5500376222723853,11.347166349254186,23.923286600288737
2021-02-25,1760,1403,0.5856741573033708,203,1537,8,-0.7666666666666667,0.11666666666666667,151,1173,3,-0.7719033232628398,-32.45380467304414,-21.691135531962086
2021-02-26,1754,1375,0.5860722421086886,667,1057,22,-0.22621809744779584,0.38689095127610207,457,864,11,-0.3080999242997729,-42.71893741280043,-37.39284082922338
2021-03-01,1757,1348,0.5847883020515059,1511,224,7,0.7417867435158502,0.870893371757925,1140,165,5,0.7471264367816092,-2.881789170045765,2.1304833998334187
2021-03-02,1752,1346,0.5858163826278174,698,1008,32,-0.1817116060961313,0.4091441969519343,482,807,16,-0.252133436772692,-14.98153595723936,-14.050720479037237
2021-03-03,1760,1369,0.5844947735191638,847,864,31,-0.009935710111046173,0.4950321449444769,655,642,15,0.010023130300693909,-16.66311698124944,-14.70756783940716
2021-03-04,1762,1414,0.5834945196647324,367,1365,18,-0.5762124711316398,0.21189376443418015,278,1054,7,-0.5825825825825826,-46.33139122290149,-44.825920137490236
2021-03-05,1750,1384,0.5810165073848828,1404,314,28,0.6344586728754366,0.8172293364377182,1157,188,8,0.7204460966542751,-10.932551543045676,-5.201547789820925
2021-03-08,1750,1364,0.5844410546960122,1110,607,17,0.2929528246942341,0.6464764123471171,886,437,4,0.3393801965230537,2.312826731886153,9.650003299824364
2021-03-09,1744,1348,0.5864109589041095,959,743,23,0.12690951821386603,0.563454759106933,657,639,14,0.013888888888888888,5.3238956992750355,6.025264083263732
2021-03-10,1760,1344,0.5831969448990726,1351,358,25,0.5810415447630193,0.7905207723815096,1036,259,6,0.6,30.578341515353824,32.201541288243625
2021-03-11,1751,1345,0.5819967266775777,1187,528,25,0.38425655976676387,0.6921282798833819,878,410,10,0.36335403726708076,42.178751730711646,42.588952455414244
2021-03-12,1744,1310,0.5863857016769638,1056,643,27,0.24308416715715125,0.6215420835785757,869,399,9,0.37066246056782337,44.827589075708396,51.622665406105206
2021-03-15,1760,1346,0.5816370723256821,1118,596,16,0.3045507584597433,0.6522753792298717,823,447,9,0.29606299212598425,49.94153662543169,55.358403229823494
2021-03-16,1752,1338,0.5795949477351916,492,1221,29,-0.425569176882662,0.287215411558669,310,974,10,-0.5171339563862928,17.55825733019767,17.615819627339643
2021-03-17,1752,1318,0.58155094877701,1072,639,26,0.25306838106370544,0.6265341905318527,847,415,12,0.34231378763866877,23.714640143439976,28.230218750327357
2021-03-18,1759,1356,0.582646420824295,390,1331,18,-0.546775130737943,0.22661243463102848,307,968,8,-0.5184313725490196,-11.132401342037483,-5.872879102654216
2021-03-19,1751,1367,0.581945661700263,867,843,32,0.014035087719298246,0.5070175438596491,629,670,13,-0.03156274056966898,-12.830448882548453,-10.658231772472652
2021-03-22,1750,1326,0.5810250817884406,676,1029,25,-0.20703812316715542,0.3964809384164223,457,822,14,-0.28537920250195464,-25.271787829595276,-27.387240242919344
2021-03-23,1754,1353,0.5796804145972793,309,1408,16,-0.6400698893418754,0.17996505532906232,174,1107,5,-0.7283372365339579,-57.43436199890834,-63.701507985536836
2021-03-24,1757,1338,0.5778520595212422,778,926,32,-0.08685446009389672,0.4565727699530516,539,743,14,-0.15912636505460218,-56.985419641277524,-65.97115579157932
2021-03-25,1752,1341,0.5784758203799655,1295,421,22,0.5093240093240093,0.7546620046620046,1064,221,6,0.6560311284046693,-26.507723356401495,-26.82397421382418
2021-03-26,1749,1322,0.5816282107096212,1373,337,17,0.6058479532163743,0.8029239766081872,1042,236,5,0.6306729264475743,4.509442778567782,5.513075808370848
2021-03-29,1755,1329,0.5812344611393363,549,1153,29,-0.35487661574618096,0.3225616921269095,329,941,8,-0.4818897637795276,-17.0296558380541,-22.49444631304935
2021-03-30,1755,1306,0.5819288898553876,1096,611,33,0.28412419449326304,0.6420620972466315,809,454,10,0.281076801266825,-3.4103963641033337,-8.180077242980747
2021-03-31,1762,1356,0.5802150537634408,890,824,29,0.038506417736289385,0.5192532088681447,578,688,14,-0.08688783570300158,-4.029766369903591,-14.298623150348519
2021-04-01,1766,1338,0.579976493215087,1372,350,26,0.5934959349593496,0.7967479674796748,1013,269,9,0.5803432137285491,23.210296968139726,13.903065686181312
2021-04-05,1770,1334,0.5783463734404737,1125,615,17,0.29310344827586204,0.646551724137931,852,424,4,0.335423197492163,31.36487530315167,25.699993501164116
2021-04-06,1772,1312,0.580593509820666,990,737,29,0.1464968152866242,0.5732484076433121,705,555,9,0.11904761904761904,30.849883753609227,24.839087893241395
2021-04-07,1764,1327,0.5790155440414507,686,1035,29,-0.20278907611853572,0.39860546194073215,440,806,19,-0.29373996789727125,12.791021989724399,3.3394388117567453
2021-04-08,1764,1303,0.5821073128515794,1021,691,35,0.1927570093457944,0.5963785046728972,697,545,11,0.12238325281803543,17.06404434487076,5.746702688793917
2021-04-09,1754,1294,0.579187983019484,961,742,41,0.1285965942454492,0.5642982971227246,713,522,15,0.15465587044534412,17.424137481779276,9.389810671582163
2021-04-12,1764,1270,0.5814506539833532,950,757,34,0.11306385471587581,0.5565319273579379,702,511,9,0.1574608408903545,16.868259449948493,12.597967465758725
2021-04-13,1757,1291,0.5782144013818418,776,936,31,-0.09345794392523364,0.4532710280373832,492,714,12,-0.18407960199004975,5.982552503427968,-1.7990704565693239
2021-04-14,1753,1266,0.579590953360026,1057,650,31,0.23842999414176919,0.6192149970708846,767,449,8,0.26151315789473684,13.239757204985922,8.180095466362378
2021-04-15,1773,1274,0.5808151414130551,1148,558,35,0.34583821805392734,0.6729191090269636,804,403,14,0.33222866611433305,24.74887963440095,20.20715726411697
2021-04-16,1763,1288,0.5792202181661087,1103,618,30,0.28181289947704824,0.6409064497385241,819,393,10,0.35148514851485146,31.264168984534837,31.352083434902493
2021-04-19,1766,1295,0.5797117039586919,574,1129,43,-0.3258954785672343,0.33705226071638283,428,803,15,-0.30463038180341184,6.2930016317625235,7.918458377836446
2021-04-20,1760,1323,0.5799160477881821,417,1307,17,-0.5162412993039444,0.24187935034802785,283,969,8,-0.547923322683706,-24.60610249985214,-24.321530381858928
2021-04-21,1763,1272,0.5803225806451613,1454,265,20,0.6916812100058173,0.8458406050029087,1053,173,5,0.7177814029363785,9.49431944560468,11.520123161515045
2021-04-22,1767,1288,0.5791343669250646,588,1116,40,-0.30985915492957744,0.34507042253521125,421,792,11,-0.30585325638911787,-11.474309635027504,-9.074596640982598
2021-04-23,1762,1292,0.5786741645939224,1380,338,29,0.6065192083818394,0.8032596041909197,987,235,11,0.6153846153846154,16.473802214777955,19.424184499773496
2021-04-26,1774,1283,0.5781400836640567,1045,664,43,0.22293739028671739,0.6114686951433587,754,465,15,0.23707957342083674,21.10797793053164,24.778269354432155
2021-04-27,1771,1291,0.5792261132728059,894,831,33,0.036521739130434785,0.5182608695652174,651,569,14,0.06721311475409836,15.643875720034242,20.738797625056232
2021-04-28,1770,1286,0.5789019523244526,987,733,33,0.14767441860465116,0.5738372093023256,708,518,10,0.15497553017944535,16.451482925169625,21.569476079581886
2021-04-29,1770,1297,0.5783055198973043,987,733,30,0.14767441860465116,0.5738372093023256,724,502,8,0.18107667210440456,17.059729670934527,23.47691587405136
2021-04-30,1772,1340,0.5791840668165756,529,1196,28,-0.38666666666666666,0.30666666666666664,311,943,10,-0.5039872408293461,-9.222572273357043,-9.26280332773502
2021-05-03,1783,1348,0.575306294888044,1271,468,21,0.46175963197239794,0.730879815986199,922,362,7,0.43613707165109034,10.77348735759369,9.797266395398129
2021-05-04,1782,1346,0.5747017210431845,738,1011,23,-0.15608919382504288,0.4219554030874786,547,739,9,-0.14930015552099535,-3.0761903846034526,-3.227221681904313
2021-05-05,1771,1319,0.5774408989716951,992,746,22,0.14154200230149597,0.570771001150748,686,580,13,0.08372827804107424,-0.020724095932039832,-2.69560120148489
2021-05-06,1772,1337,0.5770742590035058,1084,633,35,0.2626674432149097,0.6313337216074548,823,440,14,0.30324623911322246,8.648075247032358,8.748310368888554
2021-05-07,1774,1308,0.5765555319600765,1340,404,14,0.536697247706422,0.768348623853211,974,297,3,0.5326514555468135,29.71814853360738,29.959374031392954
2021-05-10,1779,1361,0.5754371270024081,603,1138,23,-0.30729465824238944,0.3463526708788053,406,870,9,-0.36363636363636365,5.384875153520402,3.130645633518392
2021-05-11,1780,1354,0.5752620545073375,468,1275,23,-0.4629948364888124,0.2685025817555938,363,939,9,-0.4423963133640553,-23.2320068745427,-23.76156786121654
2021-05-12,1781,1399,0.5738181818181818,183,1575,7,-0.7918088737201365,0.10409556313993173,130,1191,3,-0.8031794095382286,-64.02398283573015,-64.67475736861749
2021-05-13,1772,1355,0.5779213899777519,1285,463,14,0.4702517162471396,0.7351258581235698,1007,309,7,0.5303951367781155,-35.47797287000298,-32.65343329478501
2021-05-14,1775,1312,0.5778675454448815,1509,230,16,0.7354801610120759,0.8677400805060379,1124,153,6,0.7603758809710258,2.3676777532905953,6.387103164461213
2021-05-17,1767,1310,0.5773152081563296,912,810,32,0.059233449477351915,0.5296167247386759,661,597,10,0.05087440381558029,0.9015350707039516,4.259752463522143
2021-05-18,1773,1326,0.577829937053238,626,1104,22,-0.27630057803468205,0.36184971098265895,372,886,10,-0.40858505564387915,-17.133225973862853,-20.55340412107134
2021-05-19,1778,1331,0.58250053157559,526,1205,29,-0.3922588099364529,0.30387059503177355,356,915,12,-0.43981117230527145,-38.2651921321867,-43.22719181336303
2021-05-20,1781,1314,0.5794893799613817,1168,574,24,0.3409873708381171,0.6704936854190585,834,432,8,0.3175355450236967,-19.479388198164152,-24.529808464757203
2021-05-21,1775,1311,0.5836114999461613,1014,704,41,0.18044237485448195,0.590221187427241,723,517,19,0.16612903225806452,-11.347378692765801,-15.991222297657037
2021-05-24,1793,1311,0.5817930741448906,1181,551,35,0.36374133949191684,0.6818706697459584,856,388,12,0.3762057877813505,4.827174559685357,1.8930627628661878
2021-05-25,1788,1343,0.5776668083297918,555,1196,30,-0.366076527698458,0.316961736150771,341,921,7,-0.4595879556259905,-17.858611641786073,-24.615025994567834
2021-05-26,1782,1325,0.578589634664401,1293,452,25,0.4819484240687679,0.740974212034384,953,321,8,0.49607535321821034,5.23558180252609,0.6267986900089645
2021-05-27,1787,1337,0.5808651182612401,1179,563,27,0.35361653272101035,0.6768082663605052,880,394,8,0.3814756671899529,18.538344721012486,16.47544050045921
2021-05-28,1787,1318,0.5798659146536128,1007,720,43,0.16618413433700058,0.5830920671685003,686,571,21,0.09148766905330151,20.447895373512797,15.444252139059298
2021-06-01,1798,1375,0.5754305872587674,1320,442,21,0.4982973893303065,0.7491486946651532,976,316,5,0.5108359133126935,38.58398445419831,35.45277704233668
2021-06-02,1786,1365,0.5769998948806896,854,890,35,-0.020642201834862386,0.4896788990825688,617,703,15,-0.06515151515151515,27.950441137654963,23.583430526216727
2021-06-03,1781,1340,0.5824890689986136,690,1051,26,-0.2073520964962665,0.39632395175186674,514,782,11,-0.20679012345679013,9.383514663251935,6.235291687039346
2021-06-04,1792,1298,0.5824505082932049,1109,622,39,0.28134026574234544,0.6406701328711727,791,454,18,0.27068273092369477,17.896493066251683,15.245099240131733
2021-06-07,1785,1344,0.5808948261238338,936,803,30,0.07648073605520414,0.5382403680276021,666,592,12,0.058823529411764705,14.842630651128147,12.27929912622855
2021-06-08,1801,1336,0.5797698236722627,1107,627,42,0.2768166089965398,0.6384083044982699,824,447,18,0.2966168371361133,22.174158780008668,21.571808919427614
2021-06-09,1800,1333,0.5772280367903584,710,1050,29,-0.19318181818181818,0.4034090909090909,437,833,6,-0.31181102362204727,4.831823177383566,-1.0123472898923431
2021-06-10,1789,1348,0.5774129039048521,837,904,33,-0.03848363009764503,0.4807581849511775,582,685,12,-0.08129439621152329,-2.2851234745391578,-8.790907741885249
2021-06-11,1792,1325,0.5771307570142933,1136,595,44,0.3125361062969382,0.6562680531484691,854,410,10,0.3512658227848101,9.19229957516876,6.230388560186914
2021-06-14,1801,1356,0.5782219884271436,642,1116,23,-0.2696245733788396,0.3651877133105802,423,850,7,-0.3354281225451689,-10.148499198995701,-15.292252310841276
2021-06-15,1788,1343,0.5788914843915905,885,861,30,0.013745704467353952,0.506872852233677,660,625,15,0.027237354085603113,-12.465625762601656,-15.484375162477575
2021-06-16,1798,1351,0.583968657348581,590,1156,32,-0.3241695303550974,0.33791523482245134,428,854,10,-0.33229329173166927,-31.2802025867943,-33.547750615677835
2021-06-17,1796,1378,0.5834126732254311,457,1294,29,-0.47801256424900057,0.2609937178754997,319,991,8,-0.5129770992366413,-54.90241645324021,-57.85838825033427
2021-06-18,1803,1399,0.5816133108677338,263,1503,18,-0.7021517553793885,0.14892412231030577,157,1176,3,-0.7644411102775694,-86.03185678330465,-90.92789203876025
2021-06-21,1794,1365,0.583729529846804,1512,252,17,0.7142857142857143,0.8571428571428571,1193,137,6,0.793984962406015,-41.39549549833809,-40.82637468349146
2021-06-22,1807,1334,0.5812870448772227,896,849,37,0.026934097421203437,0.5134670487106017,648,631,15,0.013291634089132134,-37.39200996542553,-36.82011188716332
2021-06-23,1809,1323,0.58285774677658,885,866,44,0.010850942318675044,0.5054254711593376,620,641,17,-0.016653449643140365,-34.58622754008458,-34.70791082348057
2021-06-24,1802,1323,0.5848976109215017,1321,444,26,0.49688385269121815,0.748441926345609,951,304,9,0.5155378486055777,-7.712706910090489,-6.1188744474785155
2021-06-25,1805,1367,0.5821815862215607,1035,723,30,0.17747440273037543,0.5887372013651877,800,478,11,0.2519561815336463,-0.6677557349372212,5.176262672644066
2021-06-28,1804,1360,0.5726115308974227,604,1163,24,-0.31635540464063383,0.3418222976796831,372,929,5,-0.42813220599538815,-19.332474070056957,-19.19669577946607
2021-06-29,1810,1324,0.5798062750052643,720,1035,40,-0.1794871794871795,0.41025641025641024,464,799,20,-0.26524148851939827,-28.350734618561333,-31.795055903323412
2021-06-30,1815,1368,0.5782857142857143,1023,741,36,0.1598639455782313,0.5799319727891157,731,543,15,0.14756671899529042,-18.952037461169226,-21.767268153970388
2021-07-01,1813,1347,0.5803237858032378,1227,538,35,0.3903682719546742,0.6951841359773371,903,380,13,0.40763834762275913,0.7038251145290164,-0.08109185613026232
2021-07-02,1807,1302,0.5836505922165821,820,947,26,-0.07187323146576118,0.4640633842671194,557,698,10,-0.11235059760956176,-5.606006679843394,-7.538452923812347
2021-07-06,1810,1349,0.5804621415308439,489,1287,16,-0.44932432432432434,0.27533783783783783,305,959,5,-0.5174050632911392,-29.84543747356075,-34.12952765614034
2021-07-07,1812,1358,0.5854070012652889,894,878,26,0.009029345372460496,0.5045146726862303,629,659,9,-0.023291925465838508,-27.503240129982043,-31.988592022735038
2021-07-08,1816,1351,0.5834551911426781,308,1463,28,-0.6521739130434783,0.17391304347826086,195,1095,9,-0.6976744186046512,-58.42330812136928,-63.717273753000455
2021-07-09,1810,1309,0.5827163105563783,1562,208,31,0.7649717514124293,0.8824858757062147,1173,93,5,0.8530805687203792,-13.710566490603147,-12.988960897360888
2021-07-12,1810,1336,0.5845700452583938,1042,711,43,0.18881916714204222,0.5944095835710211,737,506,17,0.18584070796460178,-4.220248777364436,-2.91330163909111
2021-07-13,1807,1342,0.5824129588724098,356,1403,32,-0.595224559408755,0.20238772029562252,191,1085,11,-0.700626959247649,-35.28711221619837,-38.60742982568753
2021-07-14,1809,1332,0.5835795694385817,701,1064,25,-0.2056657223796034,0.39716713881019833,508,762,15,-0.2,-42.19490304386283,-43.90152431371659
2021-07-15,1807,1335,0.5854840408722216,684,1074,30,-0.22184300341296928,0.3890784982935154,516,754,8,-0.18740157480314962,-48.698953737964914,-47.578546219570335
2021-07-16,1810,1358,0.584289775718648,450,1311,26,-0.4889267461669506,0.2555366269165247,330,949,10,-0.4839718530101642,-67.37060945043144,-65.31302112832816
2021-07-19,1814,1410,0.5772996124821538,229,1559,8,-0.743847874720358,0.12807606263982102,170,1144,3,-0.741248097412481,-95.74407846500853,-93.0132442897903
2021-07-20,1811,1377,0.5853812888935767,1588,194,12,0.7822671156004489,0.8911335578002245,1212,129,2,0.8076062639821029,-43.21892456410656,-38.78915080166229
2021-07-21,1817,1321,0.5871076469349062,1407,367,21,0.5862457722660653,0.7931228861330327,1048,230,5,0.6400625978090767,-7.894890522734017,-0.6107884239558368
2021-07-22,1817,1301,0.5870488322717622,507,1268,27,-0.4287323943661972,0.2856338028169014,338,916,7,-0.4609250398724083,-28.402275296359953,-23.014616532971285
2021-07-23,1820,1281,0.5910057410163725,1173,588,36,0.3321976149914821,0.666098807495741,807,423,15,0.3121951219512195,-7.74757743344436,-3.3988083923332524
2021-07-26,1825,1299,0.5808808182007932,1107,668,28,0.24732394366197183,0.6236619718309859,772,457,10,0.2563059397884459,5.7072435600401805,10.595242501735255
2021-07-27,1826,1311,0.5867309506341054,637,1146,26,-0.2854739203589456,0.3572630398205272,465,783,11,-0.2548076923076923,-9.457313909376607,-3.048501801151758
2021-07-28,1822,1321,0.5892613218451193,1209,571,27,0.35842696629213483,0.6792134831460674,823,441,6,0.3022151898734177,9.819320356372943,13.152483437941104
2021-07-29,1823,1312,0.5834032731850608,1289,485,32,0.4532130777903044,0.7266065388951521,888,364,12,0.4185303514376997,30.99105162671542,32.7543214783899
2021-07-30,1829,1332,0.5853199498117942,665,1111,31,-0.2511261261261261,0.3744369369369369,451,801,13,-0.2795527156549521,13.720966408903141,14.445968040949078
2021-08-02,1827,1335,0.5845786633457867,766,1013,30,-0.13884204609331086,0.43057897695334457,490,783,9,-0.23016496465043204,4.500642717269887,1.1894835619584319
2021-08-03,1836,1349,0.588284782837312,1155,639,25,0.28762541806020064,0.6438127090301003,846,437,12,0.31878409976617306,17.91813595501268,17.29669513544189
2021-08-04,1829,1342,0.5856469355683604,484,1304,30,-0.45861297539149887,0.27069351230425054,301,989,5,-0.5333333333333333,-8.011417679077269,-11.623994099882278
2021-08-05,1839,1335,0.5842696629213483,1259,525,36,0.41143497757847536,0.7057174887892377,923,354,11,0.44557556773688334,13.361268700669918,12.652381627925802
2021-08-06,1826,1320,0.5882662734358542,1129,659,28,0.26286353467561524,0.6314317673378076,808,463,10,0.27143981117230526,24.139537066707412,24.638633138833175
2021-08-09,1831,1326,0.5866009645628014,679,1103,31,-0.23793490460157127,0.38103254769921435,457,799,13,-0.27229299363057324,8.194336870476608,7.577044774820889
2021-08-10,1834,1346,0.5867577509196006,1118,671,29,0.24986025712688653,0.6249301285634432,829,441,7,0.30551181102362207,18.909977104769773,21.841741732426048
2021-08-11,1833,1332,0.5882043734230445,1281,502,32,0.4369040942232193,0.7184520471116096,931,337,14,0.46845425867507884,37.329491474383225,42.07597130508917
2021-08-12,1830,1318,0.5867368421052631,723,1053,39,-0.1858108108108108,0.40709459459459457,500,755,16,-0.20318725099601595,21.7557835513293,25.58378224963595
2021-08-13,1825,1303,0.5861996201730323,812,971,28,-0.0891755468311834,0.4554122265844083,542,699,13,-0.12651087832393232,13.163247558342924,15.188860329579452
2021-08-16,1840,1315,0.5852640367355458,661,1116,43,-0.25604952166572875,0.3719752391671356,451,787,15,-0.27140549273021003,-2.592885695179417,-1.019472934030638
2021-08-17,1832,1356,0.5807447027360625,465,1335,20,-0.48333333333333334,0.25833333333333336,312,963,4,-0.5105882352941177,-27.41560578184535,-26.8316376379425
2021-08-18,1835,1334,0.5889865996649917,466,1302,47,-0.47285067873303166,0.26357466063348417,298,984,13,-0.5351014040561622,-47.97782069702042,-49.99253870969966
2021-08-19,1830,1381,0.5857009054011864,464,1328,24,-0.48214285714285715,0.25892857142857145,336,957,14,-0.4802784222737819,-65.78323426650128,-66.80399734338452
2021-08-20,1836,1335,0.5827098919368247,1397,386,34,0.567021873247336,0.783510936623668,1035,249,17,0.6121495327102804,-28.21971017756524,-26.22237673926503
2021-08-23,1833,1332,0.5839037544077992,1299,488,31,0.45383324006715164,0.7269166200335758,968,308,6,0.5172413793103449,-1.6212301896463193,3.860613090956682
2021-08-24,1828,1339,0.5834982810709449,1285,496,31,0.4430095451993262,0.7215047725996631,944,315,13,0.4996028594122319,20.58739160758132,28.68034033543582
2021-08-25,1832,1334,0.590181205225453,1070,705,37,0.2056338028169014,0.6028169014084507,808,464,12,0.27044025157232704,27.604039167051805,38.29967503579306
2021-08-26,1820,1325,0.5908561752566409,364,1415,28,-0.5907813378302417,0.20460933108487914,247,1016,11,-0.6088677751385589,-6.355504397793343,2.3673064938752346
2021-08-27,1837,1354,0.5901224145208949,1573,219,17,0.7555803571428571,0.8777901785714286,1140,138,2,0.784037558685446,31.95894812490796,41.27856154926637
2021-08-30,1842,1326,0.5895090928203511,722,1071,34,-0.1946458449525934,0.4026770775237033,471,803,12,-0.260596546310832,17.046700186420512,22.10958656406556
2021-08-31,1839,1353,0.5848465873512837,988,801,36,0.10452766908887647,0.5522638345444383,679,589,11,0.07097791798107256,19.170170400155133,22.188288233493765
2021-09-01,1847,1349,0.5872472783825816,1068,716,44,0.19730941704035873,0.5986547085201793,741,549,12,0.14883720930232558,25.528973978471573,26.037601285750064
2021-09-02,1843,1337,0.5901794145420207,1190,608,39,0.3236929922135706,0.6618464961067854,890,391,15,0.38953942232630756,37.15728492670036,41.23368659019955
2021-09-03,1844,1308,0.5910240202275601,614,1179,40,-0.3151143335192415,0.3424428332403793,422,842,11,-0.3322784810126582,14.973338076161864,17.929275925604568
2021-09-07,1834,1355,0.5890681936491411,494,1290,36,-0.4461883408071749,0.2769058295964126,326,941,10,-0.48539857932123126,-10.622503535826022,-9.741646487680816
2021-09-08,1837,1351,0.5902959322388371,651,1129,40,-0.26853932584269663,0.3657303370786517,457,829,16,-0.2892690513219285,-23.571384848172624,-23.54510051863628
2021-09-09,1844,1348,0.5922299431459255,800,987,38,-0.10464465584778959,0.4476776720761052,560,730,13,-0.13178294573643412,-26.33008794624276,-27.355022933235297
2021-09-10,1835,1353,0.5924992121021115,506,1283,35,-0.4343208496366685,0.28283957518166575,315,966,15,-0.5081967213114754,-45.040938344805454,-49.29642026180335
2021-09-13,1840,1364,0.5854696419304618,1175,606,40,0.31948343627175746,0.6597417181358787,889,412,12,0.36664104534973097,-23.123296448431226,-24.0679445433597
2021-09-14,1835,1377,0.5883827831174259,416,1385,19,-0.538034425319267,0.23098278734036645,297,1016,8,-0.5476009139375476,-47.14398922434033,-48.08935604573751
2021-09-15,1835,1363,0.5869428750784683,1322,464,30,0.48040313549832026,0.7402015677491601,986,325,10,0.5041952707856598,-16.524083560741552,-15.797406863881477
2021-09-16,1842,1353,0.5871971595655806,646,1139,34,-0.2761904761904762,0.3619047619047619,454,836,18,-0.2961240310077519,-28.091124385000718,-28.12476836874575
2021-09-17,1836,1398,0.5929463629684056,558,1231,30,-0.3761878144214645,0.31190609278926773,387,929,9,-0.41185410334346506,-42.840355579366715,-44.31054223034664
2021-09-20,1846,1445,0.5944648692810458,240,1567,15,-0.7343663530713891,0.13281682346430548,184,1183,7,-0.7307973664959766,-73.14567340514905,-73.87498932848924
2021-09-21,1849,1340,0.5980568169817299,908,890,29,0.010011123470522803,0.5050055617352615,602,711,14,-0.08301599390708302,-61.47211795207158,-66.39414802131405
2021-09-22,1848,1353,0.5920600187558612,1506,304,18,0.6640883977900552,0.8320441988950277,1099,185,7,0.7118380062305296,-18.480003733953378,-19.923357956692055
2021-09-23,1846,1350,0.5902864259028643,1320,479,29,0.46748193440800445,0.7337409672040022,1014,275,8,0.5733126454615981,8.540330772104912,12.982516299896641
2021-09-24,1850,1346,0.5968861771512729,738,1064,30,-0.18091009988901222,0.4095449500554939,538,736,17,-0.1554160125588697,-0.8195865939266065,4.615693306757106
2021-09-27,1852,1391,0.5883202641353694,1144,661,30,0.267590027700831,0.6337950138504155,886,417,17,0.35993860322333077,13.60678837057824,23.206711970199045
2021-09-28,1852,1418,0.5941641837049214,283,1530,22,-0.6878102592388307,0.15609487038058467,215,1127,10,-0.6795827123695977,-21.896709323606085,-12.990066412055523
2021-09-29,1854,1360,0.5919867481105705,987,824,28,0.09000552181115405,0.545002760905577,698,623,16,0.05677517032551098,-13.251927253016431,-7.055467462067464
2021-09-30,1845,1386,0.5839593908629441,523,1290,20,-0.4230557087699945,0.2884721456150028,324,994,6,-0.5083459787556904,-31.44744047545462,-30.202165476577406
2021-10-01,1853,1391,0.5922399672399672,1397,403,29,0.5522222222222222,0.7761111111111111,1071,251,13,0.6202723146747352,1.9165294713488386,6.58933321992076
2021-10-04,1865,1384,0.5810919309514251,690,1132,20,-0.24259055982436883,0.3787047200878156,523,804,11,-0.21175584024114544,-9.307497973820494,-3.5882898064669435
2021-10-05,1863,1367,0.5912828947368421,1156,667,26,0.2682391662095447,0.6341195831047723,828,484,10,0.2621951219512195,6.6839823521245,11.42533206462215
2021-10-06,1864,1352,0.5975533900062202,824,999,26,-0.09599561162918267,0.45200219418540866,608,691,8,-0.06389530408006158,2.111539227110479,7.900330802516165
2021-10-07,1862,1352,0.591771827228891,1381,439,27,0.5175824175824176,0.7587912087912088,998,294,12,0.544891640866873,28.870444119667955,35.286300316749696
2021-10-08,1848,1290,0.5961356715320802,787,1018,28,-0.12797783933518006,0.43601108033241,524,727,10,-0.16227018385291767,19.326942736326377,23.166781513846082
2021-10-11,1855,1310,0.5984904077995598,687,1107,38,-0.23411371237458195,0.38294314381270905,447,786,10,-0.2749391727493917,5.763820687917598,7.055309584970557
2021-10-12,1855,1336,0.594383775351014,1043,774,22,0.14804623004953218,0.5740231150247661,738,521,8,0.17235901509134233,13.246529354294212,15.609633929893834
2021-10-13,1862,1330,0.5920849221890138,1146,675,25,0.2586490939044481,0.6293245469522241,763,501,17,0.20727848101265822,25.108155810020545,24.591506371219566
2021-10-14,1875,1348,0.5917365514420126,1425,400,29,0.5616438356164384,0.7808219178082192,1037,243,6,0.6203125,50.27404273621597,52.799750726064055
2021-10-15,1854,1362,0.5961100765570039,949,861,35,0.04861878453038674,0.5243093922651934,687,594,18,0.07259953161592506,45.888253290129406,49.26815247662203
2021-10-18,1862,1353,0.5967725250853418,888,913,39,-0.0138811771238201,0.49305941143808996,655,640,15,0.011583011583011582,38.7839639645644,42.95146920932031
2021-10-19,1873,1357,0.5909694555112882,1103,719,27,0.21075740944017562,0.6053787047200878,798,499,12,0.2305319969159599,43.747806099583286,48.28339693637816
2021-10-20,1867,1346,0.5937564181556788,1298,530,27,0.4201312910284464,0.7100656455142232,939,359,6,0.44684129429892144,58.241846173940054,63.41624302747879
2021-10-21,1860,1377,0.5958281701776126,780,1035,32,-0.14049586776859505,0.4297520661157025,586,706,13,-0.09287925696594428,42.31168326679331,49.05171765698917
2021-10-22,1864,1350,0.5928682170542635,941,866,35,0.04150525733259546,0.5207526286662977,675,622,16,0.040863531225905934,37.57989181990841,43.211929286528104
2021-10-25,1865,1378,0.5859691808596919,1146,671,26,0.26141992294991745,0.6307099614749587,837,456,13,0.29466357308584684,44.34204395458837,50.692852676348295
2021-10-26,1869,1388,0.5864608555286521,682,1134,33,-0.2488986784140969,0.3755506607929515,456,860,13,-0.3069908814589666,24.38604374176608,26.752855184022145
2021-10-27,1868,1379,0.589704383282365,385,1441,28,-0.5783132530120482,0.21084337349397592,221,1106,7,-0.6669178598342125,-9.26899538880337,-11.845955866599118
2021-10-28,1875,1369,0.5890731508800489,1319,504,32,0.44706527701590787,0.7235326385079539,979,336,13,0.48897338403041823,13.271217632901566,13.005852657684239
2021-10-29,1877,1384,0.5882471728594507,799,1033,29,-0.1277292576419214,0.4361353711790393,543,774,10,-0.17539863325740318,3.7370169454033175,0.9705188182670133
2021-11-01,1879,1414,0.5847871598046057,1436,406,22,0.5591748099891423,0.7795874049945711,1071,267,6,0.600896860986547,29.911793654418485,29.490230503671473
2021-11-02,1872,1399,0.5866894885219492,818,1016,27,-0.1079607415485278,0.44601962922573607,565,780,9,-0.15985130111524162,18.78489119547086,15.689724737084486
2021-11-03,1880,1404,0.5857028434120946,1296,528,37,0.42105263157894735,0.7105263157894737,978,366,10,0.45535714285714285,35.628133793467036,34.57226588158642
2021-11-04,1877,1401,0.5890052356020943,780,1048,34,-0.14660831509846828,0.42669584245076586,523,817,16,-0.21940298507462686,21.46791821191565,16.805970834139156
2021-11-05,1881,1433,0.5887906789875452,1302,537,25,0.4159869494290375,0.7079934747145188,942,406,13,0.39762611275964393,37.38335752500493,32.383213606114595
2021-11-08,1876,1407,0.5864315061629422,1025,788,46,0.13072255929398788,0.5653612796469939,721,623,19,0.07291666666666667,36.54092184331876,29.304367803474147
2021-11-09,1881,1386,0.5898547801532876,857,964,41,-0.05875892366831411,0.4706205381658429,622,707,16,-0.06395786305492852,26.16386057814539,19.681706317119435
2021-11-10,1889,1418,0.5853827846092821,635,1198,35,-0.3071467539552646,0.3464266230223677,491,847,19,-0.26606875934230195,4.74126237918391,1.2503774003318897
2021-11-11,1875,1365,0.5948346263781135,1138,692,34,0.24371584699453552,0.6218579234972678,839,479,12,0.2731411229135053,13.94436465466592,12.445833402267244
2021-11-12,1879,1365,0.5887113089217074,983,847,29,0.07431693989071038,0.5371584699453552,714,581,13,0.10270270270270271,13.273349921738467,13.433798106370507
2021-11-15,1890,1382,0.5870755750273823,819,1010,38,-0.10442864953526518,0.4477856752323674,612,697,12,-0.06493506493506493,3.6959861041780186,5.829450555958557
2021-11-16,1883,1402,0.5876981737908891,824,1009,38,-0.10092744135297327,0.44953627932351337,587,742,11,-0.11662904439428141,-4.3360794812424555,-3.2861128253842757
2021-11-17,1889,1394,0.585263995227205,545,1288,38,-0.4053464266230224,0.29732678668848883,398,938,13,-0.4041916167664671,-26.40276442287321,-25.44161757091476
2021-11-18,1891,1425,0.5896334764805753,624,1220,31,-0.3232104121475054,0.3383947939262473,452,896,15,-0.3293768545994065,-41.03096550207729,-40.51662793213573
2021-11-19,1889,1387,0.5864339152119701,565,1279,26,-0.3872017353579176,0.3063991323210412,406,937,12,-0.39538346984363365,-56.532488757807,-56.503509413530345
2021-11-22,1896,1429,0.5864410115123487,911,944,20,-0.01778975741239892,0.4911051212938005,702,640,12,0.046199701937406856,-51.03302980039094,-47.81061694400305
2021-11-23,1887,1421,0.5846579129232896,956,888,31,0.0368763557483731,0.5184381778741866,758,605,12,0.11225238444607484,-43.34252158475965,-36.8365066724038
2021-11-24,1892,1373,0.5979339679967591,945,893,34,0.028291621327529923,0.514145810663765,670,654,15,0.012084592145015106,-36.97966117351326,-32.2778494718774
2021-11-26,1870,1384,0.6012326656394453,165,1677,17,-0.8208469055374593,0.08957654723127036,91,1225,4,-0.8617021276595744,-73.8114435592795,-71.90814430829744
2021-11-29,1899,1445,0.5896901072705601,963,874,25,0.048448557430593356,0.5242242787152966,704,643,8,0.04528582034149963,-61.4687871329106,-60.083108271841375
2021-11-30,1894,1476,0.5874426325554145,269,1596,16,-0.7115281501340482,0.14423592493297588,153,1252,5,-0.7822064056939502,-88.60730733093273,-91.04689822108473
2021-12-01,1894,1487,0.5908778138208984,416,1440,28,-0.5517241379310345,0.22413793103448276,264,1159,11,-0.6289529163738581,-103.37750495343629,-109.40302967057777
2021-12-02,1899,1453,0.5944020866773676,1534,331,19,0.6450402144772118,0.8225201072386059,1237,172,5,0.7558552164655784,-55.650918775497324,-55.3101002695696
2021-12-03,1882,1463,0.593320039880359,481,1370,21,-0.48028092922744464,0.2598595353862777,378,1015,15,-0.457286432160804,-70.83249018471486,-69.44117756167888
2021-12-06,1896,1453,0.5906746031746032,1518,338,17,0.6357758620689655,0.8178879310344828,1194,207,4,0.7044967880085653,-27.65573172385176,-23.08688175015547
2021-12-07,1897,1452,0.5898480182775405,1524,342,20,0.6334405144694534,0.8167202572347267,1145,244,7,0.6486681065514759,9.28190803882984,13.87004150459336
2021-12-08,1894,1417,0.5922010571457066,1190,668,24,0.28094725511302476,0.6404736275565124,883,487,11,0.28905109489051095,23.19251752790703,27.418010096832404
2021-12-09,1906,1390,0.5912947988419687,354,1501,27,-0.6183288409703505,0.1908355795148248,214,1117,9,-0.6784372652141247,-9.993678750740274,-9.509984812519166
2021-12-10,1891,1395,0.5900571314022252,943,901,38,0.0227765726681128,0.5113882863340564,704,614,18,0.06828528072837632,-6.262637493306855,-3.6997432388271094
2021-12-13,1893,1435,0.5937531384955308,490,1357,27,-0.46940985381700057,0.26529507309149974,348,1002,9,-0.48444444444444446,-27.650605354990414,-26.349974235767313
2021-12-14,1902,1435,0.5857496288965859,563,1300,20,-0.3955984970477724,0.3022007514761138,421,959,6,-0.3898550724637681,-42.10849701149351,-40.854703267938525
2021-12-15,1902,1492,0.5895736472450291,1317,543,32,0.4161290322580645,0.7080645161290322,1019,374,14,0.4630294328786791,-13.673075427454336,-10.407747806982865
2021-12-16,1906,1488,0.5934821606537771,763,1103,26,-0.18220793140407288,0.40889603429796356,549,882,10,-0.23270440251572327,-19.209272779070446,-19.11025391855097
2021-12-17,1909,1475,0.5931983644160765,773,1088,32,-0.169263836646964,0.415368081676518,587,837,12,-0.175561797752809,-23.199470412951424,-23.59821513620324
2021-12-20,1902,1473,0.5927641955835962,305,1565,20,-0.6737967914438503,0.16310160427807488,219,1188,15,-0.6886993603411514,-51.7217397776992,-52.974309031032035
2021-12-21,1906,1433,0.5975232198142415,1631,249,11,0.7351063829787234,0.8675531914893617,1236,153,5,0.7796976241900648,-5.404512664541381,-4.40614853939468
2021-12-22,1905,1405,0.5954518252543387,1440,425,28,0.5442359249329759,0.7721179624664879,1052,294,16,0.563150074294205,24.68021617824389,26.31428192885924
2021-12-23,1903,1379,0.5956846138334342,1400,472,18,0.49572649572649574,0.7478632478632479,1015,306,10,0.5367146101438305,47.85378679761007,51.12690536205333
2021-12-27,1906,1365,0.5949417504729663,1430,423,36,0.5434430652995142,0.7717215326497572,1038,256,20,0.6043276661514683,69.81374922183103,75.46671667100588
2021-12-28,1906,1382,0.5967709586843161,908,940,41,-0.017316017316017316,0.49134199134199136,635,656,19,-0.016266460108443067,60.20249421765423,64.87021544380974
2021-12-29,1896,1375,0.595061975209916,1057,797,31,0.14023732470334413,0.5701186623516721,735,575,7,0.12213740458015267,59.56152581896286,62.406049051767766
2021-12-30,1906,1388,0.5933978258701506,931,926,28,0.0026925148088314485,0.5013462574044157,626,673,11,-0.036181678214010776,51.83844971426129,52.07120240160488
2021-12-31,1906,1386,0.5922388059701492,1100,760,37,0.1827956989247312,0.5913978494623656,725,573,21,0.11710323574730354,53.98118660196512,50.63879820177329
2022-01-03,1911,1451,0.595501183898974,1091,791,14,0.1594048884165781,0.5797024442082891,815,517,6,0.22372372372372373,54.373780182534425,54.49192301872943
2022-01-04,1907,1439,0.6009188055527814,1122,753,22,0.1968,0.5984,897,481,14,0.3018867924528302,56.307334372179604,61.4220385585886
2022-01-05,1910,1471,0.5955332546241637,300,1587,9,-0.6820349761526232,0.1589825119236884,214,1177,5,-0.6923076923076923,13.737237724834165,17.330452914349127
2022-01-06,1906,1431,0.5930508810136607,1114,750,33,0.19527896995708155,0.5976394849785408,849,521,22,0.23941605839416058,21.13681620821489,26.131682459045276
2022-01-07,1903,1401,0.5974767197356563,952,916,26,0.019271948608137045,0.5096359743040685,688,661,11,0.02001482579688658,18.55742066301711,22.55601367760156
2022-01-10,1910,1429,0.5941234084231146,708,1149,37,-0.23747980613893377,0.38126009693053314,518,818,18,-0.2245508982035928,3.421662631204376,7.1577506010551994
2022-01-11,1906,1430,0.6008441362677118,1393,474,27,0.4922335297268345,0.7461167648634173,1032,330,14,0.5154185022026432,26.94914799413689,30.954916937914593
2022-01-12,1897,1426,0.595725556776191,976,885,25,0.04889844169801182,0.5244492208490059,710,655,11,0.040293040293040296,24.76364783803236,27.390446475759646
2022-01-13,1904,1409,0.5962073073868149,828,1040,16,-0.11349036402569593,0.44325481798715205,608,742,4,-0.09925925925925926,14.651786679187442,17.228257020623396
2022-01-14,1908,1432,0.600360757590941,791,1069,33,-0.14946236559139786,0.4252688172043011,604,727,22,-0.09241172051089407,4.1342863766940035,8.795820688797043
2022-01-18,1905,1480,0.5915616759449165,270,1609,14,-0.7126130920702501,0.14369345396487493,196,1181,7,-0.7153231663035584,-33.03638413776397,-29.60346376799169
2022-01-19,1901,1474,0.5935063653409651,467,1391,31,-0.49730893433799783,0.2513455328310011,334,1064,15,-0.5221745350500715,-53.88691762032411,-52.62940309703175
2022-01-20,1903,1462,0.591033672670321,356,1501,29,-0.6165858912224017,0.19170705438879915,236,1163,12,-0.6626161543959972,-77.40853700403161,-79.07551517517214
2022-01-21,1906,1524,0.5847514662051726,326,1548,17,-0.6520811099252934,0.17395944503735325,241,1183,5,-0.6615168539325843,-98.90723982722595,-101.23659840293568
2022-01-24,1912,1607,0.5776640297812936,1002,878,18,0.06595744680851064,0.5329787234042553,867,618,12,0.16767676767676767,-80.89216670523079,-78.2184604901912
2022-01-25,1902,1501,0.5933496332518338,767,1103,22,-0.17967914438502675,0.4101604278074866,567,900,13,-0.22699386503067484,-77.36664791207563,-77.88039190771586
2022-01-26,1912,1501,0.5918387128041097,645,1212,30,-0.3053311793214863,0.3473344103392569,481,953,12,-0.3291492329149233,-80.24809785119058,-82.3097097043733
2022-01-27,1915,1458,0.5844792768535436,555,1316,31,-0.4067343666488509,0.29663281667557456,400,1007,13,-0.4314143567874911,-87.38065642624612,-90.79848406562192
2022-01-28,1908,1449,0.5911661466458659,1345,524,27,0.43927233814874267,0.7196361690743713,1052,328,17,0.5246376811594203,-50.7417554859077,-49.79979182681582
2022-01-31,1915,1471,0.5952544367094813,1592,291,15,0.6909187466808284,0.8454593733404142,1187,216,4,0.692088382038489,-6.57946597788453,-6.124375959549081
2022-02-01,1904,1469,0.5910994254552536,1390,485,21,0.4826666666666667,0.7413333333333333,1030,370,13,0.4714285714285714,20.79958488065662,20.21573595626585
2022-02-02,1913,1460,0.6010706850401507,854,1011,33,-0.08418230563002681,0.4579088471849866,635,758,14,-0.0882986360373295,15.762226825471348,14.649092591211241
2022-02-03,1910,1426,0.6104797344865734,413,1466,23,-0.5604044704630122,0.2197977647684939,341,1031,17,-0.5029154518950437,-12.434633687488699,-10.914473741752216
2022-02-04,1916,1462,0.6090097321159827,832,1040,30,-0.1111111111111111,0.4444444444444444,652,713,16,-0.04468864468864469,-14.016108290037042,-9.80541022740726
2022-02-07,1919,1421,0.5954978865624693,1067,804,34,0.14056654195617316,0.5702832709780866,796,566,16,0.16886930983847284,-2.714305880401474,1.8697638548505897
2022-02-08,1925,1433,0.599523241954708,1304,580,27,0.3842887473460722,0.692144373673036,1005,352,9,0.4812085482682388,19.148416978733906,27.459650797395096
2022-02-09,1912,1456,0.6038603860386038,1429,450,27,0.5210218201170835,0.7605109100585418,1109,267,10,0.6119186046511628,44.58195657695155,55.73720869842987
2022-02-10,1921,1501,0.5962629622383095,396,1496,13,-0.5813953488372093,0.20930232558139536,302,1108,6,-0.5716312056737589,10.983864702828232,20.45834414407637
2022-02-11,1922,1510,0.5967034038817907,592,1299,20,-0.3738762559492332,0.3130618720253834,455,981,11,-0.36629526462395545,-7.421468528662538,0.4594202818739221
2022-02-14,1920,1467,0.5968817415179447,514,1364,33,-0.45260915867944623,0.2736954206602769,418,993,18,-0.407512402551382,-27.05756623545448,-18.702813618089877
2022-02-15,1919,1461,0.6032155617308456,1516,378,18,0.600844772967265,0.8004223864836325,1136,265,6,0.6216987865810135,8.961554638751236,16.467549922151306
2022-02-16,1927,1462,0.6002965892239248,1250,635,26,0.32625994694960214,0.6631299734748011,900,483,15,0.30151843817787416,25.983853912120228,30.446855579289796
2022-02-17,1918,1462,0.6040027880115504,393,1493,21,-0.5832449628844114,0.20837751855779427,269,1122,13,-0.6132278936017254,-5.06724497041057,-3.4903889507332218
2022-02-18,1914,1453,0.6073903002309469,636,1232,30,-0.31905781584582443,0.3404710920770878,449,939,13,-0.3530259365994236,-18.381240938193002,-19.47918322903415
2022-02-22,1923,1486,0.5999805106217112,462,1417,26,-0.5082490686535391,0.24587546567323043,371,1034,11,-0.4718861209964413,-39.13236392634175,-38.99521564068716
2022-02-23,1918,1472,0.5973707446286667,382,1501,24,-0.5942644715878916,0.20286776420605418,258,1158,4,-0.635593220338983,-60.97968240829485,-63.671802241574134
2022-02-24,1923,1548,0.5916001520334474,1109,769,28,0.1810436634717785,0.5905218317358892,880,550,11,0.23076923076923078,-40.588834545339765,-41.13380221871393
2022-02-25,1924,1470,0.603743842364532,1641,262,8,0.7246452968996322,0.8623226484498161,1256,184,6,0.7444444444444445,4.228366221606217,4.025617495685793
2022-02-28,1922,1481,0.5982186551825389,893,990,28,-0.05151354221986192,0.47424322889006904,619,784,10,-0.11760513186029936,3.7179890902622956,-0.48568555121806384
2022-03-01,1925,1518,0.6003529757819394,575,1318,18,-0.3924986793449551,0.30375066032752246,377,1054,11,-0.47309573724668064,-13.786230158742738,-22.11495149788384
2022-03-02,1923,1476,0.6067806721018095,1545,350,19,0.6306068601583114,0.8153034300791556,1202,231,11,0.677599441730635,22.471870509314996,17.037359824072134
2022-03-03,1918,1449,0.6026666666666667,784,1090,30,-0.1632870864461046,0.4183564567769477,563,838,13,-0.19628836545324768,13.665489897736999,6.733008846029988
2022-03-04,1916,1457,0.603185595567867,588,1300,13,-0.3771186440677966,0.3114406779661017,443,951,2,-0.36441893830703015,-4.623870855735484,-10.517404927115317
2022-03-07,1927,1509,0.5971912832929782,351,1550,11,-0.6307206733298264,0.1846396633350868,271,1146,7,-0.6175017642907551,-32.91825640877727,-37.86806297770523
2022-03-08,1922,1523,0.6044074436826641,982,903,27,0.04190981432360743,0.5209549071618037,805,645,15,0.1103448275862069,-23.31384039191242,-24.671205702222977
2022-03-09,1921,1485,0.6032496307237813,1465,422,20,0.5527291997880233,0.7763645998940116,1161,278,5,0.6136205698401668,10.555473777687375,11.89925040952346
2022-03-10,1913,1475,0.6104575163398693,796,1087,20,-0.15454062665958576,0.4227296866702071,655,763,12,-0.076163610719323,4.09746870142632,8.618285105044556
2022-03-11,1920,1472,0.6045887961859356,483,1394,25,-0.4853489611081513,0.25732551944592436,362,1049,14,-0.48688873139617295,-17.98502970471229,-14.76628768965263
2022-03-14,1926,1520,0.6055577376276512,568,1333,13,-0.40241977906365073,0.29879011046817466,474,960,7,-0.3389121338912134,-32.62918159121221,-27.28743611542249
2022-03-15,1922,1491,0.6119193338015451,1328,567,19,0.40158311345646436,0.7007915567282322,1064,380,9,0.47368421052631576,-4.7866409202078355,2.7732363819978625
2022-03-16,1926,1522,0.604692429022082,1577,310,24,0.6714361420243773,0.8357180710121886,1230,213,10,0.7047817047817048,32.5353159864976,40.01611989815172
2022-03-17,1924,1472,0.6081297557068482,1462,429,20,0.5462718138551031,0.7731359069275515,1070,355,11,0.5017543859649123,58.024696153334546,61.5073387641329
2022-03-18,1918,1484,0.607901528687711,1296,583,29,0.37945715806279934,0.6897285790313997,978,434,16,0.38526912181303113,71.18725992559828,73.75053099313209
2022-03-21,1926,1467,0.6042565712043939,738,1148,22,-0.21739130434782608,0.391304347826087,592,824,10,-0.1638418079096045,52.24289253072451,56.39416120782893
2022-03-22,1924,1462,0.6032657100445324,1228,665,23,0.29741151611199157,0.6487057580559957,934,462,12,0.33810888252148996,61.5243849684447,66.37002875691033
2022-03-23,1917,1460,0.6121035728623043,521,1360,27,-0.4460393407761829,0.27698032961190855,369,1019,9,-0.46829971181556196,31.979896233444506,34.24711565073776
2022-03-24,1920,1448,0.6050059832469087,1268,608,31,0.35181236673773986,0.67590618336887,995,393,13,0.43371757925072046,46.45204425954826,51.71165392002066
2022-03-25,1925,1461,0.6039564787339268,1087,807,18,0.14783526927138332,0.5739176346356917,878,503,8,0.2715423606082549,48.39461572725141,58.276514938534156
2022-03-28,1928,1452,0.6017952258828171,904,985,28,-0.04287983059820011,0.47856008470089995,659,723,13,-0.04630969609261939,40.27778626002217,47.70548569962681
2022-03-29,1930,1520,0.5969961240310078,1582,322,13,0.6617647058823529,0.8308823529411765,1177,234,9,0.6683203401842664,68.3687349582687,74.1602300857072
2022-03-30,1922,1463,0.610877824435113,703,1189,22,-0.2568710359408034,0.3715644820295983,463,959,11,-0.3488045007032349,46.112865329320336,45.55199334100232
2022-03-31,1928,1483,0.5984375,602,1293,18,-0.3646437994722955,0.31767810026385224,341,1070,7,-0.5166548547129696,21.46489429334827,12.471673257087906
2022-04-01,1926,1489,0.6098503617084531,1309,583,22,0.38372093023255816,0.6918604651162791,983,433,9,0.3884180790960452,37.7017910713681,29.37928790950637
2022-04-04,1930,1461,0.5986560186988703,976,919,22,0.03007915567282322,0.5150395778364116,706,700,12,0.004267425320056899,33.71374013323146,24.480869308977216
2022-04-05,1930,1487,0.6106756622680821,326,1584,9,-0.6586387434554973,0.1706806282722513,250,1155,5,-0.6441281138790036,-4.300507075957543,-12.249459900973127
2022-04-06,1929,1487,0.6027891554515311,545,1360,14,-0.42782152230971127,0.28608923884514437,447,980,6,-0.373510861948143,-25.240324847145057,-30.061781479432767
2022-04-07,1931,1465,0.613855421686747,822,1056,39,-0.12460063897763578,0.43769968051118213,606,794,19,-0.13428571428571429,-27.856623250670882,-33.17975013849717
2022-04-08,1928,1436,0.6110272663245799,887,1001,28,-0.06038135593220339,0.4698093220338983,698,679,15,0.013798111837327523,-26.743311117160488,-28.27552328515265
2022-04-11,1930,1460,0.6104842735896155,579,1307,32,-0.3860021208907741,0.30699893955461294,492,878,18,-0.28175182481751826,-41.93875093535184,-38.71852854185962
2022-04-12,1930,1454,0.6086525104187339,929,960,28,-0.01641079936474325,0.4917946003176284,669,719,14,-0.03602305475504323,-36.241592148927154,-35.16726689051102
2022-04-13,1923,1441,0.6055760967322874,1453,434,22,0.5400105988341283,0.7700052994170641,1142,238,8,0.6550724637681159,-3.3682435158458173,2.599674082002534
2022-04-14,1924,1437,0.6093139709564347,648,1240,17,-0.3135593220338983,0.3432203389830508,498,873,6,-0.2735229759299781,-17.923185260383377,-11.552361741813085
2022-04-18,1930,1472,0.6059830741979925,718,1161,32,-0.23576370409792444,0.38211814795103777,555,818,20,-0.19155134741442098,-26.38826362886238,-19.496009136688524
2022-04-19,1935,1479,0.613766155695822,1411,487,21,0.4868282402528978,0.7434141201264489,1097,315,9,0.5538243626062322,2.6356329017734934,11.078437887409084
2022-04-20,1924,1471,0.6082167311699911,1311,582,20,0.38510301109350237,0.6925515055467512,960,440,9,0.37142857142857144,22.351624812988533,28.044408344692457
2022-04-21,1927,1474,0.6072063178677196,286,1606,18,-0.6976744186046512,0.1511627906976744,218,1193,9,-0.6909992912827781,-15.041831711895233,-10.711302091621207
2022-04-22,1929,1473,0.6178267401101653,153,1747,17,-0.8389473684210527,0.08052631578947368,89,1321,6,-0.873758865248227,-54.001675372931466,-52.93185670248373
2022-04-25,1926,1515,0.6038581449727202,909,970,34,-0.032464076636508785,0.48376796168174563,735,684,21,0.035940803382663845,-46.718168737025586,-43.280788179714214
2022-04-26,1923,1486,0.6078159095417576,217,1671,25,-0.7701271186440678,0.1149364406779661,132,1310,6,-0.8169209431345353,-77.14033182001887,-77.45580797770766
2022-04-27,1926,1483,0.6052683117900509,943,942,27,0.0005305039787798408,0.5002652519893899,740,670,16,0.04964539007092199,-64.23269846573568,-62.95985420483066
2022-04-28,1929,1490,0.6026320958554312,1492,400,22,0.5771670190274841,0.7885835095137421,1137,283,9,0.6014084507042253,-24.04368270305965,-22.662861426331517
2022-04-29,1925,1485,0.606697436904645,220,1681,15,-0.7685428721725408,0.11572856391372961,140,1293,7,-0.8046057222609909,-56.84735037245758,-58.396326941843895
2022-05-02,1933,1546,0.6143674758239589,877,1020,21,-0.0753821823932525,0.4623089088033738,739,709,8,0.020718232044198894,-49.95221498896611,-47.390260607638275
2022-05-03,1933,1496,0.6115215654952076,1351,550,21,0.4213571804313519,0.7106785902156759,1055,398,9,0.4521679284239504,-18.970145019905864,-16.1706377698667
2022-05-04,1935,1512,0.6110122578094108,1662,242,19,0.7457983193277311,0.8728991596638656,1284,163,7,0.7747062888735314,23.836432473559142,26.729910967756386
2022-05-05,1932,1506,0.6142147117296223,140,1774,9,-0.8537095088819227,0.07314524555903866,87,1367,5,-0.8803301237964236,-19.65851734237875,-19.475590049912416
2022-05-06,1929,1517,0.6131329113924051,546,1350,20,-0.4240506329113924,0.2879746835443038,401,1043,9,-0.4445983379501385,-35.26546304976724,-37.09732617745543
2022-05-09,1933,1547,0.5989508822126848,227,1677,16,-0.7615546218487395,0.11922268907563026,179,1288,4,-0.7559645535105658,-65.30827376120295,-67.54673471363877
2022-05-10,1935,1547,0.6070840994870802,800,1103,17,-0.15922228060956384,0.42038885969521805,575,916,7,-0.22870556673373574,-60.551718488715686,-66.88029599966586
2022-05-11,1934,1520,0.6014155516773317,558,1334,32,-0.41014799154334036,0.2949260042283298,418,1057,13,-0.43322033898305085,-68.72839068498432,-76.20182803168643
2022-05-12,1932,1549,0.6062761914043465,988,903,28,0.0449497620306716,0.5224748810153358,834,632,18,0.1377899045020464,-52.62091578066846,-55.24021660465074
2022-05-13,1929,1516,0.6080722773249534,1633,270,10,0.7162375197057278,0.8581187598528639,1331,144,3,0.8047457627118644,-5.021532274822271,-3.694044841021066
2022-05-16,1938,1494,0.6122408491221109,931,959,25,-0.014814814814814815,0.4925925925925926,684,758,13,-0.05131761442441054,-0.8515684419767855,-2.406766615726336
2022-05-17,1935,1495,0.6145167731629393,1647,256,19,0.7309511297950604,0.8654755648975302,1302,143,6,0.802076124567474,40.006305707809744,41.37557704957352
2022-05-18,1926,1509,0.6192918929792798,155,1743,14,-0.8366701791359326,0.08166491043203372,87,1364,4,-0.8800827015851137,-3.6413088692114624,-5.505338309472349
2022-05-19,1928,1510,0.6182547642928786,921,958,31,-0.019691325172964343,0.4901543374135178,718,735,8,-0.01169993117687543,-0.09287009007012681,-2.141855729497294
2022-05-20,1933,1505,0.6215295178911496,892,997,29,-0.0555849655902594,0.4722075172048703,685,759,14,-0.05124653739612189,1.1468273956813102,-1.2326991559334644
2022-05-23,1930,1496,0.6223656347685792,1430,461,26,0.5124272871496562,0.7562136435748281,1091,349,12,0.5152777777777777,30.601647246016164,27.877008968938263
2022-05-24,1917,1513,0.6136250124862651,783,1101,19,-0.16878980891719744,0.4156050955414013,567,875,10,-0.21359223300970873,21.571655178479705,16.182923831484572
2022-05-25,1934,1495,0.6203900171769223,1472,417,21,0.5584965590259396,0.7792482795129698,1113,334,13,0.5383552176917761,50.10747208200049,43.70093895487849
2022-05-26,1937,1493,0.6175705423253952,1647,259,17,0.7282266526757608,0.8641133263378804,1233,196,12,0.7256822953114066,82.74156285659181,76.37669107158742
2022-05-27,1940,1470,0.6210345524348353,1702,214,11,0.7766179540709812,0.8883089770354906,1274,151,4,0.7880701754385965,112.64956772434545,107.05196968237513
2022-05-31,1933,1522,0.6104920619268317,557,1336,33,-0.4115161119915478,0.2942419440042261,388,1038,15,-0.45582047685834504,78.25096074452664,70.54954043133965
2022-06-01,1934,1516,0.6192188592548197,704,1189,28,-0.2562070787110407,0.3718964606444797,517,949,10,-0.2946793997271487,56.214348637084285,47.044269576107446
2022-06-02,1929,1486,0.6198179979777553,1586,313,15,0.6703528172722486,0.8351764086361243,1229,215,6,0.7022160664819944,83.41996834120012,76.55681495746052
2022-06-03,1924,1457,0.6202942668696093,391,1489,26,-0.5840425531914893,0.20797872340425533,297,1114,6,-0.5790219702338767,43.54390482332626,37.34535534793654
2022-06-06,1934,1472,0.616916916916917,1113,757,40,0.19037433155080213,0.5951871657754011,878,523,11,0.2533904354032834,47.95299522854204,45.25345088691186
2022-06-07,1938,1455,0.61271042932563,1377,521,24,0.45100105374077976,0.7255005268703899,1036,369,11,0.47473309608540926,64.5143386583577,62.8557383524075
2022-06-08,1924,1444,0.6241678434537018,394,1495,25,-0.58284806776072,0.20857596611964002,254,1138,8,-0.6350574712643678,26.65925952248334,22.10188707615537
2022-06-09,1939,1463,0.6243066061522945,196,1708,9,-0.7941176470588235,0.10294117647058823,121,1270,6,-0.8260244428468727,-16.403608401206853,-22.401513779546214
2022-06-10,1930,1499,0.6224694327520546,215,1686,18,-0.7738032614413467,0.11309836927932668,154,1260,8,-0.7821782178217822,-52.1246231530821,-58.14760269101883
2022-06-13,1941,1556,0.6115718418514947,41,1879,3,-0.9572916666666667,0.021354166666666667,23,1449,0,-0.96875,-91.57988791143602,-97.7483598057837
2022-06-14,1941,1536,0.6146038628301143,675,1238,15,-0.29430214323052795,0.352848928384736,561,922,11,-0.24342548887390425,-91.7067636684645,-94.85203978357399
2022-06-15,1941,1532,0.6196148501091919,1439,463,29,0.5131440588853838,0.7565720294426919,1140,328,15,0.553133514986376,-50.984398516585955,-52.07347577265277
2022-06-16,1938,1567,0.6152414536193554,96,1818,11,-0.8996865203761756,0.050156739811912224,57,1438,6,-0.9237458193979933,-86.55338328222484,-89.08140288367034
2022-06-17,1935,1546,0.6174749578498463,1137,757,24,0.2006335797254488,0.6003167898627244,903,592,13,0.2080267558528428,-61.51609333535374,-63.689144786630195
2022-06-21,1931,1527,0.621492060321582,1436,460,22,0.5147679324894515,0.7573839662447257,1142,328,18,0.5537414965986395,-24.094912325902037,-24.37458135243789
2022-06-22,1930,1503,0.6267797637079673,828,1059,26,-0.12241653418124006,0.43879173290937995,620,831,13,-0.14541695382494832,-23.838551334725913,-25.596679230620687
2022-06-23,1936,1513,0.625278058645096,1103,796,16,0.1616640337019484,0.5808320168509742,805,645,7,0.1103448275862069,-9.296141536437277,-13.725500449756096
2022-06-24,1933,1512,0.6300418666394363,1690,212,15,0.7770767613038907,0.8885383806519453,1310,148,6,0.7969821673525377,33.95473592887882,30.824851898448447
2022-06-27,1927,1488,0.6296484454379191,1057,824,29,0.1238702817650186,0.5619351408825093,812,626,16,0.12934631432545202,38.104138505136085,35.379486245316805
2022-06-28,1934,1487,0.628274385893385,495,1382,32,-0.472562599893447,0.2637187000532765,309,1108,17,-0.5638673253352152,11.639712932387084,4.4361191976292975
2022-06-29,1926,1471,0.637400228050171,558,1334,22,-0.41014799154334036,0.2949260042283298,359,1062,10,-0.49472202674173116,-7.92483907946992,-18.585375294457474
2022-06-30,1936,1495,0.6191609639988099,745,1144,24,-0.2112228692429857,0.39438856537850714,501,916,14,-0.2928722653493296,-14.666650739192571,-28.083338139099286
2022-07-01,1932,1466,0.6361490300728728,1501,386,30,0.5908850026497086,0.7954425013248543,1132,286,11,0.5966149506346967,19.747827140075238,8.410681118628776
2022-07-05,1937,1502,0.6234338979653202,820,1074,23,-0.1341077085533263,0.43294614572333684,615,808,12,-0.13562895291637386,12.823831030997095,2.958819000839594
2022-07-06,1929,1470,0.6294141661563585,676,1207,29,-0.28199681359532663,0.3590015932023367,488,931,13,-0.31219168428470756,-0.554760049519716,-10.545453773291031
2022-07-07,1925,1454,0.626809378185525,1537,350,19,0.6290408055113937,0.8145204027556969,1173,225,6,0.6781115879828327,33.56119933222202,27.476283887070743
2022-07-08,1924,1421,0.629625832906202,808,1061,34,-0.135366506153023,0.4323167469234885,561,802,17,-0.1768158473954512,24.342173023729266,17.101116398330518
2022-07-11,1928,1440,0.6288934426229508,474,1411,22,-0.4970822281167109,0.25145888594164456,281,1087,7,-0.5891812865497076,-1.7475914333350828,-12.47342934424684
2022-07-12,1924,1443,0.639007165853152,798,1068,37,-0.14469453376205788,0.42765273311897106,596,776,20,-0.13119533527696792,-6.42621736922578,-14.79800124379227
2022-07-13,1922,1418,0.6304748260335653,738,1125,35,-0.20772946859903382,0.3961352657004831,535,825,17,-0.21323529411764705,-13.546058199414999,-20.81351815371861
2022-07-14,1926,1429,0.6286971650803398,411,1470,23,-0.5629984051036683,0.21850079744816586,284,1069,9,-0.5801921655580192,-37.32923864346142,-44.200561092955645
2022-07-15,1923,1436,0.6338758163159531,1627,248,26,0.7354666666666667,0.8677333333333334,1220,154,9,0.7758369723435226,7.446041858612938,3.825976894538556
2022-07-18,1920,1435,0.6257743475170102,969,899,33,0.03747323340471092,0.5187366167023555,740,628,14,0.08187134502923976,10.79200481549566,10.17125562365926
2022-07-19,1931,1431,0.6314010651372388,1745,145,17,0.8465608465608465,0.9232804232804233,1315,59,4,0.9141193595342066,54.0532237773597,57.15801338418752
2022-07-20,1932,1451,0.6374148255213711,1251,638,27,0.32451032292218107,0.6622551614610905,921,453,15,0.3406113537117904,64.66877368893338,68.37050091139743
2022-07-21,1920,1428,0.6330265742942819,1119,766,24,0.18726790450928382,0.5936339522546419,824,550,14,0.19941775836972345,66.55960407423935,70.55564547550156
2022-07-22,1934,1427,0.6336837765409195,658,1216,30,-0.29775880469583776,0.3511205976520811,426,930,20,-0.37168141592920356,43.59213057304868,43.516207135486745
2022-07-25,1927,1423,0.6336059633502433,1192,702,15,0.2587117212249208,0.6293558606124604,882,491,5,0.2847778587035688,51.56050637270334,53.00287005073527
2022-07-26,1919,1408,0.6346435291657955,749,1123,27,-0.1997863247863248,0.40010683760683763,528,827,13,-0.22066420664206643,35.190762848982274,35.57684922573731
2022-07-27,1926,1441,0.638335408883354,1601,277,20,0.7050053248136315,0.8525026624068157,1171,198,7,0.7107377647918188,66.25826080195368,67.06981574592963
2022-07-28,1935,1456,0.6327706875257307,1498,391,19,0.5860243515087348,0.7930121757543674,1098,289,9,0.5832732516222062,86.54063158248962,87.28772738348378
2022-07-29,1935,1453,0.6267276422764227,1352,543,20,0.42691292875989445,0.7134564643799473,981,415,10,0.4054441260744986,95.4937843044934,95.24614691928979
2022-08-01,1940,1489,0.6247216035634744,988,914,18,0.03890641430073607,0.519453207150368,677,727,8,-0.03561253561253561,83.27093523732624,79.52153180345577
2022-08-02,1937,1447,0.6305323271466449,703,1200,22,-0.2611665790856542,0.3694167104571729,449,954,9,-0.35994297933000713,57.40039493939217,49.462856034526816
2022-08-03,1933,1444,0.6307472729126312,1284,608,25,0.3572938689217759,0.678646934460888,931,450,12,0.34829833454018827,65.9171034103331,58.927439665429695
2022-08-04,1929,1438,0.6345119933829612,857,1028,31,-0.09071618037135279,0.4546419098143236,617,755,14,-0.10058309037900874,50.46880117127949,44.28095022556468
2022-08-05,1938,1429,0.6351295763060469,965,927,24,0.0200845665961945,0.5100422832980972,770,602,11,0.12244897959183673,42.548196099409616,42.68840050189453
2022-08-08,1924,1443,0.6265589858924555,1332,554,25,0.41251325556733826,0.7062566277836692,970,406,8,0.40988372093023256,55.184772231021014,55.48506555256688
2022-08-09,1937,1433,0.6279307873451418,702,1173,35,-0.2512,0.3744,529,845,7,-0.22998544395924309,32.527458184026735,34.15533059865513
2022-08-10,1934,1464,0.6289110117838277,1643,257,19,0.7294736842105263,0.8647368421052631,1233,164,6,0.7652111667859699,62.026501593452814,65.50746109732795
2022-08-11,1927,1445,0.635689264372553,1260,620,34,0.3404255319148936,0.6702127659574468,954,433,16,0.3756308579668349,67.48564358576321,72.50697992724983
2022-08-12,1921,1422,0.6392299687825183,1576,297,27,0.6828617191671116,0.8414308595835558,1192,186,5,0.7300435413642961,88.93759113387067,95.84966779706986
2022-08-15,1931,1434,0.6323574415995104,942,933,29,0.0048,0.5024,669,697,11,-0.020497803806734993,72.93123237347766,77.80135032822905
2022-08-16,1933,1459,0.6324594511884117,1053,828,31,0.11961722488038277,0.5598086124401914,861,521,16,0.2460202604920405,64.62200071549334,75.30693535566779
2022-08-17,1936,1434,0.6340442902336973,373,1524,18,-0.606747496046389,0.19662625197680547,268,1116,11,-0.6127167630057804,20.87626159800071,29.860824702458544
2022-08-18,1930,1406,0.6441602013000629,1148,727,39,0.22453333333333333,0.6122666666666666,870,477,22,0.29175946547884185,24.933314813540637,36.07890739468345
2022-08-19,1932,1422,0.642744892613934,198,1695,15,-0.7908082408874801,0.1045958795562599,132,1218,5,-0.8044444444444444,-22.489649972281118,-13.59522193660198
2022-08-22,1930,1428,0.6384884678747941,260,1635,14,-0.7255936675461742,0.13720316622691292,189,1181,4,-0.724087591240876,-59.663107947232014,-51.9807837449896
2022-08-23,1940,1433,0.6421645292461683,945,939,32,0.0031847133757961785,0.5015923566878981,709,655,17,0.039589442815249266,-54.70917992998035,-46.3566834696298
2022-08-24,1933,1414,0.6326300696435887,1186,696,40,0.2603613177470776,0.6301806588735388,853,510,10,0.2516507703595011,-37.34119535701622,-30.71322793963644
2022-08-25,1929,1404,0.6360165118679051,1547,339,23,0.6405090137857901,0.820254506892895,1171,185,8,0.7271386430678466,-3.2974777684111682,6.589886313623339
2022-08-26,1933,1436,0.639921722113503,137,1761,15,-0.8556375131717597,0.07218124341412013,61,1299,6,-0.9102941176470588,-48.98093818918929,-43.42053846715293
2022-08-29,1932,1426,0.6360775555781139,582,1298,35,-0.38085106382978723,0.30957446808510636,425,933,18,-0.374079528718704,-64.05606969091002,-59.151619515963134
2022-08-30,1938,1452,0.6390434961863534,322,1579,19,-0.6612309310889006,0.1693845344555497,234,1146,5,-0.6608695652173913,-90.64402013938236,-86.64543754005041
2022-08-31,1931,1441,0.6433595366156393,491,1385,43,-0.47654584221748403,0.261727078891258,340,1035,20,-0.5054545454545455,-103.68924322855847,-101.94867377480249
2022-09-01,1936,1485,0.6371555915721232,544,1347,26,-0.4246430460074035,0.2876784769962983,437,953,12,-0.3712230215827338,-111.72932294315721,-107.81162119305095
2022-09-02,1934,1427,0.6416803953871499,702,1182,33,-0.25477707006369427,0.37261146496815284,486,903,17,-0.3002159827213823,-109.55164568723791,-108.73503118662053
2022-09-06,1937,1483,0.6402626718653807,543,1348,26,-0.4257006874669487,0.28714965626652567,433,954,14,-0.3756308579668349,-115.68815427515342,-112.75161533746204
2022-09-07,1928,1445,0.6413515189088654,1575,317,22,0.6649048625792812,0.8324524312896406,1193,212,10,0.698220640569395,-65.82615084413393,-61.92946178293274
2022-09-08,1933,1442,0.6375756332683827,1137,738,36,0.2128,0.6064,891,491,12,0.2894356005788712,-45.47025028535566,-38.606125184421714
2022-09-09,1938,1423,0.6397330595482547,1629,269,22,0.7165437302423604,0.8582718651211801,1225,150,4,0.7818181818181819,-2.6514175440554393,6.147487295192861
2022-09-12,1945,1459,0.6328473066018631,1503,404,21,0.5762978500262191,0.7881489250131096,1132,242,11,0.6477438136826783,26.959647526669468,37.67737012201218
2022-09-13,1937,1494,0.6396276595744681,71,1848,6,-0.9260031266284523,0.03699843668577384,39,1380,2,-0.945031712473573,-22.972738908227658,-15.191743219479923
2022-09-14,1934,1465,0.6382063882063882,907,979,37,-0.03817603393425239,0.4809119830328738,693,718,15,-0.01771793054571226,-21.15871098081357,-13.953187313965238
2022-09-15,1945,1476,0.6362894172874783,494,1403,22,-0.47917764891934633,0.26041117554032683,389,1028,13,-0.4509527170077629,-41.55200429722516,-34.48619540128289
2022-09-16,1942,1496,0.6451712434433817,492,1414,20,-0.4837355718782791,0.25813221406086045,377,1058,9,-0.4745644599303136,-59.008406209217576,-53.05007348506061
2022-09-19,1937,1468,0.6310806727767146,1229,655,38,0.3046709129511677,0.6523354564755839,1020,407,13,0.42957252978276106,-34.21826357145266,-23.45008939361152
2022-09-20,1940,1457,0.6310058935171312,258,1642,19,-0.728421052631579,0.13578947368421052,172,1234,7,-0.7553342816500711,-64.50619857744374,-57.270193120096096
2022-09-21,1937,1467,0.6358049566794277,365,1530,23,-0.6147757255936676,0.19261213720316622,194,1208,10,-0.7232524964336662,-84.39758566278333,-84.29594157981968
2022-09-22,1947,1475,0.6354521756567074,294,1608,20,-0.6908517350157729,0.15457413249211358,235,1168,14,-0.6650035637918745,-104.78653416354,-104.06903017289467
2022-09-23,1951,1546,0.6349316425599366,181,1747,7,-0.8122406639004149,0.09387966804979253,153,1286,1,-0.7873523280055594,-127.76459890510137,-126.57211397979357
2022-09-26,1955,1523,0.6251106085930587,257,1667,18,-0.7328482328482329,0.13357588357588357,199,1270,12,-0.729067392784207,-142.80239971200174,-142.26514330372555
2022-09-27,1946,1517,0.6278448446467445,877,1028,32,-0.07926509186351706,0.4603674540682415,691,767,15,-0.05212620027434842,-122.26655035410575,-121.12429803367583
2022-09-28,1949,1506,0.6357808274065913,1774,138,21,0.8556485355648535,0.9278242677824268,1347,101,11,0.8604972375690608,-57.35138502991563,-56.81208194544449
2022-09-29,1947,1508,0.6342805683410047,220,1700,16,-0.7708333333333334,0.11458333333333333,165,1284,13,-0.772256728778468,-82.88625519749282,-83.17877509765589
2022-09-30,1948,1515,0.6454175152749491,739,1151,45,-0.21798941798941798,0.391005291005291,529,902,27,-0.2606568832983927,-76.66194214758809,-79.72641159330459
2022-10-03,1950,1512,0.6291241162608012,1741,180,13,0.812597605413847,0.9062988027069234,1331,115,7,0.8409405255878285,-19.42749360901838,-21.296138294806656
2022-10-04,1955,1485,0.6297276112090927,1814,116,8,0.8797927461139896,0.9398963730569948,1372,65,3,0.9095337508698678,32.96485439451095,32.197887330985075
2022-10-05,1943,1447,0.6447609359104781,598,1314,22,-0.37447698744769875,0.3127615062761506,455,944,14,-0.34953538241601145,14.882000987471555,14.820833140088114
2022-10-06,1940,1451,0.6386786663939455,505,1386,33,-0.46589106292966687,0.26705446853516657,359,1021,17,-0.4797101449275362,-5.223952454582889,-6.6193904844054625
2022-10-07,1943,1475,0.6514775780119859,210,1692,21,-0.7791798107255521,0.11041009463722397,141,1259,9,-0.7985714285714286,-38.0528602750608,-40.860748913120055
2022-10-10,1938,1442,0.646484375,647,1245,28,-0.31606765327695563,0.3419661733615222,499,891,15,-0.2820143884892086,-42.775704287764285,-44.10495462099443
2022-10-11,1957,1486,0.6361175172967011,853,1060,19,-0.10820700470465237,0.4458964976476738,650,754,9,-0.07407407407407407,-36.20682496857178,-36.26121000736535
2022-10-12,1938,1448,0.6391982182628062,730,1164,38,-0.22914466737064415,0.38542766631467795,542,855,13,-0.22405153901216893,-36.45628215911892,-36.8723755595804
2022-10-13,1959,1510,0.6398678414096917,1508,409,16,0.5732916014606155,0.7866458007303078,1193,220,5,0.6886058032554848,3.634526795321849,8.422306884456345
2022-10-14,1944,1469,0.6436945662147008,228,1682,24,-0.7612565445026178,0.1193717277486911,147,1282,10,-0.7942617214835549,-28.833411480769538,-27.036227397266522
2022-10-17,1953,1477,0.639220044453425,1698,213,19,0.7770800627943485,0.8885400313971743,1321,92,4,0.8697806086341118,20.46749871542447,25.9840234347301
2022-10-18,1955,1475,0.641064408829755,1491,422,28,0.5588081547307894,0.7794040773653946,1149,261,14,0.6297872340425532,51.60384403641526,59.18674904933564
2022-10-19,1949,1459,0.6414217913763506,391,1525,18,-0.5918580375782881,0.20407098121085596,271,1135,6,-0.6145092460881935,20.434090450226456,25.064321698039357
2022-10-20,1949,1460,0.6418107833163784,540,1353,36,-0.4294770206022187,0.28526148969889065,366,1020,14,-0.47186147186147187,1.8008315305873546,2.8967134155269134
2022-10-21,1942,1468,0.6437086092715232,1525,388,12,0.5943544171458442,0.7971772085729221,1218,192,3,0.7276595744680852,37.05196288404613,43.90497708337899
2022-10-24,1943,1479,0.6432492883285889,1167,736,22,0.22648449816079874,0.6132422490803994,895,514,10,0.2704045422285309,48.612924427580886,55.88476602199791
2022-10-25,1944,1488,0.6401728295819936,1630,280,17,0.7068062827225131,0.8534031413612565,1228,199,5,0.7210932025227751,82.27057115325091,88.38249474911932
2022-10-26,1949,1503,0.6365625621643127,1183,712,34,0.24854881266490766,0.6242744063324538,872,552,20,0.2247191011235955,87.72363274505227,90.90743526710354
2022-10-27,1941,1471,0.6406566680178354,1012,889,21,0.06470278800631246,0.5323513940031562,764,665,10,0.06927921623512946,82.75508100938738,84.83972798922123
2022-10-28,1950,1495,0.6435845213849287,1537,366,23,0.6153441933788755,0.8076720966894377,1176,245,9,0.6551724137931034,105.62526413897514,108.52229950458448
2022-10-31,1952,1489,0.6431522724982364,869,1040,24,-0.08957569408067051,0.4552121529596648,646,789,9,-0.09965156794425087,89.4051500211005,90.48708756582938
2022-11-01,1947,1507,0.6458375531699413,1160,750,23,0.21465968586387435,0.6073298429319371,848,587,14,0.1818815331010453,90.30169569743941,88.69120097262943
2022-11-02,1953,1519,0.6499034847099462,272,1644,19,-0.7160751565762005,0.1419624217118998,159,1297,5,-0.7815934065934066,44.079991650218254,38.53851494585775
2022-11-03,1953,1465,0.6464964914064883,781,1129,29,-0.18219895287958116,0.40890052356020945,596,824,16,-0.16056338028169015,31.03384491642403,26.516777133824487
2022-11-04,1959,1496,0.6501835236541599,1474,446,22,0.5354166666666667,0.7677083333333333,1108,317,8,0.5550877192982456,55.605001211760246,51.88816239786372
2022-11-07,1956,1469,0.6468857780482856,1284,629,26,0.3423941453214846,0.6711970726607422,975,445,7,0.3732394366197183,66.6841887709548,64.22884185270158
2022-11-08,1963,1488,0.6499493414387031,1122,792,28,0.1724137931034483,0.5862068965517241,827,581,17,0.1747159090909091,67.32445557930956,64.53280220088398
2022-11-09,1948,1488,0.648121682319314,270,1652,13,-0.7190426638917794,0.1404786680541103,156,1274,5,-0.7818181818181819,22.962438572794937,16.643319742120966
2022-11-10,1962,1544,0.6396316102198455,1803,130,5,0.8654940506983962,0.9327470253491982,1374,86,2,0.8821917808219178,64.14493756886975,58.815093773172975
2022-11-11,1956,1517,0.6489459211732356,1250,678,20,0.2966804979253112,0.6483402489626556,971,500,10,0.3201903467029232,70.59457188401514,66.47781339490683
2022-11-14,1966,1489,0.6459151808199859,513,1410,21,-0.4664586583463339,0.2667706708268331,391,1044,10,-0.45505226480836236,37.599078550462075,33.93491902895047
2022-11-15,1958,1529,0.6479114242576749,1464,459,24,0.5226209048361935,0.7613104524180967,1088,352,13,0.5111111111111111,58.653914516648285,54.24923854688671
2022-11-16,1955,1478,0.6474000203520912,574,1342,27,-0.40083507306889354,0.29958246346555323,366,1066,11,-0.4888268156424581,30.189730799899902,21.349839204309294
2022-11-17,1954,1479,0.6470290515234336,648,1254,36,-0.3186119873817035,0.34069400630914826,478,927,18,-0.3195729537366548,9.813059352440035,1.5767966656742276
2022-11-18,1956,1461,0.6512915129151291,1207,702,29,0.2645364064955474,0.6322682032477737,903,505,13,0.28267045454545453,21.49935966196219,14.77513172591834
2022-11-21,1961,1457,0.6480617008321494,872,1039,30,-0.08738880167451596,0.456305599162742,618,769,13,-0.10886806056236481,13.787389219790658,6.408906788406496
2022-11-22,1957,1458,0.646331576813944,1520,395,31,0.587467362924282,0.793733681462141,1121,257,19,0.6269956458635704,40.86752577557495,36.0169252541886
2022-11-23,1950,1415,0.6579875518672199,1137,765,30,0.19558359621451105,0.5977917981072555,812,550,13,0.19236417033773862,44.22251656640408,39.42012263986977
2022-11-25,1918,1236,0.6702127659574468,1214,650,41,0.30257510729613735,0.6512875536480687,783,418,19,0.3039134054954205,52.219496663812286,47.71021754931191
2022-11-28,1962,1482,0.6463019250253292,278,1608,24,-0.7051961823966065,0.1474019088016967,122,1099,7,-0.8001638001638002,8.407252679140054,-0.6441626738226437
2022-11-29,1957,1447,0.6511604234527687,1154,752,37,0.21091290661070305,0.6054564533053515,896,492,19,0.2910662824207493,16.711202259215067,12.577567177993895
2022-11-30,1960,1511,0.6444954128440367,1725,205,14,0.7875647668393783,0.8937823834196891,1277,131,7,0.8139204545454546,52.56011615031689,49.96196697164232
2022-12-01,1955,1485,0.6496090973702914,1021,892,28,0.06743335075797177,0.5337166753789859,705,731,9,-0.018105849582172703,46.94156614238705,40.07450375397216
2022-12-02,1952,1451,0.6509002136100092,986,910,40,0.04008438818565401,0.520042194092827,747,651,15,0.06866952789699571,40.53554992627921,35.75911905805272
2022-12-05,1969,1524,0.6512355017650026,209,1717,17,-0.7829698857736241,0.10851505711318796,134,1288,5,-0.8115330520393812,-6.2969853860882985,-12.1194594490675
2022-12-06,1961,1498,0.6534451032508689,522,1405,28,-0.45822522055007786,0.27088738972496107,370,1071,14,-0.4864677307425399,-30.070084890054762,-36.74178071056789
2022-12-07,1953,1499,0.6583393058257397,892,1011,40,-0.0625328428796637,0.4687335785601682,608,813,24,-0.1442646023926812,-30.461115657975114,-40.50000006810495
2022-12-08,1956,1495,0.6553846153846153,1142,763,33,0.1989501312335958,0.5994750656167979,910,521,19,0.2718378756114605,-17.56899268059416,-22.70565371825153
2022-12-09,1961,1476,0.6558588138723579,513,1394,38,-0.46198217094913474,0.26900891452543263,388,1036,17,-0.4550561797752809,-39.504997680667,-43.722662089872664
2022-12-12,1963,1518,0.655917280917281,1331,580,34,0.39298796441653583,0.696493982208268,1070,353,20,0.5038650737877723,-15.314250199042416,-13.527528259006708
2022-12-13,1966,1586,0.6525849929591632,1352,581,21,0.3988618727366787,0.6994309363683394,1033,446,10,0.3968897903989182,5.739105564748964,7.008184638236013
2022-12-14,1966,1558,0.659016727866177,701,1224,28,-0.2716883116883117,0.3641558441558442,538,969,14,-0.2859986728599867,-9.816480006282672,-9.613244920757886
2022-12-15,1967,1557,0.6608570842731187,270,1667,15,-0.7212183789364998,0.13939081053175012,161,1348,5,-0.7866136514247847,-45.54392663189272,-48.80724989733379
2022-12-16,1966,1568,0.6644385026737968,473,1453,28,-0.5088265835929388,0.24558670820353062,351,1153,14,-0.5332446808510638,-65.24358409645178,-69.40563937413347
2022-12-19,1973,1568,0.6582664363377706,514,1418,23,-0.46790890269151136,0.2660455486542443,391,1115,15,-0.4807436918990704,-79.71468926309616,-84.04518473232685
2022-12-20,1970,1552,0.6557010864047111,1097,835,26,0.13561076604554864,0.5678053830227743,899,601,12,0.19866666666666666,-61.51292729740863,-62.17125216163371
2022-12-21,1973,1553,0.6609996945943195,1561,361,35,0.6243496357960457,0.8121748178980229,1241,238,20,0.6781609195402298,-21.205912692733886,-19.183470909204754
2022-12-22,1970,1540,0.6592252803261978,416,1517,23,-0.5695809622348681,0.21520951888256595,304,1179,12,-0.5900202292650034,-46.333915543819,-45.74205802409363
2022-12-23,1967,1476,0.6636054070787328,1375,547,31,0.4308012486992716,0.7154006243496358,1067,356,15,0.49964862965565704,-17.567577857070695,-13.737496771170132
2022-12-27,1971,1516,0.6583138886070813,900,1023,30,-0.06396255850234009,0.46801872074882994,711,696,18,0.010660980810234541,-17.62271160569613,-10.754291858335812
2022-12-28,1975,1555,0.6594408427876823,312,1625,20,-0.6778523489932886,0.1610738255033557,199,1264,11,-0.7279562542720438,-48.27622692728981,-45.08074195268471
2022-12-29,1973,1549,0.6603330268668914,1677,267,14,0.7253086419753086,0.8626543209876543,1335,161,7,0.7847593582887701,-4.08555184418611,1.431327554451108
2022-12-30,1973,1552,0.6566579634464752,759,1180,26,-0.21712222795255287,0.39143888602372356,542,938,19,-0.26756756756756755,-13.403640385304588,-11.424355947536908
2023-01-03,1970,1536,0.6575922565033273,1096,841,20,0.13164687661331956,0.5658234383066598,777,686,10,0.06220095693779904,-3.8651326577407406,-5.870417336730646
2023-01-04,1961,1524,0.6591537752279479,1544,385,15,0.60082944530845,0.800414722654225,1181,286,10,0.6100886162235856,27.768745547371573,26.30193522648168
2023-01-05,1970,1490,0.6646657006830884,663,1259,23,-0.3100936524453694,0.34495317377731527,461,965,18,-0.3534361851332398,9.130712797314773,5.501546924054551
2023-01-06,1972,1501,0.6560211554109032,1731,211,17,0.7826982492276005,0.8913491246138002,1273,152,8,0.7866666666666666,47.789136315678135,44.6948497808544
2023-01-09,1974,1502,0.6575412171789131,1156,772,32,0.1991701244813278,0.5995850622406639,827,599,18,0.15988779803646563,51.426736504986785,46.64270604300395
2023-01-10,1966,1480,0.6656928213689483,1425,503,24,0.4782157676348548,0.7391078838174274,1062,367,8,0.48635409377186845,68.23203314199708,64.39822440369694
2023-01-11,1971,1494,0.6588846977265777,1525,409,20,0.5770423991726991,0.7885211995863496,1104,325,9,0.5451364590622814,87.20073317782314,82.19631974459162
2023-01-12,1967,1493,0.6618520794919074,1443,491,22,0.4922440537745605,0.7461220268872802,1052,378,12,0.47132867132867134,98.74305077265836,93.31232027565312
2023-01-13,1970,1479,0.6636673906298479,1144,789,23,0.18365235385411277,0.5918261769270564,842,576,12,0.18758815232722145,92.68843206635682,88.16291317825991
2023-01-17,1975,1504,0.6572269589930978,922,1007,29,-0.04406428201140487,0.47796785899429756,664,751,14,-0.06148409893992933,75.66245911886134,70.86574298073991
2023-01-18,1975,1512,0.663220391032859,510,1427,28,-0.4734124935467217,0.2632937532266391,289,1153,14,-0.5991678224687933,39.25952937639253,28.838147570513396
2023-01-19,1962,1504,0.6642146705346043,675,1252,26,-0.299429164504411,0.3502854177477945,459,983,12,-0.3633841886269071,16.63789325181527,4.54954444901147
2023-01-20,1964,1491,0.6611425630468348,1589,340,17,0.647485743908761,0.8237428719543806,1227,213,3,0.7041666666666667,44.55895031970125,37.13758382256095
2023-01-23,1976,1485,0.6611671249618087,1390,532,34,0.4464099895941727,0.7232049947970863,1038,376,17,0.4681753889674682,58.154871645415845,53.01510568287303
2023-01-24,1968,1455,0.6655304204111145,925,992,39,-0.03495044340114763,0.4825247782994262,638,754,17,-0.08333333333333333,45.42058837090873,38.74987522998542
2023-01-25,1971,1473,0.6654609342703597,1054,862,38,0.10020876826722339,0.5501043841336117,792,598,15,0.13956834532374102,41.06363381276916,37.504437749470306
2023-01-26,1970,1466,0.6693330563058384,1309,609,36,0.36496350364963503,0.6824817518248175,949,450,16,0.3566833452466047,50.37085626561656,47.10781651102572
2023-01-27,1975,1463,0.6695135923341319,1111,813,34,0.1548856548856549,0.5774428274428275,806,592,14,0.1530758226037196,47.572784743274006,44.90279013745621
2023-01-30,1975,1464,0.6622807017543859,528,1401,31,-0.4525660964230171,0.2737169517884914,341,1048,16,-0.5089992800575954,14.56998210252114,9.68922350430125
2023-01-31,1977,1500,0.6665980018539499,1690,247,29,0.7449664429530202,0.87248322147651,1253,158,11,0.776045357902197,46.15636290296669,43.785409813421886
2023-02-01,1978,1526,0.6689803000918648,1428,513,24,0.4714064914992272,0.7357032457496137,1080,371,9,0.48862853204686424,59.25393910014315,58.34788076588626
2023-02-02,1980,1533,0.6683319738988581,1278,666,27,0.3148148148148148,0.6574074074074074,927,531,15,0.2716049382716049,62.32651321900773,59.65587433765091
2023-02-03,1967,1511,0.6685225280956799,598,1343,22,-0.38382277176713037,0.30808861411643484,476,981,13,-0.3466026080988332,29.710052195444618,29.565552151299524
2023-02-06,1968,1501,0.6684275947793661,451,1484,18,-0.5338501291989665,0.2330749354005168,356,1091,8,-0.5079474775397373,-5.8269401122708615,-4.376744550832604
2023-02-07,1970,1499,0.6728875064800415,1250,680,24,0.29533678756476683,0.6476683937823834,922,522,10,0.2770083102493075,5.277412003380416,5.872264881050832
2023-02-08,1964,1464,0.6687402799377916,583,1336,31,-0.392391870766024,0.303804064616988,388,1022,13,-0.44964539007092197,-19.641186914294188,-21.726878395105558
2023-02-09,1963,1471,0.6720850265708034,439,1477,31,-0.5417536534446764,0.2291231732776618,309,1102,11,-0.5620127569099929,-48.31647218826712,-50.83387984619729
2023-02-10,1968,1446,0.671685487243831,1042,861,45,0.0951129795060431,0.5475564897530215,792,600,17,0.13793103448275862,-40.74892708903667,-40.46900711801217
2023-02-13,1964,1458,0.6713389121338912,1463,460,26,0.5215808632345293,0.7607904316172647,1110,283,9,0.5936826992103375,-12.75153720732515,-8.617112663444885
2023-02-14,1972,1454,0.6718766173273988,882,1032,34,-0.07836990595611286,0.4608150470219436,670,720,16,-0.03597122302158273,-18.747549631957273,-12.823353453068641
2023-02-15,1960,1462,0.6708610648918469,1124,784,40,0.17819706498951782,0.589098532494759,867,524,20,0.24658519051042416,-10.952053959576414,-2.227751884331261
2023-02-16,1962,1475,0.6731109032325122,492,1417,28,-0.48454688318491357,0.2577265584075432,380,1019,16,-0.45675482487491065,-37.36934229861448,-28.324374552905887
2023-02-17,1958,1485,0.6768028719248231,862,1038,41,-0.09263157894736843,0.4536842105263158,654,747,22,-0.06638115631691649,-40.17351190512168,-30.976681633872957
2023-02-21,1974,1493,0.6666666666666666,196,1744,8,-0.797938144329897,0.10103092783505155,140,1287,4,-0.8037841625788367,-77.63553762828617,-69.95967109302644
2023-02-22,1966,1497,0.6747552593209748,953,974,25,-0.010897768552153606,0.4945511157239232,709,733,10,-0.016643550624133148,-69.92537314456321,-63.58329812740238
2023-02-23,1972,1484,0.6738812212463404,1216,698,36,0.27063740856844304,0.6353187042842215,879,540,18,0.23890063424947147,-48.90679678922742,-45.03637350747655
2023-02-24,1973,1490,0.675822454308094,517,1414,24,-0.4645261522527188,0.2677369238736406,391,1033,11,-0.4508426966292135,-67.44955806252729,-63.440737633836825
2023-02-27,1971,1454,0.6683916373421652,1136,785,35,0.18271733472149923,0.5913586673607496,811,590,17,0.15774446823697358,-50.60419681217513,-48.42990703039633
2023-02-28,1981,1506,0.6759075217072915,843,1079,37,-0.12278876170655567,0.4386056191467222,573,827,22,-0.18142857142857144,-51.22369678046591,-52.312149312579976
2023-03-01,1981,1512,0.674290466784489,939,997,32,-0.029958677685950414,0.4850206611570248,744,709,12,0.024088093599449415,-46.85574656842192,-45.09407246588305
2023-03-02,1970,1502,0.672569153394803,1114,817,29,0.15380631796996375,0.5769031589849819,906,547,11,0.24707501720578115,-33.6986206214865,-27.547800219311178
2023-03-03,1972,1500,0.6774159553166825,1597,337,20,0.6514994829369183,0.8257497414684591,1208,232,9,0.6777777777777778,2.603873414598442,9.12713958120416
2023-03-06,1974,1528,0.6716541978387365,585,1333,40,-0.3899895724713243,0.30500521376433787,408,1029,19,-0.4321503131524008,-18.444966322034052,-15.057827133770175
2023-03-07,1968,1509,0.6796523196146194,362,1562,29,-0.6237006237006237,0.18814968814968816,246,1210,11,-0.6620879120879121,-48.03505202670964,-47.15756448617994
2023-03-08,1967,1482,0.6760356581017305,1029,880,39,0.07805133577789418,0.5390256678889471,805,619,19,0.1306179775280899,-38.00680207014783,-34.7317576192593
2023-03-09,1973,1532,0.6764552743934187,208,1728,14,-0.7851239669421488,0.10743801652892562,115,1339,3,-0.8418156808803301,-72.40137948293888,-72.55571688036686
2023-03-10,1972,1568,0.6766753246753247,244,1695,17,-0.7483238782877772,0.1258380608561114,154,1342,5,-0.7941176470588235,-99.60673184074199,-102.14752177313666
2023-03-13,1988,1582,0.6756449948400413,576,1371,18,-0.4083204930662558,0.29583975346687214,450,1067,12,-0.4067237969676994,-105.36910518638385,-107.56808484303295
2023-03-14,1987,1547,0.6790780141843972,1404,552,22,0.43558282208588955,0.7177914110429447,1102,398,13,0.4693333333333333,-67.57392311336845,-67.86196932852748
2023-03-15,1975,1577,0.6823273179838207,427,1526,17,-0.5627240143369175,0.21863799283154123,316,1190,7,-0.5803452855245684,-84.8365146465138,-86.05786165987774
2023-03-16,1972,1564,0.6829446826309735,1394,532,32,0.4475597092419522,0.7237798546209762,1083,421,22,0.4401595744680851,-48.657661655177,-50.159817295250164
2023-03-17,1968,1555,0.6839378238341969,293,1646,18,-0.6977823620422898,0.1511088189788551,201,1306,8,-0.7332448573324486,-74.74855760352028,-77.88641186704402
2023-03-20,1975,1520,0.6805584496770161,1276,654,25,0.322279792746114,0.661139896373057,1079,408,9,0.4512441156691325,-45.67942311191599,-41.978769516513495
2023-03-21,1967,1523,0.6802763819095478,1536,403,15,0.5843218153687467,0.7921609076843734,1194,269,10,0.6322624743677375,-7.49481487490309,-2.016923524297075
2023-03-22,1976,1525,0.6849973863042342,369,1557,30,-0.616822429906542,0.19158878504672897,182,1289,9,-0.752549286199864,-34.86671302164698,-37.08004861171063
2023-03-23,1971,1528,0.6871908220187348,673,1257,28,-0.30259067357512953,0.3487046632124352,498,969,11,-0.3210633946830266,-42.383764555434176,-45.2993257425488
2023-03-24,1969,1522,0.6859504132231405,1228,701,24,0.27319854847071023,0.6365992742353551,956,504,14,0.3095890410958904,-19.80946369175304,-20.56768927175684
2023-03-27,1974,1522,0.6806107508889354,1429,495,26,0.48544698544698545,0.7427234927234927,1122,340,17,0.5348837209302325,10.203032713966845,11.94543234884618
2023-03-28,1972,1490,0.6830554969402828,1149,758,47,0.20503408495018352,0.6025170424750917,870,556,26,0.22019635343618513,21.79205695244742,23.950055798015164
2023-03-29,1979,1511,0.684878355704698,1532,406,20,0.5810113519091847,0.7905056759545923,1141,300,10,0.5836224843858432,50.39057573953613,52.265565115547474
2023-03-30,1975,1506,0.6854266030736619,1269,664,26,0.3129849974133471,0.6564924987066736,926,511,14,0.28879610299234515,61.18903869900743,61.472678686784974
2023-03-31,1988,1567,0.6846706212925382,1664,282,18,0.710174717368962,0.8550873586844809,1273,187,10,0.7438356164383562,89.97526533364109,91.78937306905965
2023-04-03,1980,1561,0.6795004128819158,977,961,30,0.008255933952528379,0.5041279669762642,708,777,21,-0.046464646464646465,79.04167360876299,77.73618675540908
2023-04-04,1980,1530,0.6840079076058683,504,1434,32,-0.47987616099071206,0.26006191950464397,365,1111,11,-0.505420054200542,44.891639568786374,42.38426113666602
2023-04-05,1976,1500,0.6877307732883216,700,1240,24,-0.27835051546391754,0.36082474226804123,488,964,13,-0.3278236914600551,25.54518454310217,20.82626156398171
2023-04-06,1972,1475,0.6795314297667608,1011,907,41,0.054223149113660066,0.52711157455683,752,674,19,0.0546984572230014,25.504922802305536,21.41614805566954
2023-04-10,1969,1503,0.6846846846846847,1275,631,49,0.3378803777544596,0.6689401888772298,977,433,27,0.38581560283687943,39.52583583195286,38.36927754647819
2023-04-11,1982,1506,0.6801122777835534,1471,472,22,0.5141533710756562,0.7570766855378281,1085,355,15,0.5069444444444444,60.12973695920141,58.72879895376545
2023-04-12,1975,1477,0.681251299106215,853,1082,32,-0.11834625322997416,0.4408268733850129,595,832,9,-0.16608269096005607,45.82044252292138,42.191188992002196
2023-04-13,1975,1465,0.6841276506403527,1365,567,25,0.41304347826086957,0.7065217391304348,1021,393,10,0.44413012729844414,59.92638014182953,58.351217442659625
2023-04-14,1979,1473,0.6879762912785775,676,1254,33,-0.2994818652849741,0.35025906735751294,521,887,16,-0.2599431818181818,36.06105772799468,36.67262022492712
2023-04-17,1981,1479,0.6848510281158204,1220,715,34,0.26098191214470284,0.6304909560723514,936,474,15,0.3276595744680851,43.49909064700975,47.33419431695455
2023-04-18,1974,1472,0.685530614395616,869,1063,34,-0.10041407867494824,0.4497929606625259,650,761,17,-0.07866761162296244,31.571313798550037,35.89680988950085
2023-04-19,1975,1453,0.6867773807021232,888,1030,41,-0.0740354535974974,0.4629822732012513,673,724,13,-0.03650680028632784,22.534139277996765,28.046402721412164
2023-04-20,1972,1467,0.6873012507949968,672,1258,28,-0.30362694300518134,0.34818652849740933,449,944,11,-0.35534816941852115,3.215109896149541,5.252004122479611
2023-04-21,1973,1464,0.6854027733672066,838,1072,40,-0.1225130890052356,0.4387434554973822,615,785,17,-0.12142857142857143,-4.263043074813299,-2.5674868007226364
2023-04-24,1972,1452,0.6873543740732896,1024,886,38,0.07225130890052356,0.5361256544502618,738,658,13,0.05730659025787966,-0.8973287543245032,-0.303556021734392
2023-04-25,1968,1477,0.6847207586933615,291,1632,26,-0.6973478939157566,0.15132605304212168,198,1206,10,-0.717948717948718,-36.49511650734897,-37.12914283592065
2023-04-26,1979,1492,0.6885557432432432,589,1330,36,-0.38613861386138615,0.3069306930693069,387,1031,17,-0.4541607898448519,-51.18828545092963,-55.239977442677
2023-04-27,1968,1469,0.6911622924477772,1500,427,29,0.5568240788790867,0.7784120394395433,1137,288,7,0.5957894736842105,-16.346868833412795,-17.951027967787173
2023-04-28,1978,1495,0.6912291798439806,1439,484,28,0.4966198647945918,0.7483099323972959,1073,351,15,0.5070224719101124,10.514066014506419,9.58242888437766
2023-05-01,1980,1484,0.6921779464473962,829,1106,28,-0.14315245478036176,0.4284237726098191,623,813,12,-0.13231197771587744,1.4389790006571375,1.1088998672572121
2023-05-02,1980,1515,0.6869674976333228,376,1566,23,-0.6127703398558187,0.19361483007209063,264,1180,8,-0.6343490304709142,-29.808309544960135,-31.243364579468892
2023-05-03,1978,1522,0.6907052976631067,768,1158,36,-0.20249221183800623,0.3987538940809969,576,886,15,-0.21203830369357046,-35.861793302847474,-37.632797519655185
2023-05-04,1980,1518,0.6924056003394146,625,1303,35,-0.3516597510373444,0.3241701244813278,492,967,15,-0.3255654557916381,-48.316589909293825,-48.58395630081957
2023-05-05,1975,1495,0.6940663547426627,1694,249,20,0.7436953165208441,0.871847658260422,1265,185,10,0.7448275862068966,-3.95610468034956,-4.184625177284293
2023-05-08,1972,1474,0.6920144037280237,888,1034,36,-0.07596253902185224,0.4620187304890739,691,724,16,-0.023321554770318022,-6.991002063335279,-4.609730989635932
2023-05-09,1970,1474,0.689119170984456,772,1135,42,-0.1903513371788149,0.40482433141059254,577,829,20,-0.17923186344238975,-15.270324223319525,-12.745663237851993
2023-05-10,1983,1503,0.6939632545931759,1049,870,40,0.09327774882751433,0.5466388744137571,769,654,17,0.08081517919887561,-8.091338748673,-6.635804861824195
2023-05-11,1974,1499,0.6928090607970937,620,1302,38,-0.3548387096774194,0.3225806451612903,483,961,12,-0.33102493074792244,-24.318672399353535,-21.97070242335121
2023-05-12,1970,1477,0.6958207669108143,803,1114,36,-0.16223265519040167,0.4188836724047992,628,802,15,-0.12167832167832168,-28.44114658433775,-24.50485587286002
2023-05-15,1972,1488,0.6886138085583182,1318,606,30,0.3700623700623701,0.685031185031185,999,419,13,0.4090267983074753,-5.208905016938978,-0.01377679353590025
2023-05-16,1967,1460,0.6922097219274039,343,1584,24,-0.6440062272963155,0.17799688635184224,231,1179,8,-0.6723404255319149,-36.02272381966261,-33.142196488715605
2023-05-17,1980,1497,0.6906757186803861,1486,432,38,0.5495307612095933,0.7747653806047967,1124,292,11,0.5875706214689266,-2.5115758515975584,1.694268004391394
2023-05-18,1973,1484,0.6954114766315341,1150,785,27,0.18863049095607234,0.5943152454780362,888,535,10,0.24806746310611386,8.108000027680001,14.495815887835288
2023-05-19,1966,1483,0.6982795698924731,710,1214,28,-0.26195426195426197,0.369022869022869,505,911,16,-0.2867231638418079,-5.3820402411928026,-1.3708710986554458
2023-05-22,1982,1492,0.6909608691066343,1139,784,35,0.18460738429537182,0.5923036921476859,897,516,15,0.26963906581740976,5.438967842608604,12.888077366349139
2023-05-23,1979,1513,0.6933672388217843,673,1267,26,-0.3061855670103093,0.34690721649484535,495,943,13,-0.31154381084840055,-9.875912650238291,-4.044105916194209
2023-05-24,1980,1499,0.6922510002105706,393,1552,20,-0.5958868894601542,0.2020565552699229,289,1163,11,-0.6019283746556474,-37.40582203086344,-33.02013028355014
2023-05-25,1978,1475,0.6914635433153952,648,1291,26,-0.33161423414130997,0.334192882929345,469,962,10,-0.3445143256464011,-47.543232675201416,-44.75882801575939
2023-05-26,1967,1467,0.6927511476459912,1378,550,29,0.42946058091286304,0.7147302904564315,1017,400,13,0.4354269583627382,-17.91926186002573,-15.574556236262554
2023-05-30,1982,1494,0.6906384317014362,813,1117,27,-0.15751295336787566,0.4212435233160622,559,861,13,-0.21267605633802816,-21.849847217787314,-22.949281818649755
2023-05-31,1987,1517,0.6906655504395144,681,1252,37,-0.29539575788929123,0.35230212105535436,436,1010,9,-0.3969571230982019,-31.99538868865533,-38.35397912050625
2023-06-01,1977,1496,0.6925579930723208,1476,465,29,0.5208655332302936,0.7604327666151468,1073,366,13,0.49131341209173035,0.30321485317504754,-6.919698658494414
2023-06-02,1982,1535,0.69509886411443,1705,244,15,0.7496151872755259,0.874807593637763,1316,133,7,0.8164251207729468,39.35448750943576,36.246795063879006
2023-06-05,1985,1512,0.6926910299003323,640,1297,32,-0.33918430562725865,0.3304078471863707,434,1022,15,-0.40384615384615385,18.106578547852262,11.959349490233853
2023-06-06,1981,1538,0.6924375065921317,1592,348,29,0.6412371134020619,0.8206185567010309,1215,247,12,0.6621067031463749,48.87015444442513,44.43142962694252
2023-06-07,1973,1553,0.6952051201342986,1344,594,22,0.38699690402476783,0.6934984520123839,1094,398,11,0.46648793565683644,62.21665059490813,62.19196262121679
2023-06-08,1964,1492,0.699753456962161,921,1008,25,-0.04510108864696734,0.4774494556765163,656,795,13,-0.0957960027567195,51.71192191700978,48.95206159753741
2023-06-09,1975,1471,0.698733089972085,669,1244,36,-0.30057501306847884,0.3497124934657606,491,928,17,-0.3079633544749824,29.69812306674607,26.778818328390706
2023-06-12,1982,1506,0.6954780225571835,1057,867,41,0.09875259875259876,0.5493762993762994,813,611,20,0.14185393258426968,30.694215025490745,30.177665594590927
2023-06-13,1976,1529,0.6935483870967742,1388,552,24,0.4309278350515464,0.7154639175257732,1130,326,14,0.5521978021978022,48.001164390037374,53.44998515989579
2023-06-14,1980,1524,0.6981688065670385,669,1256,35,-0.30493506493506495,0.3475324675324675,491,970,15,-0.3278576317590691,25.765455275443983,29.077796764588403
2023-06-15,1977,1516,0.6964869711994937,1444,480,35,0.501039501039501,0.7505197505197505,1123,332,12,0.5436426116838488,46.923825004817715,51.669198874923545
2023-06-16,1970,1522,0.6999152003391986,770,1152,34,-0.1987513007284079,0.4006243496357961,585,868,15,-0.194769442532691,29.790071910012728,33.80589897405848
2023-06-20,1988,1532,0.6922512320436196,573,1360,27,-0.40713916192446975,0.2964304190377651,406,1063,9,-0.4472430224642614,4.572369594601296,5.740069067370037
2023-06-21,1978,1498,0.699103848181339,988,942,38,0.02383419689119171,0.5119170984455959,744,713,13,0.02127659574468085,4.537040207734592,5.141065062261682
2023-06-22,1976,1509,0.7014141847010927,619,1315,25,-0.35987590486039295,0.3200620475698035,470,979,13,-0.35127674258109043,-14.701356706654348,-14.024455603705837
2023-06-23,1979,1558,0.7038927887683472,495,1442,28,-0.48890036138358284,0.2555498193082086,305,1157,12,-0.5827633378932968,-37.52790211108312,-41.91518326069986
2023-06-26,1982,1518,0.6981986727062046,1276,651,36,0.3243383497664764,0.6621691748832382,994,470,15,0.35792349726775957,-16.19502336381134,-18.517837733073428
2023-06-27,1979,1504,0.7035256410256411,1442,492,30,0.49120992761116855,0.7456049638055843,1123,328,13,0.5478980013783598,10.4691419741597,11.078207087242554
2023-06-28,1986,1511,0.7018567639257295,1025,908,36,0.060527677185721676,0.5302638385928609,730,699,20,0.021693491952414275,11.680545106981796,10.017208901879231
2023-06-29,1987,1495,0.6995993251792493,1320,624,28,0.35802469135802467,0.6790123456790124,1063,376,12,0.477414871438499,27.532742768624935,31.846038383188432
2023-06-30,1990,1512,0.7067701137209055,1341,599,33,0.3824742268041237,0.6912371134020618,1000,432,16,0.39664804469273746,42.171184827791635,46.31211606050379
2023-07-03,1976,1349,0.7062269472770666,1394,538,33,0.44306418219461696,0.7215320910973085,952,372,15,0.4380664652567976,57.50569463376487,60.51997292250889
2023-07-05,1985,1513,0.7008106116433309,531,1398,32,-0.4494556765163297,0.27527216174183516,352,978,12,-0.4706766917293233,25.703179109155837,26.927932825604685
2023-07-06,1984,1520,0.7052742616033755,249,1716,8,-0.7465648854961832,0.1267175572519084,191,1273,4,-0.7390710382513661,-16.47194800892334,-15.34761844747859
2023-07-07,1990,1511,0.7066467831273967,1429,511,33,0.4731958762886598,0.73659793814433,1047,400,17,0.44713199723566,8.538716134405725,7.893675080623906
2023-07-10,1991,1476,0.7026452778072878,1369,579,28,0.4055441478439425,0.7027720739219713,1009,424,11,0.4082344731332868,26.49755397404419,25.780636466629772
2023-07-11,1990,1497,0.7047051309346392,1520,424,27,0.5637860082304527,0.7818930041152263,1160,268,9,0.6246498599439776,49.631965576390364,51.765854609866174
2023-07-12,1983,1522,0.7024802110817941,1444,505,21,0.4817855310415598,0.7408927655207799,1065,386,12,0.46795313576843556,65.06370380906975,65.88955064050687
2023-07-13,1991,1477,0.6974939708503722,1329,613,28,0.368692070030896,0.684346035015448,998,442,9,0.3861111111111111,72.2778484284321,73.5437617606359
2023-07-14,1979,1476,0.6993029150823827,469,1480,19,-0.5187275525910724,0.24063622370446383,348,1077,9,-0.511578947368421,33.713571704746315,34.835890535566435
2023-07-17,1984,1489,0.7031216818857506,1136,796,32,0.17598343685300208,0.587991718426501,855,565,16,0.20422535211267606,35.30809671967496,37.35669615950907
2023-07-18,1988,1496,0.7025343189017952,1403,537,30,0.4463917525773196,0.7231958762886598,1025,402,15,0.4365802382620883,50.015290910056436,50.942945794653085
2023-07-19,1988,1511,0.7031003678402522,1200,741,31,0.23647604327666152,0.6182380216383307,877,559,14,0.2214484679665738,51.84408002324942,51.547885988952224
2023-07-20,1984,1486,0.7070212765957447,843,1095,33,-0.13003095975232198,0.43498452012383904,638,791,12,-0.10706787963610917,34.823124163464016,35.381553044999094
2023-07-21,1977,1489,0.7080989279269717,889,1039,36,-0.07780082987551867,0.4610995850622407,646,783,11,-0.09587123862841147,22.70759777637034,21.942262663079052
2023-07-24,1990,1488,0.7000733829541881,1216,710,39,0.26272066458982346,0.6313603322949117,895,521,19,0.2641242937853107,29.261359449790497,28.341734693908133
2023-07-25,1980,1480,0.7061011904761905,1013,910,44,0.053562142485699425,0.5267810712428497,758,656,19,0.07213578500707214,24.260592778109586,24.072149167885527
2023-07-26,1989,1474,0.7046511627906977,1181,758,31,0.2181536874677669,0.6090768437338835,858,560,13,0.21015514809590974,28.093211559035215,27.202260951738637
2023-07-27,1989,1512,0.7046937486844875,474,1472,29,-0.512846865364851,0.24357656731757452,343,1075,13,-0.5162200282087447,-5.320393082699438,-6.576263593058352
2023-07-28,1989,1493,0.7076280265695307,1410,543,17,0.44393241167434716,0.7219662058371735,1021,419,12,0.41805555555555557,13.97654076599085,11.289758427320523
2023-07-31,1989,1504,0.6978469899665551,1354,576,42,0.40310880829015544,0.7015544041450777,980,446,20,0.3744740532959327,28.364356333581505,24.329683349626706
2023-08-01,1986,1510,0.7051767676767676,647,1285,37,-0.3302277432712215,0.33488612836438925,497,946,16,-0.31115731115731116,3.8572892841347435,1.0756025187881741
2023-08-02,1988,1512,0.708171206225681,464,1488,19,-0.5245901639344263,0.23770491803278687,368,1090,9,-0.49519890260631,-26.833660522723143,-28.014094176622653
2023-08-03,1994,1519,0.7061319753872268,750,1195,31,-0.22879177377892032,0.3856041131105398,596,857,17,-0.17962835512732278,-38.15033479719772,-36.96718700636644
2023-08-04,1983,1507,0.7111944295661489,971,966,34,0.002581311306143521,0.5012906556530717,682,761,20,-0.05474705474705475,-36.0666853736343,-38.193180421752146
2023-08-07,1984,1511,0.7097257926306769,1280,661,25,0.3189077794951056,0.6594538897475528,973,459,16,0.35893854748603354,-18.288508280171303,-18.366158778143745
2023-08-08,1983,1494,0.7108744756373023,691,1238,35,-0.2835666148263349,0.35821669258683253,468,965,10,-0.3468248429867411,-33.120444039931606,-36.61039400260657
2023-08-09,1979,1502,0.711581649021495,848,1078,33,-0.11941848390446522,0.4402907580477674,598,831,14,-0.1630510846745976,-37.428740348233525,-42.83747523390209
2023-08-10,1987,1489,0.7134747215081405,827,1103,32,-0.14300518134715026,0.4284974093264249,592,839,15,-0.17260656883298392,-42.10452486222476,-48.425216518409556
2023-08-11,1977,1453,0.7145631067961165,966,959,40,0.0036363636363636364,0.5018181818181818,711,692,18,0.0135424091233072,-38.559720748200434,-43.65316033625684
2023-08-14,1981,1474,0.707436607713616,769,1166,22,-0.20516795865633075,0.3974160206718346,561,828,11,-0.19222462203023757,-45.77633074160335,-49.64313805651222
2023-08-15,1987,1476,0.7119042530455225,264,1677,25,-0.7279752704791345,0.13601236476043277,179,1224,12,-0.744832501781896,-77.85801622339503,-82.14674730463094
2023-08-16,1993,1494,0.7136620168246193,506,1445,25,-0.4812916453100974,0.2593541773449513,383,1038,9,-0.4609429978888107,-92.56438597075808,-95.33212428059504
2023-08-17,1993,1496,0.7104534809452843,559,1387,33,-0.42548818088386436,0.28725590955806785,420,1006,15,-0.4109396914446003,-101.88533695358805,-103.62879565143082
2023-08-18,1992,1493,0.7167941398254875,1118,815,41,0.15675116399379202,0.578375581996896,856,564,17,0.2056338028169014,-80.2333561152569,-79.37563098216317
2023-08-21,1996,1459,0.7092973890893653,739,1207,34,-0.24049331963001028,0.37975334018499485,564,826,20,-0.1884892086330935,-81.18196989909762,-77.94844760752828
2023-08-22,1989,1479,0.7142857142857143,791,1143,40,-0.18200620475698034,0.4089968976215098,558,834,18,-0.19827586206896552,-78.66276909113444,-76.82779625597142
2023-08-23,1992,1458,0.7148235800344234,1475,474,19,0.5135967162647511,0.7567983581323756,1067,337,7,0.51994301994302,-41.33539250378368,-39.57455626851115
2023-08-24,1983,1458,0.7175440492919685,466,1486,22,-0.5225409836065574,0.2387295081967213,320,1070,10,-0.539568345323741,-61.02069355264528,-60.50073156122811
2023-08-25,1978,1434,0.7195016251354279,1156,756,51,0.20920502092050208,0.604602510460251,846,506,30,0.2514792899408284,-40.95922225530575,-38.53772601546651
2023-08-28,1988,1446,0.7171314741035857,1481,447,31,0.5363070539419087,0.7681535269709544,1082,293,7,0.5738181818181818,-7.246766533733593,-3.449723049895343
2023-08-29,1998,1470,0.7162133219104734,1616,338,24,0.654042988741044,0.827021494370522,1149,236,12,0.6592057761732852,27.500413680836036,30.83714781867266
2023-08-30,1991,1472,0.7182237477206908,1161,764,51,0.20623376623376624,0.6031168831168832,838,550,25,0.207492795389049,34.681289570525,37.41258763299314
2023-08-31,1999,1498,0.7151639344262295,787,1149,45,-0.18698347107438015,0.4065082644628099,536,868,17,-0.23646723646723647,20.986670142949126,20.6495241432579
2023-09-01,1995,1474,0.720618668990306,1315,631,33,0.35149023638232274,0.6757451181911613,982,424,16,0.3968705547652916,36.09652255449215,37.880746800444385
2023-09-05,1998,1525,0.7159224756397902,349,1607,26,-0.6431492842535788,0.17842535787321062,241,1187,16,-0.6624649859943977,-0.8970122782061083,-0.5427385996478626
2023-09-06,1993,1491,0.719451640759931,674,1274,34,-0.3080082135523614,0.3459958932238193,529,911,13,-0.2652777777777778,-15.764945963711217,-13.532744512897494
2023-09-07,1994,1492,0.722288568016502,666,1285,27,-0.31727319323423886,0.34136340338288057,490,943,12,-0.31612002791346827,-28.861453519093402,-27.11364835294597
2023-09-08,1983,1461,0.7195865070729053,953,969,50,-0.008324661810613945,0.495837669094693,703,703,20,0.0,-24.467233640168466,-22.78375149874927
2023-09-11,1992,1487,0.7176899957063118,1054,871,43,0.09506493506493506,0.5475324675324675,787,617,19,0.12108262108262108,-15.418359631709343,-12.913639876786293
2023-09-12,1982,1478,0.718102508178844,929,1011,32,-0.042268041237113405,0.4788659793814433,710,710,16,0.0,-14.471129371420675,-10.464257294755068
2023-09-13,1979,1500,0.7197784294558488,725,1192,44,-0.2436098069900887,0.37819509650495564,518,906,20,-0.27247191011235955,-23.655980139665523,-21.94130940626258
2023-09-14,1986,1492,0.7208423326133909,1500,439,22,0.5471892728210418,0.7735946364105208,1180,259,9,0.6400277970813064,8.149206344739985,13.980502945113116
2023-09-15,1983,1532,0.7214193270060397,584,1346,39,-0.39481865284974094,0.30259067357512953,428,1011,17,-0.40514246004169563,-11.798501526356143,-7.6347628653363335
2023-09-18,1995,1486,0.718008972441786,875,1049,41,-0.09043659043659044,0.45478170478170477,629,802,16,-0.12089447938504543,-13.575696127854025,-11.865242286111421
2023-09-19,1988,1470,0.7200642054574639,759,1182,33,-0.21792890262751158,0.3910355486862442,556,856,14,-0.21246458923512748,-21.401934641041503,-20.00148147194767
2023-09-20,1998,1483,0.7182108626198083,761,1170,45,-0.2118073537027447,0.39409632314862764,500,906,19,-0.2887624466571835,-27.680281450373247,-30.672851439580725
2023-09-21,1998,1491,0.7220691117235531,266,1704,12,-0.7299492385786802,0.1350253807106599,183,1243,4,-0.7433380084151473,-58.81696080889681,-62.37228659260727
2023-09-22,1993,1463,0.7226836371480962,903,1042,35,-0.07146529562982006,0.46426735218508997,617,781,17,-0.11731044349070101,-52.22053970894695,-57.86206396925962
2023-09-25,2000,1471,0.722952045284631,1005,946,29,0.030240902101486417,0.5151204510507432,793,608,10,0.13204853675945752,-41.234187083379766,-41.24856429394315
2023-09-26,1997,1501,0.7231263383297645,243,1718,20,-0.7521672616012238,0.12391636919938807,168,1252,8,-0.7633802816901408,-70.75509283823845,-71.60922017255776
2023-09-27,1999,1500,0.7214636227864305,1075,869,38,0.10596707818930041,0.5529835390946503,816,620,16,0.13649025069637882,-52.734974804925216,-52.21600822858449
2023-09-28,2004,1522,0.7218472088288868,1339,628,22,0.3614641586171835,0.6807320793085918,1023,424,9,0.41395991706979957,-24.28924499102361,-21.50024865667338
2023-09-29,2001,1527,0.7194023524425135,838,1116,37,-0.14227226202661208,0.428863868986694,577,870,23,-0.20248790601243952,-25.033520807372394,-25.95316413351799
2023-10-02,1999,1550,0.726707408598692,335,1633,13,-0.6595528455284553,0.17022357723577236,231,1233,9,-0.6844262295081968,-51.4087382014059,-53.727557220340394
2023-10-03,2004,1525,0.7239335238700116,339,1630,15,-0.6556627729812088,0.17216861350939563,265,1205,8,-0.6394557823129252,-73.5080017549352,-74.95750316370828
2023-10-04,2003,1495,0.7267299285638128,1224,742,25,0.2451678535096643,0.6225839267548321,902,542,13,0.24930747922437674,-46.99380075988442,-48.29615635260417
2023-10-05,1996,1477,0.728161668839635,912,1040,32,-0.06557377049180328,0.4672131147540984,694,717,13,-0.01630049610205528,-39.62627110538998,-38.53962281366874
2023-10-06,1997,1503,0.7292210617928634,1349,599,30,0.38501026694045176,0.6925051334702259,1025,386,18,0.4528703047484054,-10.599700023657524,-6.546548481287578
2023-10-09,1992,1453,0.7300774010683527,1315,634,26,0.3494099538224731,0.6747049769112365,932,466,13,0.3333333333333333,12.491001095443085,14.863414244551155
2023-10-10,2005,1479,0.7252996436669906,1461,499,24,0.49081632653061225,0.7454081632653061,1067,321,15,0.537463976945245,39.241414182203854,43.3011474845161
2023-10-11,2003,1449,0.7289163148208293,1217,743,32,0.24183673469387756,0.6209183673469387,867,516,16,0.25379609544468545,49.467830708636555,53.21550959223558
2023-10-12,1998,1480,0.730748284500599,256,1712,21,-0.7398373983739838,0.13008130081300814,177,1206,10,-0.7440347071583514,8.88037103180027,11.534671516222707
2023-10-13,2004,1456,0.7274214659685864,700,1246,41,-0.2805755395683453,0.3597122302158273,511,883,14,-0.266857962697274,-2.903215906771839,-0.30128117329554505
2023-10-16,2000,1469,0.7312574590430726,1519,442,24,0.549209586945436,0.774604793472718,1165,227,8,0.6738505747126436,28.525589665971932,36.615912553528716
2023-10-17,2012,1522,0.7291891891891892,1246,721,26,0.2669039145907473,0.6334519572953736,987,418,15,0.40498220640569393,41.13930686460356,54.55361521184833
2023-10-18,2000,1487,0.7290793855408744,295,1679,20,-0.7011144883485309,0.14944275582573455,196,1233,12,-0.7256822953114066,3.317418388146684,13.084357822797331
2023-10-19,2008,1513,0.7334624072281382,333,1636,22,-0.6617572371762316,0.1691213814118842,232,1201,6,-0.6762037683182135,-27.06902079254972,-19.96335268429561
2023-10-20,2002,1518,0.7329514751972334,470,1489,32,-0.520163348647269,0.23991832567636548,322,1122,17,-0.554016620498615,-45.83438676163426,-42.00997101345866
2023-10-23,2004,1522,0.7325631151048353,562,1398,24,-0.42653061224489797,0.286734693877551,406,1046,12,-0.44077134986225897,-56.967965911274845,-54.98751629800798
2023-10-24,2003,1503,0.7326366209449162,1311,653,21,0.335030549898167,0.6675152749490835,931,509,11,0.29305555555555557,-28.124278147507898,-29.117034663916893
2023-10-25,1996,1515,0.7291242362525459,458,1504,21,-0.5331294597349643,0.23343527013251783,340,1103,13,-0.5287595287595288,-46.730304200406195,-47.94294190920365
2023-10-26,2000,1507,0.7317827803264696,1077,872,31,0.10518214468958441,0.5525910723447922,817,627,16,0.13157894736842105,-30.489224733404775,-30.78245408798032
2023-10-27,2004,1508,0.72163195920102,514,1438,36,-0.4733606557377049,0.26331967213114754,340,1097,17,-0.5267919276270007,-45.37779568681599,-48.87486848016556
2023-10-30,2000,1495,0.729565124479111,1398,562,26,0.42653061224489797,0.713265306122449,1022,419,10,0.41845940319222763,-12.886071474418365,-16.83694190212169
2023-10-31,2007,1495,0.7270786636780873,1360,596,32,0.39059304703476483,0.6952965235173824,993,429,14,0.39662447257383965,13.161904824047028,9.547923500697026
2023-11-01,2012,1537,0.7297641810070108,1341,636,22,0.3566009104704097,0.6783004552352049,934,502,13,0.3008356545961003,33.667508206896954,27.26980290371658
2023-11-02,2014,1560,0.7304347826086957,1763,222,14,0.7763224181360201,0.8881612090680101,1306,179,5,0.7589225589225589,72.01753694147968,65.19000599510265
2023-11-03,2014,1570,0.7324033649238633,1649,339,10,0.6589537223340041,0.829476861167002,1242,254,3,0.660427807486631,98.57828903473971,92.36109203646582
2023-11-06,2019,1509,0.7315896666309358,534,1446,20,-0.46060606060606063,0.2696969696969697,384,1075,10,-0.4736120630568883,64.81685148230011,58.42857161447306
2023-11-07,2002,1517,0.7332976445396145,819,1153,23,-0.16937119675456389,0.41531440162271804,569,878,12,-0.21354526606772634,50.18848131012758,42.127463645054966
2023-11-08,2011,1527,0.7358693316140125,748,1204,38,-0.2336065573770492,0.3831967213114754,526,925,19,-0.2749827705031013,34.218514375245164,24.907503791208473
2023-11-09,2012,1528,0.7413437533919461,527,1447,23,-0.46605876393110435,0.2669706180344478,403,1065,6,-0.45095367847411444,8.770489746341717,1.2613551986630223
2023-11-10,2002,1514,0.737137916126243,1435,531,24,0.4598168870803662,0.7299084435401831,1075,384,5,0.4736120630568883,33.26235879047109,27.265878452593483
2023-11-13,2009,1494,0.7382875605815832,932,1029,29,-0.049464558898521166,0.4752677205507394,658,773,12,-0.0803633822501747,28.57252273030498,21.66464417708791
2023-11-14,2018,1597,0.7333685880486515,1862,126,10,0.8732394366197183,0.9366197183098591,1391,78,4,0.8938053097345132,70.5550500611234,65.47570024987961
2023-11-15,2012,1553,0.7380774565240584,1094,876,31,0.11065989847715736,0.5553299492385787,855,652,13,0.13470471134704712,67.96835877153947,64.65174477149381
2023-11-16,2007,1538,0.7376274825550188,698,1265,29,-0.2888436067244014,0.35557819663779927,448,1028,12,-0.39295392953929537,45.441720665009605,37.24107206929935
2023-11-17,2006,1513,0.7395844664418579,1427,540,21,0.4509405185561769,0.7254702592780885,1076,377,11,0.48107364074328973,62.94344274463043,57.32012006270584
2023-11-20,2011,1521,0.7360136141246544,1248,706,37,0.2773797338792221,0.638689866939611,927,501,22,0.29831932773109243,68.91465867513534,65.06338984614501
2023-11-21,2008,1502,0.7356691310403943,614,1336,42,-0.37025641025641026,0.3148717948717949,449,992,15,-0.37682165163081194,41.29366779555975,37.60151959365955
2023-11-22,2011,1483,0.7356383549876516,1313,643,39,0.3425357873210634,0.6712678936605317,977,444,19,0.3750879662209711,53.11086213341849,51.52909382240534
2023-11-24,1982,1282,0.7509132420091325,1443,493,39,0.490702479338843,0.7453512396694215,924,321,16,0.4843373493975904,70.35734358250961,68.64199347770192
2023-11-27,2013,1519,0.7313860860329262,777,1167,31,-0.2006172839506173,0.39969135802469136,491,765,12,-0.21815286624203822,50.18531033909695,47.80580193361056
2023-11-28,2010,1528,0.7367349126380105,924,1034,39,-0.056179775280898875,0.47191011235955055,663,783,23,-0.08298755186721991,39.90917079776957,36.510094872485304
2023-11-29,2018,1534,0.7407407407407407,1255,721,24,0.2702429149797571,0.6351214574898786,911,556,12,0.2419904567143831,47.2446601489786,42.91861528994094
2023-11-30,2015,1541,0.7354838709677419,1197,775,34,0.21399594320486814,0.6069979716024341,925,540,17,0.2627986348122867,50.46793165477298,49.223716075310996
2023-12-01,2020,1587,0.7422350304194685,1756,228,23,0.7701612903225806,0.8850806451612904,1332,167,6,0.7771847898599066,80.77975648983895,80.08776641880682
2023-12-04,2012,1581,0.7373705347706616,1056,927,23,0.06505295007564296,0.5325264750378215,866,657,10,0.1372291529875246,71.03705092902426,74.07830878678261
2023-12-05,2013,1565,0.7390243902439024,530,1447,23,-0.46383409205867476,0.2680829539706626,328,1184,12,-0.5661375661375662,35.90750031316671,33.40149501121348
2023-12-06,2017,1565,0.7398002549936251,942,1029,32,-0.0441400304414003,0.4779299847792998,709,792,18,-0.0552964690206529,26.6769001159064,23.997866613891457
2023-12-07,2017,1564,0.7395556500478367,1277,700,28,0.29185634800202326,0.6459281740010117,980,532,10,0.2962962962962963,35.45117136884046,33.41741326695913
2023-12-08,2012,1526,0.7413719185423365,1160,801,35,0.18306986231514533,0.5915349311575727,937,532,20,0.2756977535738598,37.33659314891099,40.274111452875374
2023-12-11,2014,1537,0.7410418226548294,1054,913,28,0.07168276563294357,0.5358413828164718,860,608,9,0.17166212534059946,33.192590971016664,40.73343643290636
2023-12-12,2014,1537,0.7392001710863987,898,1063,37,-0.08414074451810301,0.4579296277409485,687,784,16,-0.06594153636981645,21.692330646509593,29.042309023147542
2023-12-13,2024,1598,0.7436332767402377,1805,195,10,0.805,0.9025,1373,134,5,0.8221632382216324,56.20818364172865,63.30642227226046
2023-12-14,2028,1628,0.7415519399249061,1550,452,15,0.5484515484515484,0.7742257742257742,1201,350,9,0.5486782720825274,72.61077445700973,78.61145868193545
2023-12-15,2020,1596,0.7422987040577863,621,1377,17,-0.3783783783783784,0.3108108108108108,432,1116,9,-0.4418604651162791,39.93043939029366,41.77727065885756
2023-12-18,2016,1584,0.739652448657188,987,994,26,-0.0035335689045936395,0.49823321554770317,790,738,14,0.034031413612565446,30.53134118498918,33.869747482273894
2023-12-19,2030,1596,0.7425500212856535,1633,348,29,0.6486622917718324,0.8243311458859162,1284,244,15,0.680628272251309,54.95224854735023,59.26930936082067
2023-12-20,2027,1616,0.7455441392325435,315,1683,21,-0.6846846846846847,0.15765765765765766,182,1361,14,-0.7640959170447181,8.890014276606294,8.45337875537272
2023-12-21,2024,1562,0.7479726845924028,1614,371,25,0.6261964735516373,0.8130982367758186,1296,229,10,0.699672131147541,35.00641181555331,38.151893603550796
2023-12-22,2023,1549,0.7484478698351531,1333,639,38,0.35192697768762676,0.6759634888438134,1007,477,22,0.35714285714285715,43.447424859074715,46.226900630491116
2023-12-26,2016,1540,0.7469168900804289,1504,473,29,0.5214972180070815,0.7607486090035407,1163,302,16,0.5877133105802048,58.92576590296289,64.42841980724003
2023-12-27,2018,1554,0.7462181318100074,1143,828,32,0.1598173515981735,0.5799086757990868,833,638,17,0.13256288239293,53.781125345527066,56.911055194960426
2023-12-28,2023,1547,0.7439165701042874,875,1097,35,-0.11257606490872211,0.44371196754563896,674,801,18,-0.08610169491525424,35.493881216847015,39.26592431007733
2023-12-29,2021,1576,0.7455291394908479,530,1445,33,-0.46329113924050636,0.2683544303797468,346,1136,19,-0.5330634278002699,2.145064364152127,1.634921137701112
2024-01-02,2022,1571,0.7511926216474081,893,1086,28,-0.09752400202122284,0.4512379989893886,643,844,17,-0.1351714862138534,-8.090542505758581,-10.653164101048231
2024-01-03,2017,1582,0.7507711945537708,513,1471,23,-0.48286290322580644,0.25856854838709675,322,1193,13,-0.574917491749175,-36.06847872723262,-43.09351143643976
2024-01-04,2021,1547,0.7507274490785645,982,992,30,-0.005065856129685917,0.49746707193515705,747,748,16,-0.0006688963210702341,-35.91941944815075,-41.902111079612084
2024-01-05,2015,1553,0.75365141187926,1096,865,44,0.11779704232534421,0.5588985211626721,838,637,25,0.13627118644067795,-29.46923174454349,-33.82694908103895
2024-01-08,2013,1560,0.748417551764832,1481,495,24,0.49898785425101216,0.7494939271255061,1132,367,7,0.5103402268178786,-4.747434502953174,-8.050098807993692
2024-01-09,2017,1541,0.7563435263500325,499,1463,38,-0.49133537206931704,0.2543323139653415,329,1158,15,-0.5574983187626092,-33.10272200489514,-39.362568609524416
2024-01-10,2020,1510,0.7567243820102363,1138,824,41,0.1600407747196738,0.5800203873598369,830,626,21,0.1401098901098901,-24.612171869581505,-31.0575070031606
2024-01-11,2010,1532,0.7516488269002054,730,1215,49,-0.2493573264781491,0.37532133676092544,529,919,29,-0.26933701657458564,-37.69959570443159,-44.27373712892752
2024-01-12,2015,1505,0.7547925917903173,1024,941,27,0.042239185750636135,0.5211195928753181,711,746,8,-0.024021962937542895,-34.12101949326698,-43.08649251896147
2024-01-16,2023,1548,0.7509793541556379,425,1551,26,-0.569838056680162,0.21508097165991902,322,1136,9,-0.5582990397805213,-61.49459385679481,-68.5698197569946
2024-01-17,2012,1525,0.753895754970446,449,1523,30,-0.5446247464503042,0.22768762677484786,323,1152,12,-0.5620338983050848,-83.33086145683426,-90.20195837295614
2024-01-18,2017,1524,0.7557524035864751,1191,776,27,0.21098118962887646,0.6054905948144382,924,535,11,0.26662097326936257,-63.80391914362477,-66.81368351901611
2024-01-19,2019,1547,0.7543745949449125,1368,606,28,0.3860182370820669,0.6930091185410334,1052,424,14,0.4254742547425474,-38.03751149745301,-38.53997602764305
2024-01-22,2019,1536,0.7515977844056242,1494,491,18,0.5052896725440806,0.7526448362720403,1117,365,10,0.5074224021592443,-9.85347362938821,-10.075848871546032
2024-01-23,2015,1531,0.7549125458864177,907,1048,45,-0.0721227621483376,0.4639386189258312,688,778,16,-0.061391541609822645,-14.57747561866677,-14.12933809717869
2024-01-24,2015,1535,0.7555318011758418,795,1172,30,-0.1916624300965938,0.4041687849517031,508,958,13,-0.3069577080491132,-24.520593338819417,-29.80273301657325
2024-01-25,2023,1528,0.7568762808758495,1490,486,27,0.5080971659919028,0.7540485829959515,1115,352,15,0.520109066121336,2.088623781568995,-1.7011332990502712
2024-01-26,2014,1483,0.75610543302851,1115,833,50,0.14476386036960986,0.5723819301848049,861,566,25,0.20672740014015417,6.6623960194786,6.665156826868038
2024-01-29,2017,1504,0.7543540976600064,1448,523,22,0.46930492135971585,0.7346524606798579,1045,383,11,0.4635854341736695,26.76671235229923,26.62791080206961
2024-01-30,2023,1494,0.7563386334336055,875,1091,36,-0.10986775178026449,0.44506612410986773,612,825,12,-0.14822546972860126,14.863435598100342,12.972380701743079
2024-01-31,2032,1574,0.7578265945028123,411,1573,30,-0.5856854838709677,0.20715725806451613,216,1241,11,-0.7035003431708992,-19.17906980926537,-26.53170310965972
2024-02-01,2019,1538,0.7574204569720264,1554,436,19,0.5618090452261306,0.7809045226130653,1176,322,9,0.5700934579439252,9.185209871338202,3.5046538028804046
2024-02-02,2018,1542,0.7572587532023911,630,1330,36,-0.35714285714285715,0.32142857142857145,515,961,19,-0.3021680216802168,-12.556852169551831,-14.444858287119295
2024-02-05,2016,1527,0.7564034435115315,350,1625,24,-0.6455696202531646,0.17721518987341772,233,1238,10,-0.6832087015635622,-45.504869109180426,-48.77150082680071
2024-02-06,2022,1509,0.7615915462583567,1463,525,14,0.47183098591549294,0.7359154929577465,1062,393,5,0.45979381443298967,-17.577868938584096,-20.72679689426673
2024-02-07,2019,1525,0.7575432191560185,1000,968,34,0.016260162601626018,0.508130081300813,700,750,12,-0.034482758620689655,-16.390935613724658,-21.358769700162803
2024-02-08,2020,1490,0.7607733016524463,1147,814,43,0.16981132075471697,0.5849056603773585,890,548,17,0.23783031988873435,-7.616595035246667,-8.176658675231929
2024-02-09,2020,1492,0.7585612750376911,1246,712,38,0.2727272727272727,0.6363636363636364,915,516,13,0.27882599580712786,5.0693467331560385,5.184713340379801
2024-02-12,2028,1536,0.7563829787234042,1554,430,24,0.5665322580645161,0.7832661290322581,1147,307,10,0.5777166437414031,30.580729478336746,31.52729524373969
2024-02-13,2018,1587,0.7588304343186426,148,1851,9,-0.8519259629814907,0.07403701850925462,108,1402,3,-0.856953642384106,-18.682852974225778,-17.84094801138175
2024-02-14,2018,1527,0.7609798208697529,1585,393,22,0.60262891809909,0.801314459049545,1211,274,7,0.630976430976431,12.01794234773343,14.43491241357317
2024-02-15,2021,1553,0.7598272138228942,1678,295,22,0.7009630005068423,0.8504815002534212,1266,219,7,0.705050505050505,43.12373675665751,45.66230221854546
2024-02-16,2017,1523,0.7601683029453016,634,1331,31,-0.35470737913486006,0.32264631043256997,494,977,15,-0.3283480625424881,16.72005331041919,20.463480611054393
2024-02-20,2018,1528,0.7573155216284987,703,1269,24,-0.2870182555780933,0.3564908722109533,490,977,10,-0.3319700068166326,-2.5542401248283344,-1.3649264801129657
2024-02-21,2024,1524,0.7640557939914163,1072,885,42,0.09555442003065917,0.5477772100153296,823,636,23,0.1281699794379712,0.10764396909679341,2.9856094020696973
2024-02-22,2024,1547,0.764712164904411,1177,786,39,0.19918492103922567,0.5995924605196128,900,574,13,0.22116689280868385,7.564541699985612,11.340235202861155
2024-02-23,2033,1524,0.7585318737926594,1175,777,55,0.2038934426229508,0.6019467213114754,886,582,17,0.20708446866485014,14.137792630581888,17.722617879331867
2024-02-26,2033,1534,0.758444326052211,749,1233,36,-0.24419778002018164,0.37790110998990917,573,883,15,-0.2129120879120879,-2.7173279190678272,2.0911141494707604
2024-02-27,2029,1535,0.7571656899307405,1206,776,32,0.21695257315842584,0.6084762865792129,953,519,11,0.29483695652173914,5.942648309507373,14.103175111383509
2024-02-28,2030,1517,0.7618638608546274,837,1133,41,-0.150253807106599,0.4248730964467005,588,870,15,-0.1934156378600823,-5.043104269859606,-0.10965836082907354
2024-02-29,2030,1542,0.7623371074556718,1385,599,31,0.3961693548387097,0.6980846774193549,1002,473,14,0.3586440677966102,12.91045089339636,15.34190259506793
2024-03-01,2026,1560,0.7627842425536457,1296,683,31,0.3097524002021223,0.6548762001010612,966,527,13,0.2940388479571333,23.87534057168386,25.246016707410696
2024-03-04,2034,1547,0.7571353343865193,925,1056,29,-0.06612821807168097,0.4669358909641595,730,775,10,-0.029900332225913623,14.336913630071086,17.390845180774356
2024-03-05,2035,1565,0.7620207583139166,782,1202,33,-0.21169354838709678,0.3941532258064516,576,920,14,-0.22994652406417113,-1.1683924889289778,0.5854097076835387
2024-03-06,2034,1546,0.7616668438396939,1416,568,33,0.4274193548387097,0.7137096774193549,1064,437,11,0.4177215189873418,17.53605790306094,18.597237482228106
2024-03-07,2030,1526,0.7606755895474825,1405,566,43,0.4256722475900558,0.7128361237950279,1050,428,12,0.4208389715832206,33.353327336264336,34.06023667184652
2024-03-08,2026,1550,0.7633287219325317,1030,946,36,0.04251012145748988,0.521255060728745,762,710,15,0.035326086956521736,27.552219758343615,27.835155564276086
2024-03-11,2024,1523,0.7602252204398173,997,968,39,0.014758269720101781,0.5073791348600509,739,733,16,0.004076086956521739,21.066919093560273,20.811035439481984
2024-03-12,2040,1547,0.7614639855303755,1063,907,40,0.07918781725888324,0.5395939086294417,803,659,20,0.09849521203830369,18.638129806641786,19.422313809674726
2024-03-13,2034,1554,0.764605906097302,1175,817,27,0.17971887550200802,0.589859437751004,889,608,8,0.18770875083500335,21.49487722944951,22.598522186976126
2024-03-14,2026,1572,0.7637609766545299,339,1649,22,-0.6589537223340041,0.170523138832998,272,1238,11,-0.6397350993377483,-18.103708001997738,-16.17100477000364
2024-03-15,2024,1536,0.7695619416639758,1127,839,43,0.14649033570701933,0.5732451678535097,858,630,20,0.1532258064516129,-11.597776932823974,-9.590050004903262
2024-03-18,2031,1469,0.7636344382081965,945,1032,31,-0.04400606980273141,0.4779969650986343,651,765,17,-0.08050847457627118,-15.502037259503831,-15.602097482112123
2024-03-19,2036,1515,0.7635135135135135,1324,653,40,0.33940313606474454,0.6697015680323722,959,450,16,0.36124911284599004,0.4077906408562204,1.4234917833979288
2024-03-20,2022,1553,0.7659415653657496,1569,407,37,0.5880566801619433,0.7940283400809717,1223,258,9,0.6515867656988521,26.44133174731972,30.49013578913515
2024-03-21,2034,1552,0.7648499041941665,1352,618,37,0.3725888324873096,0.6862944162436548,1043,455,10,0.3925233644859813,37.79441035087773,42.23649567445123
2024-03-22,2033,1520,0.7691311386940097,565,1419,34,-0.43044354838709675,0.2847782258064516,356,1112,11,-0.5149863760217984,7.16070146144511,6.692963872635252
2024-03-25,2036,1517,0.7679144385026738,882,1095,38,-0.10773899848254932,0.44613050075872535,685,762,17,-0.053213545266067724,-2.931695651099617,-0.6415790994940551
2024-03-26,2031,1536,0.7680511182108626,918,1065,31,-0.07413010590015129,0.4629349470499244,633,819,12,-0.128099173553719,-9.86559207494997,-10.653686859549705
2024-03-27,2039,1542,0.7707108498129343,1641,344,26,0.6534005037783376,0.8267002518891687,1269,214,8,0.7113958192852327,20.631784926957177,22.81397908184804
2024-03-28,2039,1573,0.7668080593849417,1356,623,37,0.370389085396665,0.6851945426983325,1040,447,24,0.39878950907868194,32.45331241986938,35.684448056006346
2024-04-01,2039,1549,0.7673981191222571,560,1437,20,-0.4391587381071607,0.2804206309464196,411,1093,5,-0.45345744680851063,1.9210606890186637,3.8979289942720348
2024-04-02,2040,1549,0.7706918505942275,495,1503,22,-0.5045045045045045,0.24774774774774774,373,1117,11,-0.4993288590604027,-27.46090816417097,-25.592605061076767
2024-04-03,2036,1539,0.7721278615887752,1194,803,24,0.1957936905358037,0.5978968452679019,917,570,5,0.23335574983187626,-17.43027724081185,-14.044818208480656
2024-04-04,2041,1566,0.7727030767592888,566,1426,30,-0.43172690763052207,0.28413654618473894,365,1121,13,-0.5087483176312247,-40.14296632345203,-41.20643973162363
2024-04-05,2044,1526,0.7734106529209622,1227,752,49,0.24002021222839817,0.620010106114199,969,508,17,0.3121191604603927,-25.774244664546107,-23.180220030671897
2024-04-08,2035,1525,0.7714285714285715,1219,764,39,0.22945032778618255,0.6147251638930913,909,543,16,0.25206611570247933,-13.888610644969601,-10.654553324100466
2024-04-09,2042,1507,0.7701492537313432,1183,805,33,0.19014084507042253,0.5950704225352113,884,561,11,0.2235294117647059,-5.622424640794835,-1.3186707202500618
2024-04-10,2051,1588,0.7728569918613254,275,1738,19,-0.726775956284153,0.1366120218579235,207,1272,7,-0.7200811359026369,-44.37256355175022,-40.510425123723856
2024-04-11,2037,1538,0.7739718672822936,1062,924,39,0.06948640483383686,0.5347432024169184,819,666,19,0.10303030303030303,-37.468951446958826,-32.66125106642833
2024-04-12,2037,1542,0.7738273720282716,220,1777,19,-0.7796695042563846,0.11016524787180772,119,1362,4,-0.8392977717758271,-73.83681379463846,-72.90330473241504
2024-04-15,2042,1577,0.7719483816374022,320,1688,12,-0.6812749003984063,0.1593625498007968,247,1254,6,-0.6708860759493671,-99.64242184003243,-98.52515930184857
2024-04-16,2046,1592,0.7740226718932091,665,1335,23,-0.335,0.3325,470,1054,11,-0.38320209973753283,-103.89425958972383,-105.55502035161332
2024-04-17,2037,1544,0.7791121595539352,860,1121,39,-0.13175164058556285,0.43412417970721856,588,906,20,-0.21285140562248997,-96.8476915970395,-102.52024174165194
2024-04-18,2050,1542,0.7750539956803456,1034,945,47,0.0449722081859525,0.5224861040929762,808,666,18,0.09633649932157395,-81.50244506673343,-83.95350957422352
2024-04-19,2032,1553,0.777826039743729,1342,641,35,0.3535047907211296,0.6767523953605648,1032,456,10,0.3870967741935484,-52.54811793122921,-53.121172279602376
2024-04-22,2039,1552,0.7779208239459285,1473,510,26,0.4856278366111952,0.7428139183055976,1135,354,11,0.5245130960376091,-20.923275346213675,-19.623101939100252
2024-04-23,2046,1555,0.7776694823478449,1635,362,26,0.6374561842764146,0.8187280921382073,1203,279,15,0.6234817813765182,13.811998823966654,14.06429797867002
2024-04-24,2032,1555,0.775709027928123,794,1183,39,-0.19676277187658067,0.4016186140617097,641,854,14,-0.14247491638795987,1.7306504377012357,4.498868530246353
2024-04-25,2034,1546,0.7789977171431678,667,1317,26,-0.3276209677419355,0.33618951612903225,563,919,19,-0.24021592442645073,-15.150465478011947,-8.589118392731658
2024-04-26,2046,1519,0.7808951965065503,1316,675,28,0.3219487694625816,0.6609743847312908,940,523,13,0.28503075871496925,2.9704196016691946,6.5259325371568
2024-04-29,2050,1537,0.7780516557710856,1373,617,40,0.3798994974874372,0.6899497487437186,998,466,19,0.3633879781420765,21.34646064803101,23.334532390881012
2024-04-30,2054,1548,0.7781336749946616,313,1694,29,-0.6880916791230692,0.15595416043846538,198,1289,12,-0.7336919973100202,-16.448315391095118,-17.264786168744028
2024-05-01,2040,1562,0.7825201072386059,1213,788,27,0.21239380309845077,0.6061969015492253,846,647,13,0.1332886805090422,-3.656333216516484,-8.541845715426598
2024-05-02,2045,1549,0.7828441459980505,1505,487,29,0.5110441767068273,0.7555220883534136,1131,357,11,0.5201612903225806,22.231611889249663,18.30260809141386
2024-05-03,2043,1537,0.7788028320102982,1488,514,21,0.4865134865134865,0.7432567432567433,1070,411,10,0.4449696151249156,43.02811238556643,37.40351929592213
2024-05-06,2055,1528,0.7766319370614502,1550,442,35,0.5562248995983936,0.7781124497991968,1142,338,13,0.5432432432432432,64.0795504022348,58.46146218521346
2024-05-07,2051,1547,0.7789485001612729,1148,858,27,0.14456630109670987,0.5722831505483549,833,645,14,0.12719891745602166,61.17520222939088,55.371479755270414
2024-05-08,2051,1547,0.7776580846709038,983,1023,28,-0.019940179461615155,0.4900299102691924,737,758,11,-0.014046822742474917,50.16078450254613,45.39040036896794
2024-05-09,2048,1543,0.7812770562770562,1498,502,36,0.498,0.749,1137,347,14,0.532345013477089,66.3896623966619,63.94921730281268
2024-05-10,2048,1540,0.7815171518233958,884,1103,44,-0.11021640664318068,0.44489179667840967,687,790,16,-0.06973595125253892,49.52258435198854,49.393211458254456
2024-05-13,2043,1542,0.7767124746990519,978,1012,37,-0.017085427135678392,0.4914572864321608,716,769,13,-0.03569023569023569,39.51016867740799,38.40314618198107
2024-05-14,2052,1546,0.7804721030042918,1343,662,24,0.3396508728179551,0.6698254364089775,1057,426,11,0.42548887390424817,48.588817429936256,51.87358011958161
2024-05-15,2056,1552,0.7779556124626548,1369,644,25,0.3601589667163438,0.6800794833581719,960,527,14,0.29119031607262946,57.13352272111767,56.41650534405124
2024-05-16,2055,1541,0.77708845865868,876,1126,42,-0.12487512487512488,0.43756243756243757,639,843,17,-0.13765182186234817,39.90187355189877,38.57651698750364
2024-05-17,2053,1512,0.7785075912565952,1099,882,55,0.10954063604240283,0.5547703180212014,810,647,21,0.11187371310912834,36.69009219033348,35.606721106291744
2024-05-20,2053,1544,0.7790635948614503,952,1043,36,-0.0456140350877193,0.47719298245614034,683,780,11,-0.06630211893369788,26.002835108737397,23.980720420182802
2024-05-21,2057,1541,0.777137367915466,955,1052,27,-0.04833084205281515,0.47583457897359244,669,806,10,-0.0928813559322034,16.59937578017426,12.591624381533482
2024-05-22,2060,1550,0.777472236911687,542,1469,33,-0.460964694181999,0.2695176529090005,412,1065,15,-0.44211238997968855,-12.155271431107277,-14.670562555793625
2024-05-23,2061,1566,0.7801041555957062,305,1727,12,-0.6998031496062992,0.1500984251968504,223,1276,6,-0.7024683122081388,-48.62164121081247,-50.92417568585184
2024-05-24,2061,1509,0.7836659033911242,1438,569,39,0.43298455406078723,0.7164922770303936,1042,414,23,0.43131868131868134,-22.917893983052032,-24.977044357281358
2024-05-28,2069,1591,0.780283778060144,679,1344,29,-0.328719723183391,0.3356401384083045,528,950,9,-0.2855209742895805,-38.9118144956105,-38.509344629980276
2024-05-29,2063,1566,0.7805321081312105,300,1735,17,-0.7051597051597052,0.14742014742014742,220,1296,12,-0.7097625329815304,-71.21405656018564,-71.09899257458545
2024-05-30,2053,1545,0.7821211150272349,1513,491,35,0.5099800399201597,0.7549900199600799,1141,346,14,0.5346334902488231,-37.71941598860323,-36.38784544283227
2024-05-31,2071,1566,0.7804801010739103,1597,436,15,0.5710772257747172,0.7855386128873586,1171,321,9,0.5697050938337802,-5.838041927229372,-4.774295238721284
2024-06-03,2069,1583,0.7771434502802574,867,1160,30,-0.14454859398125308,0.42772570300937346,540,966,16,-0.28286852589641437,-14.331567882917088,-20.34951932452251
2024-06-04,2063,1555,0.7787930301742456,710,1305,34,-0.29528535980148884,0.3523573200992556,446,1065,14,-0.40966247518199866,-29.05871302662729,-39.904285785539166
2024-06-05,2057,1555,0.7776001705029838,1353,657,31,0.34626865671641793,0.673134328358209,993,497,16,0.33288590604026846,-9.427427733471037,-19.296670619667346
2024-06-06,2065,1530,0.7831376734258271,875,1121,47,-0.12324649298597194,0.43837675350701405,627,844,20,-0.14751869476546567,-16.071299154274577,-25.60090634003532
2024-06-07,2054,1517,0.7791916167664671,543,1473,24,-0.46130952380952384,0.2693452380952381,364,1100,10,-0.5027322404371585,-38.57460426446783,-48.623700632834385
2024-06-10,2059,1535,0.7789126502819449,1051,947,38,0.05205205205205205,0.526026026026026,785,670,20,0.07903780068728522,-31.95397831928193,-38.97656919379125
2024-06-11,2066,1525,0.7810296945097202,731,1269,44,-0.269,0.3655,476,983,23,-0.3474982864976011,-42.18617584715418,-51.86019332668472
2024-06-12,2066,1563,0.7787758512638395,1420,606,26,0.40177690029615004,0.700888450148075,1002,478,15,0.35405405405405405,-17.184928839441675,-27.53877396609246
2024-06-13,2053,1529,0.781319970146071,617,1394,29,-0.3863749378418697,0.30681253107906514,419,1064,13,-0.4349291975724882,-35.13052991055126,-46.05542912428273
2024-06-14,2059,1531,0.7814207650273224,438,1567,29,-0.5630922693266833,0.21845386533665836,293,1178,11,-0.601631543167913,-59.13423275103788,-69.99200941868523
2024-06-17,2067,1544,0.7768015897918628,1219,785,39,0.21656686626746507,0.6082834331337326,964,510,15,0.30800542740841247,-40.37877073619134,-44.62597699448967
2024-06-18,2065,1542,0.7826594502812267,1089,923,38,0.08250497017892644,0.5412524850894632,806,670,16,0.0921409214092141,-30.844051664243512,-33.508114686789945
2024-06-20,2066,1554,0.7805209749973847,978,1023,48,-0.022488755622188907,0.48875562218890556,773,703,24,0.04742547425474255,-27.78733288946268,-26.0705741979963
2024-06-21,2063,1548,0.7852413498504912,990,1028,28,-0.018830525272547076,0.4905847373637265,730,755,12,-0.016835016835016835,-24.851990155095656,-22.794148763575723
2024-06-24,2070,1549,0.7846849689702324,1420,591,36,0.41223272003978123,0.7061163600198906,1073,401,15,0.4559023066485753,-0.6648499008199578,3.7580319008513565
2024-06-25,2053,1528,0.7811244979919679,649,1369,26,-0.35678889990089196,0.321605550049554,391,1092,5,-0.4726904922454484,-18.432601730943794,-19.988283735268933
2024-06-26,2061,1548,0.7858885941644562,881,1117,43,-0.11811811811811812,0.44094094094094094,626,853,17,-0.1534820824881677,-21.598327447906268,-24.231021697611403
2024-06-27,2065,1536,0.7852277564921243,1278,735,34,0.2697466467958271,0.6348733233979136,910,574,17,0.22641509433962265,-4.803793052972389,-8.742548705536638
2024-06-28,2071,1601,0.7859934509348262,1215,801,35,0.20535714285714285,0.6026785714285714,897,600,20,0.19839679358717435,6.360077623026726,3.142893408592553
2024-07-01,2067,1578,0.7878978224455612,593,1435,23,-0.4151873767258383,0.29240631163708086,408,1121,9,-0.46631785480706345,-15.15383931625822,-19.946500470581835
2024-07-02,2065,1540,0.78788522848034,1319,689,37,0.3137450199203187,0.6568725099601593,975,524,11,0.3008672448298866,2.9741507295422913,-1.228944753075535
2024-07-03,2054,1425,0.7951400239729759,1288,714,36,0.2867132867132867,0.6433566433566433,858,534,15,0.23275862068965517,17.107124804702416,11.375278902146162
2024-07-05,2063,1520,0.7892491467576792,816,1187,33,-0.18522216674987518,0.4073889166250624,521,862,14,-0.24656543745480838,5.5085093417827204,-1.8711891743731952
2024-07-08,2063,1537,0.7832211942809083,1131,871,41,0.12987012987012986,0.564935064935065,845,618,13,0.15516062884483936,11.318765405277718,6.898739881057008
2024-07-09,2063,1523,0.7754506616651037,761,1255,28,-0.24503968253968253,0.3774801587301587,512,959,7,-0.3038749150237933,-2.5155501079510687,-8.589241669387091
2024-07-10,2072,1525,0.787894904797362,1541,476,33,0.5280118988596926,0.7640059494298463,1124,333,12,0.5428963623884695,24.32126694874683,20.55004418394328
2024-07-11,2065,1592,0.7866624525916561,1757,287,12,0.7191780821917808,0.8595890410958904,1310,174,7,0.7654986522911051,56.7034483640842,56.49149786275282
2024-07-12,2069,1560,0.7862984599044078,1521,488,43,0.514186162269786,0.7570930811348929,1165,350,19,0.5379537953795379,73.8571002362775,75.56174042324285
2024-07-15,2068,1606,0.7877870563674322,1199,832,19,0.18069916297390448,0.5903495814869523,957,568,11,0.25508196721311477,71.47983712102733,77.34539770202444
2024-07-16,2068,1621,0.7895793701120271,1665,367,20,0.6387795275590551,0.8193897637795275,1356,213,6,0.7284894837476099,91.9938962011408,102.15407351359735
2024-07-17,2069,1612,0.791957671957672,867,1154,32,-0.14200890648193965,0.4289955467590302,696,870,15,-0.1111111111111111,70.03402553158239,80.87469122198817
2024-07-18,2075,1592,0.7878819699674472,405,1632,23,-0.6023564064801178,0.19882179675994108,301,1250,9,-0.6118633139909736,27.890790981543123,37.23883576255923
2024-07-19,2061,1569,0.7912301544443244,652,1357,40,-0.350920856147337,0.3245395719263315,469,1046,20,-0.3808580858085809,4.290649002990886,11.294246575054345
2024-07-22,2068,1559,0.7875118458460566,1531,475,36,0.5264207377866401,0.7632103688933201,1158,325,22,0.5616992582602832,27.958154063012607,36.183018790305596
2024-07-23,2069,1572,0.7892671545232792,1069,948,33,0.05999008428358949,0.5299950421417947,792,708,12,0.056,24.73254744386359,31.997041027379726
2024-07-24,2064,1563,0.7919831223628692,335,1694,22,-0.6697880729423361,0.16510596352883194,271,1240,11,-0.6412971542025149,-14.637916814024408,-6.606812875184536
2024-07-25,2069,1561,0.7888572333016778,1321,698,28,0.30856859831599803,0.654284299157999,968,534,16,0.28894806924101196,0.6913593924681785,6.9321872746752815
2024-07-26,2061,1544,0.7895746722097857,1660,358,27,0.645193260654113,0.8225966303270565,1250,248,13,0.6688918558077437,30.62566686896276,37.47056079476864
2024-07-29,2074,1547,0.789873417721519,849,1158,34,-0.15396113602391628,0.42301943198804187,638,858,11,-0.14705882352941177,16.108651593119333,22.595983383616847
2024-07-30,2063,1568,0.7908336877924288,1252,760,40,0.24453280318091453,0.6222664015904572,926,565,16,0.2421193829644534,23.540757234549154,29.224150104857237
2024-07-31,2078,1586,0.7896450325561857,1324,692,36,0.3134920634920635,0.6567460317460317,961,552,15,0.2703238598810311,33.22546678735635,36.15533574682237
2024-08-01,2076,1606,0.7932884494003787,512,1532,17,-0.49902152641878667,0.25048923679060664,299,1244,6,-0.6124432922877512,0.7140866255272229,-2.237634816470671
2024-08-02,2077,1601,0.790426638917794,422,1621,19,-0.5868820362212432,0.20655898188937835,275,1278,5,-0.6458467482292337,-31.47973933608715,-36.722609271078
2024-08-05,2087,1631,0.7876177930894721,143,1917,7,-0.8611650485436894,0.06941747572815533,121,1440,5,-0.8449711723254324,-72.56221245270933,-75.97987058822181
2024-08-06,2083,1595,0.7919749869723814,1411,634,25,0.3799511002444988,0.6899755501222494,1030,528,10,0.32220795892169446,-45.26910846574832,-50.8059730990823
2024-08-07,2063,1589,0.7927946908248182,806,1220,28,-0.20434353405725567,0.39782823297137215,517,1017,12,-0.3259452411994785,-50.92189072965564,-61.43592088643127
2024-08-08,2063,1564,0.7934401868166862,1663,359,21,0.6449060336300693,0.8224530168150346,1307,218,4,0.7140983606557377,-13.037931727281883,-18.215166547421667
2024-08-09,2068,1543,0.8001737619461338,1048,958,39,0.0448654037886341,0.522432701894317,752,739,16,0.008718980549966466,-10.583988613687664,-16.439314760119913
2024-08-12,2075,1532,0.7944684893909004,681,1342,28,-0.3267424616905586,0.33662876915472073,474,1003,13,-0.35815842924847663,-27.013340582455804,-33.182635398098476
2024-08-13,2076,1548,0.7958298052497883,1660,373,23,0.6330545991146089,0.8165272995573045,1229,257,9,0.6541049798115747,7.064483227418094,3.280909086422923
2024-08-14,2085,1529,0.7960695876288659,1130,894,37,0.116600790513834,0.558300395256917,806,668,15,0.09362279511533243,10.343009738684447,6.416725840444486
2024-08-15,2066,1537,0.7959794696321643,1633,408,16,0.6001959823615874,0.8000979911807937,1247,229,6,0.6897018970189702,37.27419444951143,38.86972063111259
2024-08-16,2072,1513,0.7931996138582001,1206,816,28,0.19287833827893175,0.5964391691394659,852,607,14,0.16792323509252913,39.74810420088814,40.33374947765619
2024-08-19,2079,1519,0.7936222057421337,1537,496,28,0.5120511559272012,0.7560255779636006,1132,330,11,0.5485636114911081,57.62319739972427,60.415844213991654
2024-08-20,2070,1491,0.7981995498874719,620,1395,44,-0.38461538461538464,0.3076923076923077,368,1064,15,-0.4860335195530726,27.78495907060126,25.554099440279476
2024-08-21,2073,1504,0.7951640391989774,1538,491,29,0.5160177427304091,0.7580088713652046,1117,315,11,0.5600558659217877,47.165996871137764,47.92400643529718
2024-08-22,2072,1499,0.7968899776334007,687,1328,35,-0.31811414392059556,0.3409429280397022,503,929,12,-0.29748603351955305,21.79435987369055,23.9335619117938
2024-08-23,2071,1538,0.7979213543340834,1824,216,15,0.788235294117647,0.8941176470588236,1310,140,6,0.8068965517241379,55.31011034341687,58.521193296823995
2024-08-26,2075,1539,0.7927603725656224,1089,919,48,0.0846613545816733,0.5423306772908366,777,688,21,0.06075085324232082,48.51082946651708,50.49372724044984
2024-08-27,2074,1478,0.793899688540436,822,1185,50,-0.18086696562032886,0.40956651718983555,564,866,15,-0.2111888111888112,29.17847415933508,29.780791904491092
2024-08-28,2081,1513,0.7974413646055437,708,1315,38,-0.30004943153732083,0.3499752842313396,484,940,17,-0.3202247191011236,6.544294705048206,6.470532837108273
2024-08-29,2081,1533,0.7985734057276695,1420,613,34,0.39695031972454503,0.6984751598622725,1017,443,10,0.39315068493150684,22.009337361200963,22.176678871941956
2024-08-30,2069,1511,0.7992692886309908,1373,667,23,0.346078431372549,0.6730392156862746,1021,442,13,0.39576213260423787,32.57830772780576,35.6251227210016
2024-09-03,2078,1566,0.7946605485452081,461,1573,22,-0.5467059980334317,0.22664700098328416,285,1200,7,-0.6161616161616161,-3.1873356176851804,-3.650770839950121
2024-09-04,2082,1531,0.8021152829190904,950,1087,27,-0.06725576828669612,0.46637211585665195,641,844,11,-0.1367003367003367,-9.778512512654741,-13.240342007300129
2024-09-05,2083,1527,0.801103214172059,810,1222,35,-0.20275590551181102,0.3986220472440945,530,925,15,-0.27147766323024053,-22.14008305654619,-28.112089971843073
2024-09-06,2076,1539,0.803946530872056,404,1630,28,-0.6027531956735497,0.19862340216322516,222,1240,11,-0.6963064295485636,-52.598389964377574,-61.928312347584225
2024-09-09,2078,1552,0.802020202020202,1300,720,39,0.2871287128712871,0.6435643564356436,934,543,14,0.26472579553148273,-33.883154993509685,-42.47992966310267
2024-09-10,2072,1551,0.803661278235735,989,1047,28,-0.02848722986247544,0.4857563850687623,671,828,14,-0.104736490993996,-33.49301045513822,-44.11227714582938
2024-09-11,2086,1547,0.8038465625332059,1129,896,37,0.11506172839506174,0.5575308641975308,801,687,16,0.07661290322580645,-25.81452390967807,-36.21990314684144
2024-09-12,2080,1522,0.8033379398320399,1566,464,36,0.5428571428571428,0.7714285714285715,1145,323,15,0.5599455040871935,2.269425429342817,-5.124193818903194
2024-09-13,2086,1531,0.8007026509102523,1694,352,20,0.6559139784946236,0.8279569892473119,1268,187,9,0.7429553264604811,31.922696768933,30.63874974424291
2024-09-16,2090,1532,0.7983947618544724,1386,648,38,0.36283185840707965,0.6814159292035398,1030,427,19,0.4138641043239533,42.46252427606073,44.608311635185224
2024-09-17,2081,1561,0.802536231884058,1236,796,38,0.21653543307086615,0.6082677165354331,910,565,19,0.23389830508474577,43.94694290646399,47.330955531804605
2024-09-18,2081,1566,0.8056320135507093,965,1055,46,-0.04455445544554455,0.4777227722772277,686,801,23,-0.0773369199731002,31.941891695105916,33.86040003286286
2024-09-19,2077,1566,0.804978813559322,1560,479,20,0.5301618440411967,0.7650809220205983,1173,332,4,0.5588039867109634,50.25367842525628,53.98081841530654
2024-09-20,2082,1573,0.8049456405883607,651,1381,29,-0.359251968503937,0.3203740157480315,460,1044,16,-0.3882978723404255,21.188297060151893,23.558779087649903
2024-09-23,2083,1536,0.8042098582610535,1138,892,38,0.12118226600985221,0.5605911330049261,865,606,19,0.1760707002039429,20.253166233376323,25.64857019428364
2024-09-24,2083,1541,0.8041758937045239,1222,815,31,0.19980363279332353,0.5999018163966617,867,603,10,0.17959183673469387,23.283431884489904,27.483155566021615
2024-09-25,2079,1515,0.8032192729986142,544,1490,32,-0.46509341199606685,0.26745329400196655,356,1110,12,-0.514324693042292,-7.486960382699956,-5.781516207821816
2024-09-26,2091,1547,0.8078303081468974,1299,740,31,0.2741539970573811,0.6370769985286905,968,495,16,0.3233082706766917,3.2041594834386067,7.687745192530349
2024-09-27,2085,1545,0.808970807585766,1305,743,30,0.2744140625,0.63720703125,942,531,17,0.2790224032586558,12.342049443700834,16.951231592967005
2024-09-30,2094,1574,0.80275990869475,1149,902,26,0.12042905899561189,0.5602145294978059,800,669,18,0.08917631041524847,12.393984937287133,15.294451665205141
2024-10-01,2094,1568,0.8099467140319716,779,1286,17,-0.24552058111380146,0.37723970944309926,517,985,9,-0.31158455392809586,-5.921062145853681,-6.236610648524488
2024-10-02,2094,1519,0.8120826709062003,918,1129,33,-0.10307767464582315,0.4484611626770884,678,779,18,-0.06932052161976665,-14.428676767810899,-12.501284258104247
2024-10-03,2081,1519,0.8116800677105375,662,1387,22,-0.3538311371400683,0.32308443142996585,459,993,11,-0.3677685950413223,-34.168217010457525,-32.717477444082206
2024-10-04,2091,1525,0.8125,1415,634,19,0.38116154221571497,0.6905807711078575,1056,399,7,0.4515463917525773,-14.125048865078933,-8.872985891177958
2024-10-07,2091,1525,0.808747143153958,562,1490,24,-0.4522417153996101,0.27387914230019494,394,1065,9,-0.4599040438656614,-38.5876777372211,-34.01410246490088
2024-10-08,2102,1523,0.8093789341166596,982,1066,36,-0.041015625,0.4794921875,667,785,15,-0.081267217630854,-38.74898251423605,-36.4078453113691
2024-10-09,2087,1540,0.8116931612077243,1186,851,40,0.1644575355915562,0.5822287677957781,851,603,17,0.17056396148555708,-28.419495156434827,-25.680897262722034
2024-10-10,2085,1520,0.8112135506003431,815,1211,42,-0.19545903257650543,0.4022704837117473,585,864,15,-0.19254658385093168,-37.441514398135695,-34.536479461639615
2024-10-11,2083,1520,0.8094525235243798,1627,416,25,0.5927557513460597,0.7963778756730299,1203,250,13,0.6558843771507227,-5.557394081670997,0.48622820567676556
2024-10-14,2090,1510,0.8082337883959044,1257,784,29,0.23174914257716805,0.615874571288584,942,503,9,0.3038062283737024,3.680985320870092,12.82430468135287
2024-10-15,2097,1574,0.8103904348746165,899,1150,32,-0.12249877989263055,0.4387506100536847,669,794,10,-0.08544087491455912,-6.151001340051559,3.846883380236109
2024-10-16,2093,1558,0.8088501223274119,1565,479,36,0.5313111545988258,0.7656555772994129,1175,335,9,0.5562913907284768,18.1639017961335,28.238567033031902
2024-10-17,2093,1532,0.808315565031983,927,1108,43,-0.08894348894348894,0.45552825552825554,695,777,18,-0.05570652173913043,7.849592291475332,18.352368097626776
2024-10-18,2084,1511,0.8116331577249758,1101,929,40,0.08472906403940887,0.5423645320197045,791,660,16,0.09028256374913853,7.675237352680108,17.10736044178071
2024-10-21,2094,1532,0.8124604012671595,432,1615,25,-0.5779189057156815,0.21104054714215925,291,1166,11,-0.6005490734385724,-25.644610794507727,-18.584239765562128
2024-10-22,2091,1511,0.8125133689839572,787,1259,32,-0.23069403714565004,0.38465298142717497,514,933,14,-0.2895646164478231,-36.643614477879225,-33.45841389447498
2024-10-23,2097,1536,0.8100222010783381,604,1459,14,-0.4144449830344159,0.29277750848279205,480,975,8,-0.3402061855670103,-55.05209184921075,-48.54061916118246
2024-10-24,2081,1533,0.815905427189683,1069,971,29,0.04803921568627451,0.5240196078431373,802,667,8,0.09189925119128659,-47.39186960641863,-39.5879297304966
2024-10-25,2085,1530,0.8145666738707585,745,1273,43,-0.2616451932606541,0.3691774033696729,487,977,17,-0.33469945355191255,-56.08964068814571,-53.065375855767655
2024-10-28,2094,1533,0.8149405772495756,1361,674,37,0.3375921375921376,0.6687960687960688,1051,416,13,0.4328561690524881,-33.28392021694204,-25.94548428337554
2024-10-29,2094,1544,0.8130712008501594,644,1411,24,-0.3732360097323601,0.3133819951338199,488,983,11,-0.33650577838205303,-49.16001697920308,-41.096346939290456
2024-10-30,2099,1541,0.813031462585034,1089,962,30,0.061921014139444175,0.5309605070697221,767,707,16,0.0407055630936228,-40.73042843245004,-34.984285701617466
2024-10-31,2091,1548,0.8173240033927057,531,1522,26,-0.48270823185582074,0.2586458840720896,329,1156,7,-0.5569023569023569,-60.55094038257718,-59.46394791469797
2024-11-01,2088,1563,0.8189892154789596,942,1094,33,-0.07465618860510806,0.462671905697446,685,803,18,-0.0793010752688172,-56.792121235487365,-56.21667528563132
2024-11-04,2097,1567,0.8151278259032326,1120,907,50,0.1050814010853478,0.5525407005426739,826,662,21,0.11021505376344086,-44.30749077402536,-43.68336735973827
2024-11-05,2101,1567,0.8164913399213686,1683,374,29,0.6363636363636364,0.8181818181818182,1259,253,12,0.6653439153439153,-6.847482511690778,-4.992529167277294
2024-11-06,2102,1674,0.8193643134375328,1406,670,17,0.35452793834296725,0.6772639691714836,1107,432,7,0.43859649122807015,11.123277064130285,16.775728927320966
2024-11-07,2093,1614,0.8159334876868027,1210,852,24,0.17361784675072744,0.5868089233753637,840,732,14,0.06870229007633588,17.38715553652466,16.809000895979157
2024-11-08,2092,1605,0.8147952164250185,1187,874,19,0.15186802523047063,0.5759340126152354,823,724,13,0.06399482870071105,21.56834477672638,16.518030355920775
2024-11-11,2098,1604,0.8153584343756648,1273,788,20,0.23532265890344492,0.6176613294517225,1016,528,10,0.3160621761658031,29.208151536863937,28.790027765645863
2024-11-12,2100,1610,0.8168035375868604,429,1645,13,-0.5863066538090647,0.2068466730954677,350,1198,8,-0.5478036175710594,-5.487320076528251,-4.054654274710547
2024-11-13,2106,1609,0.8165805294800127,831,1230,26,-0.19359534206695778,0.4032023289665211,655,892,18,-0.15319974143503556,-15.488946118490588,-12.386390341040531
2024-11-14,2092,1606,0.8177028451001054,722,1326,30,-0.294921875,0.3525390625,518,1025,15,-0.3285806869734284,-29.029218300428045,-28.217140002967106
2024-11-15,2102,1590,0.8187109747063182,702,1356,20,-0.3177842565597668,0.34110787172011664,562,975,10,-0.2687052700065062,-41.60412400247078,-38.617574415553385
2024-11-18,2106,1592,0.8143582306018854,1250,818,22,0.20889748549323017,0.6044487427466151,927,598,10,0.2157377049180328,-25.813560655055106,-23.094709220009943
2024-11-19,2100,1577,0.8170539375459994,1039,1025,24,0.006782945736434108,0.5033914728682171,767,747,11,0.013210039630118891,-22.289288177579234,-19.83356919611594
2024-11-20,2098,1575,0.82029687335509,991,1049,41,-0.028431372549019607,0.4857843137254902,766,733,16,0.022014676450967312,-20.925304682722153,-16.505894788663568
2024-11-21,2107,1584,0.8157534966873489,1589,471,28,0.5427184466019418,0.7713592233009708,1224,288,12,0.6190476190476191,8.903018686342335,16.273443433484115
2024-11-22,2099,1577,0.8174661488401386,1571,487,33,0.5267249757045676,0.7633624878522838,1197,322,14,0.576036866359447,33.56204652859205,42.06787276184437
2024-11-25,2113,1621,0.8142268041237113,1512,554,27,0.46369796708615685,0.7318489835430784,1107,421,18,0.4489528795811518,51.326354670152064,57.5575711348684
2024-11-26,2105,1588,0.8176147176993022,749,1313,36,-0.2735208535402522,0.36323957322987394,558,969,24,-0.2691552062868369,29.39726532651466,34.608071094730164
2024-11-27,2092,1571,0.8189217758985201,1205,854,23,0.17047110247693054,0.5852355512384653,792,712,13,0.05319148936170213,32.70050541193125,30.930542987365293
2024-11-29,2085,1466,0.8167343801471396,1322,724,24,0.29227761485826004,0.64613880742913,866,559,14,0.21543859649122807,41.45159877696925,35.7439590971078
2024-12-02,2107,1624,0.8163728219404063,897,1144,35,-0.12101910828025478,0.4394904458598726,587,848,13,-0.1818815331010453,28.06168945326614,19.814703595838424
2024-12-03,2102,1602,0.8187244737668866,841,1212,38,-0.18071115440818314,0.4096444227959084,591,929,22,-0.22236842105263158,13.488406227837244,4.071772226694602
2024-12-04,2104,1591,0.8188852870438147,961,1092,38,-0.06380905991232343,0.4680954700438383,704,816,16,-0.07368421052631578,6.805911763749332,-1.974582428741052
2024-12-05,2104,1579,0.8176569389040521,781,1278,36,-0.2413793103448276,0.3793103448275862,542,968,18,-0.28211920529801326,-7.820163083489786,-17.556092485579704
2024-12-06,2098,1579,0.8181055281653205,919,1132,34,-0.10385177961969771,0.44807411019015114,649,860,12,-0.13982770046388338,-13.409979726205288,-23.67592788004236
2024-12-09,2099,1600,0.8174075612796011,962,1098,22,-0.06601941747572816,0.4669902912621359,728,805,5,-0.0502283105022831,-16.23060494989754,-24.310038004827707
2024-12-10,2099,1593,0.8202837624802942,757,1288,42,-0.25965770171149144,0.37017114914425425,545,985,13,-0.2875816993464052,-28.24300070319309,-36.59832141370114
2024-12-11,2104,1604,0.8170475990773747,1120,934,33,0.09055501460564752,0.5452775073028238,834,706,13,0.08311688311688312,-20.861748252887875,-28.386882998055007
2024-12-12,2098,1581,0.8200419727177335,546,1513,25,-0.4696454589606605,0.2651772705196697,435,1079,16,-0.42536327608982827,-42.456492344927874,-46.64817669802285
2024-12-13,2110,1600,0.8197253956608322,616,1444,29,-0.40194174757281553,0.29902912621359223,451,1061,16,-0.40343915343915343,-57.322530512505196,-60.93213579547152
2024-12-16,2120,1646,0.816420664206642,816,1262,27,-0.21462945139557266,0.39268527430221367,625,920,11,-0.19093851132686085,-60.38076568435913,-62.21522803919813
2024-12-17,2103,1659,0.8187389633322946,505,1577,13,-0.5148895292987512,0.2425552353506244,387,1197,8,-0.5113636363636364,-77.7066568230314,-79.02245201922717
2024-12-18,2106,1684,0.821482755133003,108,1977,5,-0.8964028776978418,0.051798561151079135,64,1547,4,-0.9205462445685909,-111.20742788243555,-113.45664667230359
2024-12-19,2109,1678,0.8247981191863436,727,1338,26,-0.29588377723970943,0.35205811138014526,607,1008,18,-0.248297213622291,-109.26859497590732,-108.71814832000743
2024-12-20,2110,1681,0.8242652293298078,1517,547,30,0.4699612403100775,0.7349806201550387,1199,411,13,0.4894409937888199,-68.7722989884568,-67.23623111663862
2024-12-23,2112,1662,0.8233805668016194,1027,1033,34,-0.002912621359223301,0.49854368932038834,815,766,27,0.03099304237824162,-57.44779750770935,-54.35540832270401
2024-12-24,2099,1432,0.8265251420606841,1604,455,31,0.5580378824672171,0.7790189412336086,1120,280,15,0.6,-19.430584562809717,-14.620179911188483
2024-12-26,2107,1566,0.8263240692186681,1252,791,45,0.2256485560450318,0.6128242780225159,863,516,18,0.2516316171138506,-3.4481808932157327,2.008122135905767
2024-12-27,2111,1604,0.825093090608192,347,1722,25,-0.6645722571290479,0.1677138714354761,259,1245,17,-0.6555851063829787,-34.27702550995078,-29.14555639934964
2024-12-30,2108,1615,0.8230311586165171,578,1485,31,-0.43965099369849736,0.2801745031507513,361,1163,12,-0.526246719160105,-49.21823935818197,-49.169304403852585
2024-12-31,2105,1622,0.8221538461538461,1297,763,32,0.25922330097087376,0.6296116504854369,954,569,22,0.252790544977019,-26.803171268160174,-27.09189921882714
2025-01-02,2116,1608,0.8245685279187818,1034,1040,21,-0.0028929604628736743,0.49855351976856316,695,818,11,-0.08129543952412426,-20.61008526653811,-24.78455751459341
2025-01-03,2111,1575,0.8250704519361236,1543,535,23,0.4850818094321463,0.7425409047160731,1113,406,9,0.46543778801843316,9.186792185932442,4.648803807227271
2025-01-06,2113,1616,0.8220459629855603,942,1133,24,-0.09204819277108434,0.45397590361445783,717,803,13,-0.056578947368421055,5.760688336703574,3.6902469490050978
2025-01-07,2117,1618,0.8246222948142099,722,1351,30,-0.3034249879401833,0.3482875060299083,576,966,17,-0.2529182879377432,-7.766273654525577,-6.964737427985993
2025-01-08,2111,1603,0.826984618560958,951,1123,27,-0.08293153326904533,0.45853423336547733,711,830,12,-0.07722258273848151,-8.26832205519698,-7.255140123210359
2025-01-10,2120,1641,0.824706833805095,415,1678,9,-0.6034400382226469,0.19827998088867654,326,1228,6,-0.5804375804375804,-34.681657075175124,-32.627908611966085
2025-01-13,2113,1632,0.8265777321703438,1232,842,29,0.1880424300867888,0.5940212150433944,1012,546,16,0.2991014120667522,-17.517526816408765,-10.181536501575772
2025-01-14,2114,1608,0.8305329347489949,1579,497,24,0.5211946050096339,0.7605973025048169,1179,371,12,0.5212903225806451,13.903000935060764,20.17046486101047
2025-01-15,2108,1604,0.8269131467520396,1686,395,13,0.620374819798174,0.810187409899087,1223,318,9,0.5872809863724854,45.65704789731891,49.32010689130867
2025-01-16,2113,1618,0.8280944037926414,1281,782,31,0.24188075618031993,0.62094037809016,963,566,16,0.2596468279921517,53.653769629670336,57.61474237374041
2025-01-17,2113,1590,0.8291999584933071,1302,761,34,0.26223945710130875,0.6311197285506543,952,574,18,0.24770642201834864,61.24063290873189,63.82156170066068
2025-01-21,2125,1618,0.827328691088909,1637,447,19,0.5710172744721689,0.7855086372360844,1202,328,9,0.5712418300653594,82.86008871632886,84.98605481902477
2025-01-22,2122,1614,0.8278579469859789,694,1398,18,-0.3365200764818356,0.3317399617590822,469,1080,4,-0.394448030987734,55.55355544054242,54.37227310847626
2025-01-23,2125,1606,0.8287361053931659,1231,848,30,0.18422318422318423,0.5921115921115921,948,595,13,0.2287751134154245,57.96586474779329,59.08678560057283
2025-01-24,2121,1578,0.8249639843589216,1076,997,37,0.038109020742884706,0.5190545103714423,745,761,21,-0.010624169986719787,52.43285170773884,50.85229568320532
2025-01-27,2119,1622,0.8286237040048791,1142,942,23,0.09596928982725528,0.5479846449136276,860,667,10,0.12639161755075312,50.33297475417211,50.40833470231372
2025-01-28,2119,1590,0.8270281414287187,933,1143,29,-0.10115606936416185,0.44942196531791906,657,874,13,-0.1417374265186153,38.42964712553085,36.3702541866714
2025-01-29,2118,1596,0.8290448744339234,848,1210,45,-0.17589893100097181,0.41205053449951407,647,876,17,-0.15036112934996718,24.323010685574417,23.754658933296277
2025-01-30,2118,1590,0.8297302861848878,1645,433,24,0.5832531280076997,0.7916265640038499,1221,313,11,0.5919165580182529,50.09782442641736,49.96343606540506
2025-01-31,2127,1624,0.8290056360708534,570,1502,35,-0.4498069498069498,0.2750965250965251,360,1179,14,-0.5321637426900585,20.231797161973525,15.91810829761548
2025-02-03,2125,1622,0.832409972299169,690,1392,28,-0.3371757925072046,0.3314121037463977,497,1060,12,-0.3615928066795119,0.2267427300514345,-4.7416906848053575
2025-02-04,2122,1590,0.834329719323133,1376,699,32,0.32626506024096386,0.6631325301204819,979,552,14,0.278902677988243,16.293330114516213,9.642663872036595
2025-02-05,2125,1583,0.8321175278622087,1422,654,31,0.3699421965317919,0.684971098265896,994,520,13,0.3130779392338177,32.13265249220243,23.60183676105502
2025-02-06,2127,1587,0.83202416918429,1048,1021,44,0.01304978250362494,0.5065248912518124,761,747,17,0.009283819628647215,27.66998916125478,20.22921441710197
2025-02-07,2120,1608,0.8336185203824862,567,1503,36,-0.45217391304347826,0.27391304347826084,417,1108,11,-0.45311475409836066,0.4548772901331044,-5.87545244541379
2025-02-10,2120,1582,0.8308467741935484,1200,854,44,0.16845180136319376,0.5842259006815969,871,655,17,0.14154652686762778,8.214967974207006,1.5674986976617258
2025-02-11,2122,1587,0.8322304794869184,1073,987,44,0.04174757281553398,0.5208737864077669,753,755,20,-0.001326259946949602,8.473559241836167,0.7797450907741157
2025-02-12,2127,1610,0.8318934851102754,642,1437,28,-0.3823953823953824,0.3088023088023088,492,1032,15,-0.3543307086614173,-12.554860781095899,-17.54790540429205
2025-02-13,2131,1600,0.8355748811811103,1549,543,25,0.4808795411089866,0.7404397705544933,1132,399,10,0.47877204441541477,12.692360578421116,8.524830603289443
2025-02-14,2129,1578,0.8337241309001937,1045,1042,27,0.0014374700527072352,0.5007187350263537,708,808,11,-0.06596306068601583,10.24316948510209,3.537640481683646
2025-02-18,2131,1628,0.8360295586179349,1272,808,34,0.2230769230769231,0.6115384615384616,977,552,12,0.2779594506213211,19.179867904099606,16.452030290669118
2025-02-19,2129,1610,0.8361972547025928,912,1178,29,-0.12727272727272726,0.43636363636363634,638,911,13,-0.1762427372498386,9.207363195339463,4.701464032340366
2025-02-20,2129,1609,0.8366602492653764,825,1244,45,-0.20251329144514257,0.3987433542774287,609,943,12,-0.21520618556701032,-3.127193355247922,-7.316949854551008
2025-02-21,2124,1614,0.8386999091551428,446,1634,29,-0.5711538461538461,0.2144230769230769,285,1270,10,-0.6334405144694534,-32.08963097465907,-38.467825423692524
2025-02-24,2126,1627,0.8371185592796399,865,1206,35,-0.16465475615644617,0.4176726219217769,683,876,15,-0.12379730596536241,-36.36711248451231,-39.42732448298552
2025-02-25,2126,1647,0.8387356553251459,1165,917,26,0.11911623439000961,0.5595581171950048,871,709,7,0.10253164556962026,-25.653974085691484,-28.734111979516967
2025-02-26,2125,1589,0.837881708430557,993,1080,37,-0.041968162083936326,0.47901591895803186,733,822,14,-0.057234726688102894,-24.420190707968516,-27.43606334203993
2025-02-27,2117,1610,0.8409986859395532,612,1457,35,-0.4084098598356694,0.2957950700821653,470,1075,11,-0.39158576051779936,-41.5652898540622,-42.90660313177169
2025-02-28,2137,1637,0.8416516335939066,1431,645,29,0.3786127167630058,0.6893063583815029,1073,489,15,0.3738796414852753,-16.66539434476822,-17.64611153617975
2025-03-03,2141,1658,0.8426766679826293,564,1540,23,-0.46387832699619774,0.26806083650190116,378,1210,6,-0.5239294710327456,-37.4172089005582,-40.850616290168794
2025-03-04,2140,1661,0.8422921392642272,501,1607,22,-0.5246679316888045,0.23766603415559773,393,1211,8,-0.5099750623441397,-58.01240453588618,-59.78849433894828
2025-03-05,2129,1640,0.8412397847319115,1409,681,26,0.34832535885167465,0.6741626794258373,1103,493,7,0.38220551378446116,-31.681570254388227,-31.072408792529963
2025-03-06,2129,1623,0.8458824715250479,613,1468,30,-0.410860163382989,0.29456991830850554,488,1090,11,-0.38149556400506973,-46.96957520416871,-44.54984749585619
2025-03-07,2130,1637,0.8450972528574293,1236,840,34,0.1907514450867052,0.5953757225433526,986,587,15,0.2536554354736173,-29.725391136725474,-24.09275837578649
2025-03-10,2135,1659,0.8431973125185258,421,1672,20,-0.597706641184902,0.20114667940754896,319,1272,7,-0.5989943431803897,-54.25589111695824,-49.11397231894832
2025-03-11,2123,1653,0.8438941247242832,828,1250,33,-0.2030798845043311,0.39846005774783444,665,934,13,-0.16823014383989993,-55.22685131044393,-48.72333041173245
2025-03-12,2126,1622,0.8436038234695953,1043,1029,34,0.006756756756756757,0.5033783783783784,741,838,13,-0.06143128562381254,-45.289055956267575,-42.80577201819984
2025-03-13,2134,1616,0.8431769830817546,533,1545,32,-0.4870067372473532,0.2564966313763234,396,1170,15,-0.4942528735632184,-61.253970348870965,-59.173310128608755
2025-03-14,2119,1595,0.8418107833163785,1739,355,16,0.6609360076408787,0.8304680038204394,1368,193,5,0.7527226137091608,-17.200565058390904,-10.522914298746375
2025-03-17,2129,1627,0.8443524780458261,1677,405,22,0.6109510086455331,0.8054755043227666,1305,251,9,0.6773778920308483,18.051849340494233,27.358552623364066
2025-03-18,2128,1605,0.8471937730438345,765,1321,26,-0.2665388302972196,0.3667305848513902,577,983,13,-0.2602564102564103,4.227912457700913,12.728698964288743
2025-03-19,2129,1626,0.8448222882310765,1500,580,28,0.4423076923076923,0.7211538461538461,1150,410,16,0.47435897435897434,27.82963299086972,36.887299821727126
2025-03-20,2122,1611,0.8488288102363017,792,1262,46,-0.22882181110029212,0.38558909444985395,535,1015,25,-0.3096774193548387,14.31348071137548,18.156647370037664
2025-03-21,2105,1621,0.8498176133402814,672,1384,32,-0.3463035019455253,0.32684824902723736,456,1107,9,-0.4165067178502879,-3.188481433410634,-3.2903086377794737
2025-03-24,2121,1609,0.845574954846478,1604,458,30,0.5557710960232783,0.7778855480116392,1257,300,7,0.6146435452793835,26.967013238404476,29.946508675209337
2025-03-25,2119,1607,0.8459409594095941,893,1165,40,-0.13216715257531583,0.43391642371234207,654,895,13,-0.15558424790187217,18.218213686684663,19.70286527537594
2025-03-26,2119,1578,0.8470263641937462,749,1329,24,-0.2791145332050048,0.3604427333974976,593,935,12,-0.2238219895287958,3.2995299700463545,7.434148760795324
2025-03-27,2120,1573,0.8476610586787033,942,1115,44,-0.08410306271268839,0.4579484686436558,712,798,15,-0.05695364238410596,0.2781312670861874,5.250642754259411
2025-03-28,2123,1599,0.8475672346540751,404,1675,20,-0.6113516113516113,0.19432419432419432,234,1290,5,-0.6929133858267716,-28.66898271222634,-28.44049526723337
2025-03-31,2133,1629,0.8453823237338629,1090,986,32,0.05009633911368015,0.5250481695568401,834,708,16,0.08171206225680934,-20.203022727712842,-18.372943395094488
2025-04-01,2127,1607,0.8466183574879227,1328,741,46,0.2837119381343644,0.6418559690671822,989,550,26,0.2852501624431449,-1.1828318762810293,0.5035831818765019
2025-04-02,2118,1590,0.8501638672675134,798,1261,43,-0.2248664400194269,0.38756677999028655,514,1022,22,-0.3307291666666667,-10.343573446614982,-14.158470966213262
2025-04-03,2139,1684,0.8480484655874466,411,1687,13,-0.6081982840800763,0.19590085795996187,306,1258,9,-0.6086956521739131,-37.290881825049915,-40.52205918336126
2025-04-04,2136,1769,0.84762648954874,133,1990,5,-0.8747056052755534,0.06264719736222327,101,1565,2,-0.8787515006002401,-73.4697421392604,-76.36310923442234
2025-04-07,2144,1791,0.8440481927710843,595,1526,8,-0.4389438943894389,0.28052805280528054,536,1190,8,-0.37891077636152953,-82.24723345290835,-81.63335526997196
2025-04-08,2142,1753,0.8480838968930706,378,1745,11,-0.6439001413094677,0.17804992934526614,222,1498,4,-0.7418604651162791,-99.58856470481425,-103.87873329175451
2025-04-09,2149,1780,0.8473068368629726,2068,63,4,0.9408728296574378,0.9704364148287189,1701,18,2,0.9790575916230366,-34.678811553324415,-36.33323499695401
2025-04-10,2140,1712,0.8500742206828302,202,1922,7,-0.8097928436911488,0.0951035781544256,155,1526,3,-0.8155859607376561,-66.54086221846333,-68.13234539794946
2025-04-11,2136,1668,0.8477869016623273,1579,522,24,0.5030937648738696,0.7515468824369348,1261,355,14,0.5606435643564357,-27.805880797813863,-26.16844680910624
2025-04-14,2135,1661,0.8500848388062681,1628,466,24,0.5549188156638013,0.7774594078319007,1218,374,16,0.5301507537688442,8.04281026032709,8.316888189020696
2025-04-15,2129,1616,0.8497004163704681,1023,1066,24,-0.0205840114887506,0.4897079942556247,716,861,10,-0.09194673430564362,9.878085706108369,6.655390767749736
2025-04-16,2131,1629,0.851919191919192,732,1357,23,-0.29918621349928193,0.350406893250359,531,1033,8,-0.3209718670076726,-2.532254316805746,-6.249723116377143
2025-04-17,2126,1605,0.8541178865926906,1606,477,33,0.5420067210753721,0.771003360537686,1199,358,13,0.5401412973667309,28.929212963919415,25.803311346996438
2025-04-21,2127,1629,0.8522704540908181,308,1790,11,-0.7063870352716873,0.14680648236415633,236,1322,6,-0.6970474967907574,-6.735566393233139,-8.779800451428537
2025-04-22,2132,1610,0.8542111144976126,1908,180,22,0.8275862068965517,0.9137931034482759,1440,117,11,0.8497109826589595,39.50338719677954,39.03346193566109
2025-04-23,2140,1648,0.8528411364545818,1354,749,15,0.28768426058012364,0.6438421302900618,932,633,8,0.19105431309904153,51.84507826443509,46.78580048894852
2025-04-24,2122,1612,0.8504356740133265,1728,373,12,0.6449309852451214,0.8224654926225606,1289,282,3,0.6409929980903882,80.0003349692083,75.67705519913186
2025-04-25,2127,1581,0.8536734693877551,1074,1007,25,0.032196059586737144,0.5160980297933686,729,802,14,-0.04768125408229915,73.03633149402414,65.5669800917086
2025-04-28,2131,1597,0.8529262086513995,1273,800,41,0.22817173178967678,0.6140858658948384,967,557,21,0.2690288713910761,76.51571047541856,72.43053724807193
2025-04-29,2132,1598,0.8530012249897918,1365,720,26,0.30935251798561153,0.6546762589928058,984,552,14,0.28125,83.16704026193042,78.54778236096841
2025-04-30,2131,1627,0.8546452531002237,910,1173,32,-0.12626020163226115,0.4368698991838694,671,874,17,-0.1313915857605178,66.65745604719477,62.75320873266417
2025-05-01,2130,1610,0.8539737458023812,1196,894,24,0.1444976076555024,0.5722488038277512,871,684,12,0.1202572347266881,65.746364727748,61.51752326116102
2025-05-02,2135,1606,0.8564573762123533,1755,340,20,0.6754176610978521,0.837708830548926,1352,202,7,0.7400257400257401,91.18465249809975,91.14184983167262
2025-05-05,2130,1589,0.8541540327471194,705,1374,36,-0.3217893217893218,0.33910533910533913,530,1000,16,-0.30718954248366015,62.6181161349013,63.654175674831656
2025-05-06,2132,1596,0.8543838136112815,895,1182,39,-0.13818006740491093,0.4309099662975445,657,868,21,-0.13836065573770492,47.06109968291267,48.27538772965623
2025-05-07,2127,1620,0.8561924257932446,1172,893,46,0.1351089588377724,0.5675544794188861,836,697,24,0.09067188519243313,47.188996430182,46.33677414438988
2025-05-08,2138,1625,0.8542784810126582,1459,610,39,0.41034316094731754,0.7051715804736588,1131,424,11,0.45466237942122184,60.82411327242362,62.64710036970464
2025-05-09,2137,1595,0.8542439225381129,1128,944,47,0.0888030888030888,0.5444015444015444,831,711,21,0.07782101167315175,56.10101399896665,57.43712540309672
2025-05-12,2148,1649,0.8533134030891878,1658,447,23,0.5752969121140142,0.7876484560570072,1277,282,8,0.6382296343810134,76.10695021571237,80.71584231502456
2025-05-13,2143,1640,0.8541771136295256,1249,845,37,0.1929321872015282,0.5964660936007641,942,635,19,0.1946734305643627,73.71325468432711,78.03775587231519
2025-05-14,2138,1626,0.855899615462457,662,1430,34,-0.367112810707457,0.31644359464627153,486,1082,23,-0.38010204081632654,43.29582883612182,46.61902961540265
2025-05-15,2132,1620,0.8559796437659033,1293,794,35,0.2390991854336368,0.6195495927168184,971,592,12,0.24248240563019835,47.38305039878038,50.65214583999167
2025-05-16,2136,1608,0.8566053086545307,1270,804,43,0.22468659594985535,0.6123432979749277,950,594,20,0.23056994818652848,49.92008010867048,53.251576610631815
2025-05-19,2137,1601,0.8569564344509135,1049,1029,37,0.009624639076034648,0.5048123195380173,802,737,18,0.04223521767381416,41.08654226639212,45.79109551084028
2025-05-20,2145,1601,0.8592796092796092,813,1265,48,-0.21751684311838307,0.3912415784408085,569,961,22,-0.25620915032679736,21.97136059019128,24.261210292933725
2025-05-21,2139,1633,0.8570709105560033,189,1925,14,-0.8211920529801324,0.08940397350993377,122,1436,10,-0.8433889602053916,-24.665737038998873,-23.62713811377076
2025-05-22,2135,1619,0.8587650816181689,876,1196,46,-0.15444015444015444,0.42277992277992277,651,899,23,-0.16,-31.07953189976256,-30.284092300664657
2025-05-23,2144,1604,0.8580881604397842,941,1146,36,-0.09822712026832775,0.45088643986583615,691,861,8,-0.1095360824742268,-33.59727713762536,-33.301171792666956
2025-05-27,2144,1643,0.8577880369329587,1857,257,13,0.7568590350047304,0.8784295175023652,1388,178,5,0.7726692209450831,7.172344833342975,8.395996271599905
2025-05-28,2139,1613,0.8592939261369417,625,1460,39,-0.40047961630695444,0.2997601918465228,482,1072,17,-0.37966537966537967,-15.872422671230055,-13.611635045333065
2025-05-29,2135,1608,0.8575933272301902,1283,802,32,0.23069544364508393,0.6153477218225419,884,655,20,0.14879792072774528,-3.9375837766819215,-5.9369366264278405
2025-05-30,2137,1623,0.8586769324283254,916,1178,26,-0.1251193887297039,0.437440305635148,632,922,12,-0.1866151866151866,-11.504350221699251,-16.11604016227833
2025-06-02,2149,1648,0.8576267809106307,931,1157,40,-0.1082375478927203,0.44588122605363983,690,885,12,-0.12380952380952381,-17.07232173923139,-21.598310344335964
2025-06-03,2136,1640,0.8602535268861173,1471,617,35,0.40900383141762453,0.7045019157088123,1139,446,14,0.43722397476340696,4.114493187492026,1.874015130372969
2025-06-04,2134,1632,0.8602018966044662,932,1138,50,-0.09951690821256039,0.4502415458937198,651,920,25,-0.17122851686823679,-3.2173894976061588,-8.48914124598494
2025-06-05,2134,1630,0.8586419130259307,972,1091,50,-0.057682985942801746,0.4711585070285991,725,836,23,-0.07110826393337603,-7.378366132389142,-12.30118159479799
2025-06-06,2139,1604,0.8584684409095544,1543,539,36,0.48222862632084534,0.7411143131604226,1224,323,16,0.5824175824175825,16.096471288715712,17.17732213248878
2025-06-09,2149,1630,0.8589448393232556,1285,790,50,0.2385542168674699,0.619277108433735,950,587,25,0.236174365647365,23.903254454648007,24.983395370145647
2025-06-10,2143,1627,0.8578406431260812,1325,756,47,0.2734262373858722,0.6367131186929361,986,583,12,0.2568514977692798,32.202138815167,32.56652761758728
2025-06-11,2145,1655,0.8618447785453068,958,1125,36,-0.0801728276524244,0.4599135861737878,676,898,16,-0.14104193138500634,21.456720997420074,18.992601593347633
2025-06-12,2152,1626,0.8598999285203717,1099,999,28,0.047664442326024785,0.5238322211630124,796,789,11,0.004416403785488959,18.553968657181805,14.56484859318076
2025-06-13,2144,1663,0.8599695585996956,392,1713,22,-0.6275534441805226,0.18622327790973872,298,1286,12,-0.6237373737373737,-17.781548762335188,-20.701393341070954
2025-06-16,2151,1647,0.8578994703707404,1332,763,32,0.27159904534606205,0.6357995226730311,1034,553,16,0.3030875866414619,-3.8018839358813157,-4.409275209209036
2025-06-17,2141,1649,0.8607594936708861,570,1529,29,-0.4568842305859933,0.2715578847070033,396,1195,11,-0.5021998742928976,-28.25442488618661,-30.72184087713903
2025-06-18,2143,1637,0.8607851072440308,1161,911,50,0.12065637065637065,0.5603281853281853,878,704,21,0.10998735777496839,-20.14304521214851,-22.45611371544018
2025-06-20,2146,1644,0.85942233892143,957,1129,36,-0.08245445829338446,0.45877277085330775,703,874,21,-0.10843373493975904,-23.26264181227295,-26.19769105934683
2025-06-23,2155,1651,0.8599367838798894,1425,671,34,0.3597328244274809,0.6798664122137404,1102,482,9,0.39141414141414144,-3.704219560274707,-4.273357415395262
2025-06-24,2151,1665,0.8598879103282626,1496,616,21,0.4166666666666667,0.7083333333333334,1121,482,9,0.3986275733000624,15.883444674944451,14.853986231556357
2025-06-25,2139,1650,0.863153636087792,577,1506,42,-0.44599135861737876,0.2770043206913106,373,1213,22,-0.5296343001261034,-10.58142089152016,-15.279498552766077
2025-06-26,2155,1655,0.8618729430537548,1702,385,35,0.6310493531384763,0.8155246765692381,1304,290,11,0.6361355081555834,20.696061741402946,17.321259863486414
2025-06-27,2150,1681,0.8644236512044595,1185,913,36,0.12964728312678742,0.5648236415633937,884,715,23,0.10569105691056911,22.264725583260752,18.58607944781414
2025-06-30,2159,1702,0.8630284096456117,1162,948,27,0.1014218009478673,0.5507109004739337,854,774,14,0.04914004914004914,22.08333543118686,16.747019406649272
2025-07-01,2158,1681,0.8673116793365584,1551,569,23,0.46320754716981133,0.7316037735849057,1185,441,10,0.4575645756457565,39.90711748510496,35.51211429970544
2025-07-02,2157,1672,0.8644962166467542,1492,609,40,0.42027605901951454,0.7101380295097572,1140,470,19,0.4161490683229814,52.80034114626457,49.30793449563119
2025-07-03,2147,1541,0.8676863067132006,1440,651,43,0.37733142037302725,0.6886657101865137,1020,489,20,0.3518886679920477,61.412813738500354,57.64380107412287
2025-07-07,2162,1651,0.8640672334603733,414,1695,27,-0.6073968705547653,0.19630156472261737,309,1207,8,-0.5923482849604221,19.232999189779818,17.27090034573915
2025-07-08,2148,1652,0.8660883438029714,1302,791,43,0.24414715719063546,0.6220735785953178,999,593,11,0.2550251256281407,25.65029414194489,25.034386250670504
2025-07-09,2146,1632,0.8659285354806241,1244,838,43,0.19500480307396734,0.5975024015369836,908,666,17,0.15374841168996187,28.551712149502904,26.48315907122452
2025-07-10,2154,1654,0.8674143801321851,1399,693,39,0.33747609942638623,0.6687380497131931,1089,488,14,0.38110336081166774,38.01323080283844,38.957191493527375
2025-07-11,2156,1626,0.8677644710578842,578,1523,36,-0.4497858162779629,0.27510709186101856,447,1126,14,-0.431659249841068,6.549667312208685,8.789572724491892
2025-07-14,2167,1665,0.8652586291189988,1112,994,35,0.0560303893637227,0.5280151946818613,859,720,13,0.08803039898670044,4.906382473243459,8.936793254732525
2025-07-15,2161,1665,0.8681405448085274,335,1787,24,-0.6842601319509897,0.1578699340245052,215,1393,10,-0.7325870646766169,-33.537684042173645,-32.01289034135127
2025-07-16,2150,1662,0.8687925757725343,1262,828,44,0.2076555023923445,0.6038277511961723,1010,591,15,0.2617114303560275,-21.64389077547768,-17.149880612663942
2025-07-17,2154,1660,0.8685103833865815,1433,662,38,0.36801909307875896,0.6840095465393795,1126,471,17,0.41014402003757044,-3.348298544254523,3.0653715925041887
2025-07-18,2148,1667,0.8693244739756367,805,1284,43,-0.22929631402584968,0.38535184298707514,618,984,15,-0.22846441947565543,-17.554596049067886,-11.59633660570087
2025-07-21,2156,1645,0.8690067653691539,936,1156,40,-0.10516252390057361,0.4474187380497132,670,915,16,-0.15457413249211358,-23.40651792917417,-20.379601082960594
2025-07-22,2155,1629,0.8688573414077236,1545,553,39,0.47283126787416585,0.736415633937083,1213,360,11,0.5422759059122696,0.6068110417178016,7.055107714616302
2025-07-23,2152,1654,0.868457711442786,1448,650,36,0.38036224976167776,0.6901811248808389,1158,425,8,0.46304485154769426,16.511722350997445,26.514955479742696
2025-07-24,2160,1648,0.8687009243613955,735,1359,43,-0.2979942693409742,0.3510028653295129,537,1054,15,-0.3249528598365808,-3.8899630464560437,3.6206649723133086
2025-07-25,2154,1604,0.8711075279653331,1228,859,51,0.17680881648298993,0.588404408241495,903,650,23,0.16291049581455247,2.426200045151705,8.421111046156268
2025-07-28,2166,1628,0.8694110695292495,717,1382,45,-0.31681753215817055,0.3415912339209147,510,1046,12,-0.3444730077120823,-16.866928943807444,-12.885788292270515
2025-07-29,2161,1632,0.8683057933505873,995,1120,37,-0.0591016548463357,0.47044917257683216,713,858,14,-0.09229789942711648,-20.39242571905674,-18.430002870915775
2025-07-30,2168,1667,0.8707765263781861,569,1551,31,-0.46320754716981133,0.26839622641509436,378,1210,10,-0.5239294710327456,-43.510057949473385,-44.65973490158435
2025-07-31,2162,1658,0.8704105803395183,788,1319,37,-0.2520170859041291,0.37399145704793546,528,1076,15,-0.341645885286783,-52.498560153448146,-57.748677825999934
2025-08-01,2161,1692,0.8720472440944882,577,1539,27,-0.4546313799621928,0.2726843100189036,383,1240,10,-0.5280345040049291,-70.05195143998252,-77.97041157315257
2025-08-04,2166,1639,0.8683898973954223,1709,403,33,0.6183712121212122,0.8091856060606061,1318,279,16,0.6505948653725736,-31.059711628599228,-35.93867340022717
2025-08-05,2158,1648,0.8720063599324257,1225,880,35,0.16389548693586697,0.5819477434679335,915,666,14,0.15749525616698293,-20.289834290990783,-24.476824355654347
2025-08-06,2163,1652,0.8716316993139107,1077,1024,43,0.025226082817705855,0.5126130414088529,791,795,15,-0.0025220680958385876,-17.913610201788664,-22.55542551390739
2025-08-07,2168,1654,0.871352523659306,1040,1067,38,-0.012814428096820124,0.49359278595158995,786,796,15,-0.006321112515802781,-17.69439610023821,-20.989804597642415
2025-08-08,2153,1633,0.872158519412593,1075,1026,39,0.023322227510709188,0.5116611137553546,785,799,13,-0.008838383838383838,-15.611663282534913,-19.6721132573767
2025-08-11,2168,1649,0.8717114986698197,858,1245,37,-0.1840228245363766,0.4079885877318117,609,969,15,-0.22813688212927757,-24.120121009340206,-29.41205150970731
2025-08-12,2163,1694,0.8715770537677393,1730,388,26,0.6336166194523135,0.8168083097261567,1351,261,9,0.6761786600496278,9.607720438722469,7.623138651043814
2025-08-13,2174,1684,0.8733963202386872,1700,433,20,0.5939990623534928,0.7969995311767464,1315,323,6,0.6056166056166056,36.4161084196814,35.7220078235797
2025-08-14,2170,1642,0.873152217339193,574,1543,40,-0.4577231931979216,0.27113840340103923,404,1189,16,-0.49278091650973005,6.569086823732182,4.6480548206632095
2025-08-15,2156,1627,0.8731785750175862,774,1335,35,-0.26600284495021337,0.3669985775248933,587,981,16,-0.2512755102040816,-9.396944662537658,-9.86814495565129
2025-08-18,2176,1642,0.874500633343077,1107,1010,31,0.04581955597543694,0.5229097779877184,816,753,12,0.040152963671128104,-7.409796813703167,-7.658731345861449
2025-08-19,2176,1630,0.8757641490830211,1108,1022,29,0.04037558685446009,0.5201877934272301,836,733,13,0.06564690885914595,-5.945934874930003,-4.456691793360933
2025-08-20,2168,1635,0.8738809640924742,992,1104,58,-0.05343511450381679,0.4732824427480916,754,800,24,-0.029601029601029602,-9.355138310818145,-6.459061440014964
2025-08-21,2171,1618,0.8758131283264341,915,1182,54,-0.12732474964234622,0.4363376251788269,691,861,25,-0.1095360824742268,-15.917713313874884,-12.135544824363947
2025-08-22,2167,1703,0.8760224696954765,1908,230,16,0.784845650140318,0.892422825070159,1428,158,4,0.8007566204287516,24.159393614214196,28.586374751288417
2025-08-25,2163,1644,0.8775289726969161,670,1435,42,-0.36342042755344417,0.3182897862232779,440,1158,13,-0.4493116395494368,0.891219184971169,0.7572711158053275
2025-08-26,2164,1654,0.8774900398406374,1143,953,51,0.09064885496183206,0.545324427480916,851,728,16,0.077897403419886,3.6959380778073396,3.3200533003543975
2025-08-27,2162,1619,0.8776202834897185,1306,797,38,0.24203518782691394,0.621017593913457,992,576,14,0.2653061224489796,13.644809684047326,14.865067753096762
2025-08-28,2161,1631,0.878234248469287,1059,1028,50,0.014853857211308098,0.5074269286056541,755,806,17,-0.03267136450992953,10.723804328181984,9.762855423480543
2025-08-29,2163,1643,0.8763574773338647,1088,1012,43,0.03619047619047619,0.518095238095238,800,765,24,0.022364217252396165,9.239556676234614,8.103428692657552
2025-09-02,2174,1676,0.8787178746751372,606,1508,36,-0.4266792809839167,0.28666035950804164,443,1154,13,-0.4452097683155917,-15.219160708281214,-16.734597584058783
2025-09-03,2177,1664,0.8797803490880565,1062,1048,51,0.006635071090047393,0.5033175355450237,746,841,26,-0.05986137366099559,-14.38955066480263,-18.62001733000115
2025-09-04,2172,1650,0.8808823529411764,1563,558,38,0.4738330975954738,0.7369165487977369,1182,417,8,0.47842401500938087,9.751615000966892,6.775318307386952
2025-09-05,2168,1662,0.8782762344164131,1268,850,30,0.19735599622285174,0.5986779981114259,919,671,15,0.1559748427672956,16.5196985015639,12.331995073712584
2025-09-08,2178,1684,0.8800077041602465,1116,1006,32,0.051837888784165884,0.525918944392083,780,827,15,-0.02924704418170504,14.947906030132234,7.76019938610241
2025-09-09,2177,1659,0.8796741584061243,760,1359,45,-0.2826805096743747,0.3586597451628126,526,1074,16,-0.3425,-3.1966359860195332,-11.850134714649554
2025-09-10,2175,1661,0.8785429044511542,1059,1057,41,0.000945179584120983,0.5004725897920604,735,853,18,-0.0743073047858942,-4.512951766974416,-15.148084936513948
2025-09-11,2181,1680,0.880873786407767,1766,377,18,0.6481567895473636,0.8240783947736817,1339,275,8,0.6592317224287485,26.744743497306157,18.784859409206703
2025-09-12,2173,1641,0.8829301467016419,605,1526,32,-0.4321914594087283,0.28390427029563586,386,1207,10,-0.5153797865662273,-0.6810632170250741,-11.026972921996963
2025-09-15,2183,1669,0.8817639129597535,1042,1078,40,-0.016981132075471698,0.49150943396226415,762,827,21,-0.04090623033354311,-3.3662062750303217,-12.737276888931904
2025-09-16,2178,1673,0.8809547004383829,888,1249,31,-0.16892840430510062,0.4155357978474497,664,946,12,-0.17515527950310558,-13.2425361697311,-20.848352854694742
2025-09-17,2185,1721,0.8812289966394623,1113,1010,46,0.04851625058878945,0.5242581252943948,846,776,18,0.04315659679408138,-10.748352804157108,-16.763487226289147
2025-09-18,2184,1686,0.8805116774881286,1397,738,34,0.30866510538641684,0.6543325526932084,1123,524,8,0.3636915604128719,4.445358477310812,2.839638503068606
2025-09-19,2185,1677,0.8795355587808418,687,1445,36,-0.35553470919324576,0.3222326454033771,469,1151,13,-0.42098765432098767,-15.796235898403802,-19.647847927538837
2025-09-22,2184,1674,0.8797346664103057,1060,1054,52,0.002838221381267739,0.5014191106906338,810,795,23,0.009345794392523364,-15.105171381422103,-17.259737150394955
2025-09-23,2177,1670,0.8805134639513561,1003,1115,38,-0.05288007554296506,0.4735599622285175,775,830,16,-0.03426791277258567,-17.22470020870728,-17.31228910844041
2025-09-24,2190,1657,0.8790173803281872,797,1334,32,-0.25199436884091975,0.3740028155795401,630,965,13,-0.21003134796238246,-28.906488519890303,-26.058831346516918
2025-09-25,2179,1656,0.8822004608294931,561,1567,39,-0.47274436090225563,0.26362781954887216,418,1175,14,-0.47520401757689895,-49.78738468641913,-46.66546428406558
2025-09-26,2181,1644,0.8831029783920576,1492,624,48,0.4102079395085066,0.7051039697542533,1186,389,18,0.506031746031746,-23.243998964831075,-14.9890199438171
2025-09-29,2183,1682,0.8830297219558965,977,1151,38,-0.08176691729323309,0.4591165413533835,726,861,15,-0.08506616257088846,-25.031927018136113,-17.385610363317287
2025-09-30,2186,1706,0.8826740733646202,1126,1008,35,0.05529522024367385,0.5276476101218369,828,800,15,0.0171990171990172,-19.582338991775895,-14.234508131678076
2025-10-01,2184,1696,0.8841843088418431,1171,966,30,0.0959288722508189,0.5479644361254095,853,773,12,0.04920049200492005,-12.793346933921773,-9.869069442673021
2025-10-02,2172,1674,0.8827393026175988,1039,1077,44,-0.017958412098298678,0.4910207939508507,810,784,25,0.01631116687578419,-12.619156207242773,-7.731740272817124
2025-10-03,2173,1659,0.8837861355506139,1301,814,41,0.23026004728132388,0.6151300236406619,1022,566,17,0.2871536523929471,0.0037956140851169717,7.676459144631901
2025-10-06,2184,1691,0.8838004750593824,957,1166,35,-0.09844559585492228,0.45077720207253885,734,867,16,-0.08307307932542161,-5.638881713562272,2.30075076490922
2025-10-07,2176,1706,0.8848851734409532,678,1440,39,-0.3597733711048159,0.32011331444759206,462,1176,12,-0.4358974358974359,-23.501565182627655,-19.948201482178938
2025-10-08,2176,1661,0.8835760827903412,1309,811,32,0.2349056603773585,0.6174528301886792,985,625,15,0.2236024844720497,-8.922700148656704,-5.896318627554134
2025-10-09,2187,1664,0.881764481707317,508,1613,39,-0.520980669495521,0.23950966525223952,366,1222,17,-0.5390428211586902,-34.20747353751223,-31.984742475249156
2025-10-10,2180,1712,0.8855071081003721,232,1912,21,-0.7835820895522388,0.10820895522388059,148,1481,6,-0.8182934315531001,-68.78498842013205,-68.09295167237265
2025-10-13,2190,1657,0.8847615428462854,1744,393,31,0.6321946654188114,0.8160973327094057,1339,279,9,0.6551297898640297,-27.21600095411881,-24.953844706694888
2025-10-14,2190,1693,0.8847974252177205,1433,704,38,0.341132428638278,0.670566214319139,1139,459,19,0.425531914893617,-6.091548504933573,0.5749672239724508
2025-10-15,2179,1662,0.8857388316151202,1173,960,32,0.09985935302390998,0.549929676511955,883,729,14,0.09553349875930521,-0.06333769907392343,5.89930578185757
2025-10-16,2183,1700,0.8863183843747037,539,1593,29,-0.49437148217636023,0.2528142589118199,399,1218,13,-0.5064935064935064,-24.620442531582064,-19.679231542700528
2025-10-17,2187,1661,0.8862609364484184,1113,1018,42,0.044580009385265136,0.5222900046926325,912,698,19,0.13291925465838508,-18.54609037263735,-9.479846739889618
2025-10-20,2177,1639,0.8861295601116566,1723,419,28,0.6087768440709617,0.8043884220354809,1261,312,13,0.6033057851239669,14.950052909408393,22.807353023492247
2025-10-21,2182,1619,0.8870828123497163,1198,934,31,0.12382739212007504,0.5619136960600375,859,695,13,0.10553410553410554,19.267032553466137,25.410288076573217
2025-10-22,2185,1640,0.8882601189334356,896,1234,35,-0.15868544600938966,0.42065727699530514,652,905,17,-0.16249197174052665,8.736073079894942,14.10744224284297
2025-10-23,2178,1628,0.8882799730795116,1362,753,43,0.28794326241134754,0.6439716312056738,1025,539,15,0.31074168797953966,22.019857785628954,28.034654829792707
2025-10-24,2177,1603,0.8881254234007548,1269,842,40,0.20227380388441496,0.6011369019422075,897,642,18,0.16569200779727095,28.983921493756764,32.54976430837233
2025-10-27,2190,1657,0.885835294117647,1162,973,24,0.08852459016393442,0.5442622950819672,840,729,8,0.07074569789674952,29.10581567071323,31.500118595989974
2025-10-28,2178,1637,0.8877463581833762,727,1396,42,-0.3151201130475742,0.3424399434762129,493,1081,14,-0.3735705209656925,8.882270953082012,8.22935997580102
2025-10-29,2188,1687,0.8890151515151515,594,1544,24,-0.44434050514499535,0.2778297474275023,442,1157,6,-0.44715447154471544,-14.914290740129147,-15.387482973290696
2025-10-30,2189,1647,0.8888040469600076,766,1376,31,-0.28478057889822594,0.357609710550887,561,1051,8,-0.303970223325062,-27.207783221785576,-28.343733868914985
2025-10-31,2184,1666,0.891031175059952,1256,870,43,0.18156161806208843,0.5907808090310442,917,680,13,0.14840325610519725,-14.265570529477175,-16.660935743816214
2025-11-03,2193,1676,0.8901668709342887,905,1229,39,-0.15182755388940955,0.4240862230552952,711,894,17,-0.11401869158878504,-19.798109422481005,-19.709936052836806
2025-11-04,2197,1682,0.8905792308419163,700,1454,25,-0.3500464252553389,0.32497678737233054,521,1093,8,-0.3543990086741016,-34.34038319718335,-34.23729749105106
2025-11-05,2188,1678,0.8909021186846898,1461,688,26,0.35970218706375057,0.6798510935318753,1096,512,9,0.36318407960199006,-11.114894742613457,-10.607850619464406
2025-11-06,2190,1687,0.893232371036441,722,1409,36,-0.32238385734396996,0.338808071328015,530,1084,16,-0.34324659231722426,-25.30582986062916,-25.673167887121213
2025-11-07,2189,1687,0.891063586022532,1355,789,28,0.26399253731343286,0.6319962686567164,1129,488,15,0.396413110698825,-7.9937305043592985,-1.4426631607297111
2025-11-10,2187,1674,0.891146032962821,1407,732,29,0.3155680224403927,0.6577840112201964,1013,599,9,0.25682382133995035,9.426857354121225,12.302167228194943
2025-11-11,2185,1646,0.8940649059545853,1412,721,33,0.3239568682606657,0.6619784341303329,1026,558,14,0.29545454545454547,24.693767977365113,25.9240225803143
2025-11-12,2191,1675,0.8937049495434887,1097,1030,43,0.03149976492712741,0.5157498824635637,824,755,12,0.04369854338188727,23.000652553674904,24.85328868984187
2025-11-13,2198,1700,0.8923542198279936,484,1666,28,-0.5497674418604651,0.22511627906976744,360,1255,13,-0.5541795665634675,-7.625324735728229,-6.080360727228998
2025-11-14,2193,1682,0.8949871587558261,830,1329,21,-0.23112552107457157,0.38443723946271424,629,995,14,-0.22536945812807882,-17.840312655194595,-16.057723753419015
2025-11-17,2203,1705,0.892826924884836,339,1825,17,-0.6866913123844732,0.1566543438077634,245,1392,3,-0.7006719609040929,-49.26321532855745,-48.273205660845086
2025-11-18,2201,1693,0.8935163274964505,1118,1023,43,0.044371788883699206,0.5221858944418496,899,721,14,0.10987654320987654,-39.33032597423128,-35.04865145769168
2025-11-19,2195,1693,0.8951881848499286,856,1292,32,-0.20297951582867785,0.3985102420856611,690,932,7,-0.14919852034525277,-43.008619182030095,-36.520167534463525
2025-11-20,2207,1726,0.8931720127555806,490,1676,17,-0.5475530932594644,0.22622345337026778,389,1255,7,-0.5267639902676399,-63.16719565032727,-56.473986438550504
2025-11-21,2208,1734,0.8939621226326645,1770,386,35,0.6419294990723562,0.8209647495361782,1443,220,14,0.73541791942273,-20.612812935878694,-10.143036184833623
2025-11-24,2201,1709,0.8946671709531013,1313,845,33,0.21686746987951808,0.608433734939759,965,685,11,0.1696969696969697,-5.378853109987667,1.2345939767304699
2025-11-25,2211,1723,0.8955887921241954,1785,367,35,0.6589219330855018,0.8294609665427509,1380,267,10,0.6757741347905283,29.77579996699829,36.260153049662044
2025-11-26,2212,1700,0.8975308641975308,1524,621,48,0.42097902097902096,0.7104895104895105,1138,489,26,0.3988936693300553,47.78700374266224,52.18168201874659
2025-11-28,2187,1500,0.8984042025968877,1405,726,44,0.31862975129047394,0.6593148756452369,980,487,15,0.33605998636673484,57.83018446771427,62.391996729054114
2025-12-01,2207,1700,0.8969178725803421,772,1383,20,-0.2835266821345708,0.3582366589327146,536,944,8,-0.2756756756756757,36.02013139404295,40.22307272060126
2025-12-02,2199,1684,0.8972855386361487,939,1209,37,-0.12569832402234637,0.4371508379888268,671,941,13,-0.1674937965260546,25.083853264694973,26.476621287252108
2025-12-03,2191,1695,0.8957341458769759,1580,569,25,0.470451372731503,0.7352256863657515,1186,434,7,0.4641975308641975,45.41540103547144,46.17558857481494
2025-12-04,2210,1672,0.8982132674396502,1038,1092,51,-0.02535211267605634,0.48732394366197185,780,811,27,-0.01948460087994972,37.78162310393,38.603221075599706
2025-12-05,2207,1682,0.8963449457452884,989,1154,48,-0.07699486700886607,0.461502566495567,726,875,22,-0.09306683322923173,28.483697140301935,28.2567191409286
2025-12-08,2211,1697,0.897648165569144,693,1463,34,-0.35714285714285715,0.32142857142857145,511,1103,12,-0.3667905824039653,6.384152448998873,5.582988932343476
2025-12-09,2213,1688,0.8978590964821277,1174,982,35,0.08905380333951762,0.5445269016697588,865,749,17,0.07187112763320942,9.766953999808502,8.102120161200212
2025-12-10,2205,1733,0.9014667168108311,1573,577,40,0.46325581395348836,0.7316279069767442,1228,411,11,0.4984746796827334,31.320515086450236,31.545644363542923
2025-12-11,2205,1721,0.899793582285607,1386,755,46,0.29472209248014947,0.6473610462400747,1119,528,19,0.3588342440801457,41.16552116642971,44.450107554598844
2025-12-12,2215,1705,0.9010363178041266,708,1447,38,-0.34292343387470997,0.328538283062645,575,1070,15,-0.3009118541033435,17.49489744123705,22.273868136004197
2025-12-15,2213,1733,0.8995913059632176,983,1182,35,-0.09191685912240184,0.45404157043879906,760,892,12,-0.07990314769975787,9.719368406606543,14.252249412605035
2025-12-16,2211,1742,0.902088772845953,722,1430,44,-0.32899628252788105,0.3355018587360595,547,1109,23,-0.3393719806763285,-8.831276930309533,-5.650937491792806
2025-12-17,2209,1734,0.9018097447795823,989,1170,35,-0.08383510884668828,0.45808244557665584,810,859,11,-0.029358897543439184,-12.389863624661595,-7.139253450949531
2025-12-18,2220,1737,0.9023842917251051,1266,891,40,0.17385257301808066,0.5869262865090403,923,731,20,0.11608222490931076,-2.4861218369708546,-1.1040112061362855
2025-12-19,2224,1728,0.9020531173478998,1131,1038,35,0.042876901798063624,0.5214384508990318,868,795,14,0.043896572459410706,-0.5547755603112683,0.45235834671471936
2025-12-22,2226,1721,0.9009017298490982,1372,795,45,0.2662667281956622,0.633133364097831,1096,550,19,0.33171324422843257,12.268790703914169,16.171626111119846
2025-12-23,2221,1693,0.903122648607976,896,1277,39,-0.1753336401288541,0.41233317993557295,637,985,18,-0.21454993834771888,1.0915774900815274,2.2175827903230596
2025-12-24,2201,1450,0.9057949770350826,1411,732,51,0.31684554363042466,0.6584227718152124,931,477,24,0.3224431818181818,16.138561492768147,17.12544384538523
2025-12-26,2213,1622,0.9049302503344162,1096,1040,50,0.026217228464419477,0.5131086142322098,732,667,22,0.04646175839885633,14.391624249301113,15.986966657270187
2025-12-29,2218,1693,0.9028713876835011,792,1360,47,-0.26394052044609667,0.3680297397769517,583,965,24,-0.2467700258397933,-1.6818526606355162,0.2720446162129929
2025-12-30,2228,1711,0.9057490326147043,997,1188,26,-0.0874141876430206,0.4562929061784897,692,922,17,-0.14250309789343246,-6.589949515174354,-7.952227554653933
2025-12-31,2230,1696,0.9027944295859079,453,1728,39,-0.5845942228335625,0.2077028885832187,267,1340,19,-0.6677037958929682,-35.61242433775629,-41.204254022948675
2026-01-02,2221,1712,0.9064370568192283,1423,760,29,0.30371049015116813,0.651855245075584,1063,548,10,0.3196772191185599,-15.833342540138524,-20.059664632649532
2026-01-05,2225,1748,0.9051542616497299,1528,651,30,0.40247820100963744,0.7012391005048187,1168,497,9,0.403003003003003,6.095324652448824,2.28554681344164
2026-01-06,2230,1723,0.9046785780069995,1470,713,35,0.3467704993128722,0.6733852496564361,1166,508,14,0.3930704898446834,22.028473394010504,20.882649207866407
2026-01-07,2218,1716,0.9048678720445062,696,1467,47,-0.3564493758668516,0.3217753120665742,459,1191,17,-0.44363636363636366,0.38017944208949656,-5.156584164992104
2026-01-08,2217,1697,0.9070440956651719,1593,559,49,0.4804832713754647,0.7402416356877324,1231,402,18,0.5076546233925291,23.715619578102398,20.170203573483466
2026-01-09,2212,1700,0.9072754547159197,1309,850,37,0.2125984251968504,0.6062992125984252,945,678,12,0.1645101663585952,30.1546004875722,24.566533220315975
2026-01-12,2219,1689,0.9068282753515914,1249,908,40,0.15808993973110802,0.579044969865554,899,716,18,0.11331269349845201,32.78373188944391,25.642688759249022
2026-01-13,2224,1698,0.9083480360293434,1118,1055,33,0.028992176714219973,0.51449608835711,803,816,12,-0.008029647930821495,28.41283242775259,20.36747122977686
2026-01-14,2221,1721,0.9080077583818232,1349,819,40,0.2444649446494465,0.6222324723247232,1015,616,22,0.2446351931330472,35.30728762262908,28.38856493912271
2026-01-15,2226,1724,0.9085112281674522,1407,774,29,0.2902338376891334,0.6451169188445667,1096,566,10,0.31889290012033694,43.313955028119686,38.81754258528229
2026-01-16,2218,1691,0.908861469433539,923,1241,42,-0.14695009242144177,0.4265249537892791,724,913,13,-0.11545510079413561,28.083889379144793,25.82283071409869
2026-01-20,2232,1717,0.9075034106412005,486,1711,13,-0.5575785161583978,0.2212107419208011,363,1269,5,-0.5551470588235294,-5.609657384472267,-7.401359990803473
2026-01-21,2219,1738,0.9091989758595465,1742,438,30,0.5981651376146789,0.7990825688073394,1330,322,15,0.6101694915254238,23.39759110821135,22.494791273906863
2026-01-22,2223,1718,0.9084780199482823,1291,873,39,0.19316081330868762,0.5965804066543438,963,688,15,0.1665657177468201,27.831584398615217,25.763337959934475
2026-01-23,2221,1694,0.9098680542650065,774,1391,40,-0.2849884526558891,0.35750577367205544,555,1076,9,-0.31943592887798894,7.576027441688608,4.12904635544796
2026-01-26,2232,1693,0.9081717069583601,1047,1125,41,-0.03591160220994475,0.48204419889502764,784,836,14,-0.03209876543209877,2.673488628605135,-0.022060025870740407
2026-01-27,2222,1686,0.9103192966219343,1196,977,36,0.10078232857800276,0.5503911642890014,844,766,15,0.0484472049689441,5.303147039673113,0.4561528382832636
2026-01-28,2230,1725,0.9127659574468086,827,1341,39,-0.2370848708487085,0.3814575645756458,593,1035,16,-0.2714987714987715,-9.368370725397694,-15.134554750442259
2026-01-29,2229,1738,0.9108965014577259,1320,855,38,0.21379310344827587,0.6068965517241379,1010,659,9,0.21030557219892151,0.6782221539429756,-4.29871978016572
2026-01-30,2226,1739,0.914058209774849,871,1295,42,-0.19575253924284394,0.402123730378578,631,1035,16,-0.2424969987995198,-11.21261417954646,-17.652715831600513
2026-02-02,2230,1758,0.9125912408759124,1313,861,37,0.20791168353265868,0.6039558417663293,1009,667,14,0.20405727923627684,-1.140005035007066,-6.654404974629428
2026-02-03,2230,1765,0.9126399126399126,1180,1005,29,0.08009153318077804,0.540045766590389,966,730,10,0.1391509433962264,1.0867682911551226,-0.4628939590485201
2026-02-04,2224,1775,0.9143377332726446,1327,847,36,0.22079116835326587,0.610395584176633,1097,614,13,0.2822910578609001,10.020207402192408,11.990168152302076
2026-02-05,2236,1765,0.9151181670575501,698,1483,34,-0.3599266391563503,0.32003668042182487,540,1167,16,-0.36731107205623903,-11.427693570362486,-9.902521079111628
2026-02-06,2229,1705,0.915081459907163,1797,389,28,0.6440988106129918,0.8220494053064958,1407,257,11,0.6911057692307693,20.492762054422,24.349584297775625
2026-02-09,2234,1704,0.91421813881561,1240,943,27,0.13605130554283096,0.5680256527714155,903,726,12,0.10865561694290976,22.279912549832595,24.390878859132375
2026-02-10,2229,1706,0.9154388212684177,1311,864,35,0.20551724137931035,0.6027586206896551,959,668,14,0.17885679164105717,27.16982345248345,27.81429004970411
2026-02-11,2234,1687,0.9172720668361787,1114,1060,38,0.02483900643974241,0.5124195032198712,843,792,8,0.031192660550458717,22.18093641000912,23.2190286128645
2026-02-12,2242,1734,0.9174163368118028,630,1558,32,-0.42413162705667273,0.28793418647166363,424,1234,7,-0.48854041013269,-4.643998368177235,-6.812668592855127
2026-02-13,2233,1699,0.9184458902226702,1488,701,33,0.3595248972133394,0.6797624486066697,1155,491,13,0.40340218712029163,11.62672860181492,12.141423501867948
2026-02-17,2244,1720,0.91629284048089,1055,1138,29,-0.03784769721842225,0.48107615139078885,776,863,16,-0.05308114704087859,5.611436796561057,5.462298417288333
2026-02-18,2235,1721,0.918241879243898,1268,925,31,0.15640674874601004,0.5782033743730051,984,673,7,0.18768859384429692,10.153027417307815,11.762822022145091
2026-02-19,2237,1698,0.9174953959484347,1029,1150,38,-0.055530059660394676,0.47223497016980265,815,826,13,-0.006703229737964655,3.388481840639515,7.3713644150738205
2026-02-20,2234,1704,0.918731778425656,1305,871,43,0.19944852941176472,0.5997242647058824,980,648,18,0.20393120393120392,10.336782416992895,14.111533022410944
2026-02-23,2230,1719,0.9200911161731208,576,1607,31,-0.4722858451672011,0.26385707741639947,438,1199,16,-0.4648747709224191,-17.360823231258227,-13.63647922610902
2026-02-24,2232,1704,0.9208103130755064,1449,728,32,0.3311897106109325,0.6655948553054662,1127,519,11,0.36938031591737547,-0.7816941554499579,4.419907039526681
2026-02-25,2230,1714,0.9212177121771218,1227,938,44,0.13348729792147807,0.566743648960739,884,752,14,0.08068459657701711,3.5122490406706426,5.401231794429654
2026-02-26,2242,1720,0.9197632058287796,1332,844,39,0.22426470588235295,0.6121323529411765,1042,602,15,0.26763990267639903,11.70487962619414,15.561023605868641
2026-02-27,2243,1715,0.9198975859546452,901,1299,25,-0.1809090909090909,0.40954545454545455,689,961,11,-0.16484848484848486,-1.6076354608864225,2.545421110375437
2026-03-02,2253,1754,0.9207741702089174,1209,996,27,0.09659863945578231,0.5482993197278911,909,763,5,0.08732057416267942,0.8935888352077856,4.01280682173509
2026-03-03,2246,1767,0.9219768283852281,508,1705,22,-0.5408947130591957,0.22955264347040216,420,1280,10,-0.5058823529411764,-28.846999961556605,-24.41278878435388
2026-03-04,2243,1731,0.9213472834067548,1377,816,33,0.2558139534883721,0.627906976744186,1024,656,13,0.21904761904761905,-14.295535055603988,-12.348110484198406
2026-03-05,2255,1757,0.9223265895953757,526,1670,38,-0.5209471766848816,0.2395264116575592,414,1262,11,-0.5059665871121718,-40.62061139439917,-38.221780293134024
2026-03-06,2248,1760,0.920961887477314,479,1736,19,-0.5674943566591422,0.2162528216704289,375,1327,6,-0.5593419506462984,-65.25280760581008,-62.82142725501465
2026-03-09,2253,1813,0.9217741935483871,946,1262,26,-0.1431159420289855,0.42844202898550726,806,913,14,-0.062245491564863295,-64.76815059702953,-58.685195317075745
2026-03-10,2252,1755,0.921121902514296,1024,1168,45,-0.06569343065693431,0.46715328467153283,740,974,17,-0.13652275379229872,-60.15880253293446,-58.569154144924376
2026-03-11,2247,1743,0.9222365038560412,762,1428,41,-0.3041095890410959,0.34794520547945207,537,1138,17,-0.35880597014925375,-67.83782384467658,-69.29125398985808
2026-03-12,2254,1768,0.9235418002014467,490,1717,24,-0.55595831445401,0.22202084277299503,389,1306,11,-0.5410029498525074,-86.65663421763841,-87.22204207248981
2026-03-13,2250,1758,0.9228924552665559,795,1403,38,-0.27661510464058237,0.3616924476797088,659,1038,15,-0.22333529758397172,-88.34627342476124,-86.23337305935073
2026-03-16,2257,1735,0.9232105311271597,1503,706,28,0.3607967406066093,0.6803983703033046,1162,520,13,0.3816884661117717,-57.47859131736782,-54.70570600303285
2026-03-17,2247,1737,0.9252500926268988,1441,756,37,0.31178880291306327,0.6558944014565317,1116,561,17,0.33094812164579607,-33.24972704363693,-30.013039363164683
2026-03-18,2256,1748,0.9244223511000644,423,1775,32,-0.6151046405823476,0.1924476797088262,311,1376,13,-0.6312981624184943,-58.71247162914936,-56.8630583924761
2026-03-19,2252,1769,0.923980335032775,982,1210,43,-0.10401459854014598,0.44799270072992703,820,862,27,-0.02497027348394768,-54.63505378950667,-49.219114923847656
2026-03-20,2256,1792,0.9252811026478056,393,1827,21,-0.6459459459459459,0.17702702702702702,341,1383,9,-0.6044083526682135,-77.97225363795464,-71.40935164276439
2026-03-23,2252,1780,0.9257808942719242,1745,467,24,0.5777576853526221,0.788878842676311,1364,362,9,0.5805330243337196,-36.350516675259485,-30.777888429127724
2026-03-24,2246,1751,0.9253470626091753,1206,987,40,0.09986320109439124,0.5499316005471956,1035,655,18,0.22485207100591717,-24.476903201690366,-13.668145605712848
2026-03-25,2247,1739,0.9244808641400503,1363,840,25,0.23740354062641852,0.6187017703132093,988,685,19,0.18111177525403466,-7.325562189178951,-1.157989551258693
2026-03-26,2250,1741,0.9260560125704779,735,1471,21,-0.33363553943789664,0.33318223028105165,614,1054,9,-0.2637889688249401,-21.176491815751554,-12.701053380892835
2026-03-27,2237,1753,0.9279742765273312,387,1814,18,-0.6483416628805089,0.17582916855974556,308,1369,8,-0.6326774001192605,-48.648460359522986,-40.95128925304159
2026-03-30,2249,1781,0.9274053807569539,1104,1097,24,0.0031803725579282144,0.5015901862789641,835,859,16,-0.014167650531286895,-39.3176493907281,-33.97499699806489
2026-03-31,2243,1803,0.9279775890113863,1798,413,16,0.6264133876074175,0.8132066938037087,1425,290,9,0.6618075801749271,0.018432987019638414,5.958369400241231
2026-04-01,2248,1751,0.9284999545165105,1370,822,34,0.25,0.625,1013,681,17,0.1959858323494687,14.830021874687985,16.780518432518832
2026-04-02,2250,1725,0.930194058677458,1210,989,31,0.10050022737608004,0.55025011368804,963,703,12,0.15606242496998798,19.94479163307498,23.953382893979548
2026-04-06,2251,1676,0.927674397286644,1349,849,31,0.22747952684258416,0.6137397634212921,997,629,13,0.22632226322263221,30.567160791655695,33.47940700669078
2026-04-07,2258,1732,0.9290404961692813,1351,846,38,0.22985889849795174,0.6149294492489759,1029,589,18,0.2719406674907293,39.615419201052305,43.73768080143028
2026-04-08,2253,1757,0.9287094103578327,1716,500,21,0.5487364620938628,0.7743682310469314,1248,435,10,0.483065953654189,63.09748122487671,62.846080800098406
2026-04-09,2248,1734,0.9309713448686259,1363,837,32,0.2390909090909091,0.6195454545454545,988,688,14,0.17899761336515513,67.3768791989745,63.666115380507456
2026-04-10,2247,1672,0.9285450175633204,934,1250,43,-0.1446886446886447,0.42765567765567764,674,941,12,-0.1653250773993808,51.509902381855554,46.83277983162785
2026-04-13,2251,1699,0.9288194444444444,1555,627,47,0.42529789184234645,0.7126489459211732,1159,436,18,0.45329153605015676,66.18541451785913,63.13694471065453
2026-04-14,2253,1711,0.9291808091000826,1380,820,36,0.2545454545454545,0.6272727272727273,979,655,13,0.19828641370869032,69.86442845670831,64.01106484159575
2026-04-15,2261,1686,0.9291750872680508,1115,1086,38,0.013175829168559746,0.5065879145842799,829,799,15,0.018427518427518427,60.59218196329607,55.44543746528392
2026-04-16,2256,1694,0.9318430656934307,1133,1051,56,0.037545787545787544,0.5187728937728938,861,745,20,0.0722291407222914,53.57994822047352,50.534679985949545
2026-04-17,2254,1740,0.9303733602421796,1721,495,20,0.5532490974729242,0.7766245487364621,1270,378,6,0.5412621359223301,73.1017541256147,69.53495870119083
2026-04-20,2258,1687,0.9301143583227446,1207,991,38,0.09827115559599636,0.5491355777979982,950,686,9,0.16136919315403422,66.67849231003595,66.4378750708014
2026-04-21,2258,1715,0.9332179300291545,672,1539,29,-0.3921302578018996,0.3039348710990502,535,1101,5,-0.34596577017114916,36.333140326271135,38.09093102520525
2026-04-22,2255,1673,0.9330613758575932,1036,1150,49,-0.05215004574565416,0.4739249771271729,709,912,14,-0.12523133867982728,27.205209281333133,24.700560785660603
2026-04-23,2254,1683,0.9335286577549899,966,1236,34,-0.1226158038147139,0.43869209809264303,740,879,7,-0.08585546633724521,15.74151428805149,15.097085044050731
2026-04-24,2244,1669,0.93445832556405,1161,1018,44,0.0656264341441028,0.5328132170720514,808,795,16,0.008109794135995009,15.273459395296264,11.508890883416049
2026-04-27,2259,1679,0.9335002782415136,1199,983,45,0.09899175068744272,0.5494958753437214,876,721,16,0.09705698184095178,16.465170992181054,12.830799806904158
2026-04-28,2254,1687,0.933947343938971,994,1206,37,-0.09636363636363636,0.45181818181818184,757,854,14,-0.06021104903786468,7.633989200002696,6.03347639351115
2026-04-29,2258,1702,0.933839881393625,638,1565,29,-0.4207898320472084,0.28960508397639584,456,1179,9,-0.44220183486238535,-16.176150962488414,-18.90794179813347
2026-04-30,2269,1723,0.9339795171909291,1763,456,24,0.5890040558810274,0.7945020279405137,1295,355,9,0.5696969696969697,14.03675434980592,10.456625584968807
2026-05-01,2262,1701,0.935599778883361,1019,1189,39,-0.0769927536231884,0.4615036231884058,704,945,14,-0.14614918132201335,6.498764144857748,-0.28125998135274805
2026-05-04,2262,1738,0.9352277852954443,656,1554,34,-0.4063348416289593,0.29683257918552036,516,1133,13,-0.3741661613098848,-16.44581570138577,-20.861594840044482
2026-05-05,2257,1713,0.9357255155830945,1513,683,43,0.377959927140255,0.6889799635701275,1134,511,16,0.37872340425531914,3.23353604704367,-0.7089948917654992
2026-05-06,2266,1744,0.934564065070371,1453,762,27,0.31196388261851016,0.6559819413092551,1058,599,15,0.27700663850331925,16.743411885628376,11.43918475087187
2026-05-07,2256,1723,0.9381199381199381,756,1439,42,-0.3111617312072893,0.34441913439635535,551,1114,14,-0.33813813813813814,-2.945642023099812,-8.988556410500413
2026-05-08,2256,1712,0.9364947310038824,1225,972,36,0.11515703231679562,0.5575785161583978,851,803,9,0.02902055622732769,1.550883271257332,-8.051397603147919
2026-05-11,2265,1721,0.938362381989833,854,1354,30,-0.22644927536231885,0.3867753623188406,638,1010,10,-0.22572815533980584,-11.692657402379321,-19.94730541320248
2026-05-12,2265,1741,0.9389864617636298,853,1345,45,-0.22383985441310283,0.3880800727934486,681,979,18,-0.17951807228915662,-22.826950343865963,-27.70806591120065
2026-05-13,2270,1743,0.9390975362185107,809,1392,45,-0.26487960018173556,0.3675601999091322,573,1100,17,-0.315002988643156,-34.28462334554935,-40.97922162513305
2026-05-14,2272,1727,0.9401607893294354,1286,920,45,0.1659111514052584,0.5829555757026292,973,685,20,0.17370325693606756,-22.369973065911193,-27.685851373458416
2026-05-15,2266,1752,0.9389986219568213,482,1743,19,-0.5667415730337079,0.21662921348314607,398,1266,10,-0.5216346153846154,-48.70373343343933,-50.94848416744345
2026-05-18,2267,1746,0.9409797541576284,1318,893,27,0.19222071460877432,0.5961103573043871,1096,590,8,0.3001186239620403,-33.027465498384586,-29.495630818130667
2026-05-19,2273,1744,0.9415268994592613,652,1561,34,-0.41075463172164484,0.2946226841391776,502,1172,13,-0.4002389486260454,-49.607886402941816,-46.02384167978186
2026-05-20,2272,1770,0.9403094387988647,1649,567,32,0.48826714801444043,0.7441335740072202,1229,464,11,0.4518606024808033,-18.585017857519272,-17.320365202752285
2026-05-21,2268,1735,0.940483797352807,1232,983,32,0.11241534988713318,0.5562076749435666,975,714,13,0.15452930728241562,-10.760130068260764,-7.558855748797623
2026-05-22,2264,1726,0.9410042989115521,1255,942,41,0.14246700045516614,0.571233500227583,937,725,17,0.12755716004813478,-2.5134678297017885,-0.5235782486364398
2026-05-26,2265,1746,0.9398748526344427,1488,719,34,0.3484367920253738,0.674218396012687,1070,586,18,0.2922705314009662,14.848485301925034,13.729870472886128
2026-05-27,2269,1734,0.9427505233457723,1145,1065,33,0.03619909502262444,0.5180995475113123,823,854,12,-0.018485390578413835,14.006827952818869,10.310123678454488
2026-05-28,2269,1759,0.9428107523001984,1208,984,50,0.10218978102189781,0.551094890510949,849,818,20,0.01859628074385123,16.516711079532676,9.188773116936416
2026-05-29,2279,1740,0.9427591188154568,923,1287,42,-0.16470588235294117,0.4176470588235294,656,1026,15,-0.21997621878715815,5.235294428733366,-3.744550455296685
2026-06-01,2285,1762,0.9430662145279315,945,1291,24,-0.1547406082289803,0.42262969588550986,749,941,6,-0.1136094674556213,-3.938229573645667,-9.465481790702661
2026-06-02,2282,1733,0.9434680195687625,1255,967,42,0.12961296129612962,0.5648064806480648,962,714,16,0.14797136038186157,2.4557770284439844,-1.230509281647113
2026-06-03,2274,1789,0.9439971048584095,552,1678,27,-0.5049327354260089,0.24753363228699551,454,1247,9,-0.466196355085244,-23.81691104801851,-24.891841013351666
2026-06-04,2277,1723,0.9433774234462765,1545,669,35,0.3956639566395664,0.6978319783197832,1198,489,10,0.4202726733847066,-1.1311401948750874,-0.6743690153947655
2026-06-05,2273,1750,0.9440565781122495,674,1546,31,-0.3927927927927928,0.3036036036036036,564,1118,11,-0.32936979785969084,-21.151987886081038,-17.447182174284517
2026-06-08,2275,1719,0.9452462565397799,1077,1125,51,-0.021798365122615803,0.4891008174386921,795,854,24,-0.035779260157671314,-19.61433133912288,-17.021174629162854
2026-06-09,2273,1775,0.9459556191839656,1455,755,38,0.3167420814479638,0.6583710407239819,1141,537,11,0.3599523241954708,-1.27454100624906,3.2147469127190837
2026-06-10,2282,1759,0.9461753815587465,907,1299,46,-0.17769718948322757,0.4111514052583862,663,1038,16,-0.2204585537918871,-10.309611113170265,-8.520157802903348
2026-06-11,2279,1743,0.947655690765927,1571,637,47,0.4230072463768116,0.7115036231884058,1214,467,12,0.4443783462224866,12.052173793979916,14.730944454972681
2026-06-12,2256,1742,0.9499863350642253,1472,724,40,0.3406193078324226,0.6703096539162113,1159,514,11,0.3855349671249253,26.991842093403974,31.594813208303755
2026-06-15,2283,1758,0.946569026308652,1052,1168,20,-0.05225225225225225,0.47387387387387386,774,910,8,-0.08076009501187649,19.98672127471078,22.54069381952021
2026-06-16,2285,1729,0.9474593218798291,1117,1105,37,0.0054005400540054005,0.5027002700270027,855,819,14,0.021505376344086023,16.780048983667427,19.79999184081081
2026-06-17,2291,1784,0.9492481203007519,539,1692,33,-0.5168086060062752,0.2415956969968624,376,1309,11,-0.5537091988130564,-12.156013373107008,-11.403037068046899
2026-06-18,2278,1751,0.949039949039949,1322,897,42,0.1915277151870212,0.5957638575935106,987,714,11,0.16049382716049382,-1.418750561618793,-2.3144603011025016
2026-06-22,2290,1753,0.949128038312099,942,1287,32,-0.15477792732166892,0.4226110363391655,734,937,17,-0.12148414123279473,-9.546579230422783,-8.631053283523956
2026-06-23,2283,1768,0.9510237214756021,1158,1059,44,0.044654939106901215,0.5223274695534507,912,780,12,0.07801418439716312,-6.476496524669574,-4.013668735578788
2026-06-24,2293,1811,0.9492590929501572,1247,973,45,0.12342342342342343,0.5617117117117117,992,732,13,0.15081206496519722,0.11923088719888002,3.594157424993933
2026-06-25,2294,1770,0.9495461825947678,1297,944,30,0.1575189647478804,0.5787594823739403,1025,708,9,0.1829197922677438,7.462758736133262,11.686264370285967
2026-06-26,2295,1799,0.9513523163438364,1475,757,40,0.3216845878136201,0.66084229390681,1161,557,12,0.35157159487776485,21.912442406578478,26.979174617160282
2026-06-29,2301,1803,0.9511377668019051,1175,1064,38,0.049575703439035286,0.5247878517195177,813,917,20,-0.06011560693641618,20.551915514047003,19.335356914442972
2026-06-30,2303,1792,0.9498113538650522,1053,1202,31,-0.06607538802660753,0.46696230598669625,770,953,14,-0.10621009866511898,13.503350870080217,10.398491407612308
2026-07-01,2298,1790,0.9530698659139026,1223,1022,36,0.08953229398663697,0.5447661469933185,907,814,12,0.054038349796629866,15.18969544580044,10.717901365321476
2026-07-02,2300,1750,0.9525733356753908,1314,924,39,0.1742627345844504,0.5871313672922251,1031,668,16,0.21365509123013537,20.792093610702903,18.91824444401149
2026-07-06,2311,1729,0.9531743247983164,1212,1028,50,0.08214285714285714,0.5410714285714285,875,793,19,0.049160671462829736,20.87218970156133,17.610225565706106
2026-07-07,2309,1755,0.9546865301055245,916,1337,39,-0.18686196182867287,0.40656901908566356,726,946,16,-0.13157894736842105,7.386069962160975,7.366837355363938
2026-07-08,2303,1741,0.9533924339506714,675,1568,39,-0.3981275078020508,0.30093624609897457,491,1188,12,-0.4151280524121501,-14.74477006350603,-15.605549003441896
2026-07-09,2294,1753,0.9537609011627907,1378,854,43,0.23476702508960573,0.6173835125448028,1030,642,13,0.23205741626794257,-1.948187790550962,-2.80963816119904
2026-07-10,2273,1700,0.9545865749954767,1322,877,60,0.20236471123237834,0.6011823556161892,1025,610,25,0.25382262996941896,7.382515298917005,9.233174484798417
2026-07-13,2288,1739,0.9565995525727069,1012,1205,36,-0.08705457825890843,0.4564727108705458,781,864,16,-0.050455927051671734,0.8523893893531975,4.269685573647719
2026-07-14,2299,1703,0.9571009858779643,1283,944,45,0.1522227211495285,0.5761113605747643,922,713,16,0.12782874617737003,7.22873476015122,8.91878778819772
2026-07-15,2301,1742,0.956271576524741,1243,1001,36,0.10784313725490197,0.553921568627451,905,748,13,0.09497882637628555,10.42538718365145,11.206680252642757
2026-07-16,2291,1749,0.9576097604417134,1314,915,38,0.17900403768506057,0.5895020188425303,1050,618,13,0.2589928057553957,16.664443091333816,21.307493877435565
2026-07-17,2290,1743,0.9567741359292667,720,1506,46,-0.353099730458221,0.32345013477088946,575,1087,18,-0.30806257521058966,-4.689674730218505,1.484383008946967
2026-07-20,2295,1736,0.9593038821954485,827,1404,42,-0.25862841774988793,0.370685791125056,561,1089,12,-0.32,-18.200431458577995,-16.068669938126035
2026-07-21,2304,1730,0.9575258826652508,1283,960,33,0.1440035666518056,0.5720017833259028,981,679,10,0.1819277108433735,-9.529527083947793,-5.899801316014152
2026-07-22,2299,1744,0.9591380543633763,1005,1236,37,-0.10307898259705489,0.4484605087014726,803,861,16,-0.03485576923076923,-14.422383670662255,-8.015093641235557
2026-07-23,2304,1761,0.9611736548178353,688,1561,31,-0.388172521120498,0.305913739439751,568,1113,19,-0.3242117787031529,-32.788341060121965,-24.25139358471286
2026-07-24,2286,1726,0.9604570204409533,1343,881,48,0.2077338129496403,0.6038669064748201,1058,604,16,0.273164861612515,-18.531976219302493,-8.143341052678998
2026-07-27,2300,1717,0.9606971367597368,1393,833,41,0.25157232704402516,0.6257861635220126,1050,604,11,0.26964933494558646,-4.058198694586086,5.493984234126923
2026-07-28,2306,1751,0.9607929905301354,1423,809,54,0.27508960573476704,0.6375448028673835,1071,582,19,0.2958257713248639,9.513036017056463,18.43524925213922
2026-07-29,2308,1766,0.9623731186559328,707,1526,52,-0.3667711598746082,0.3166144200626959,558,1128,20,-0.33807829181494664,-11.024161765043198,-2.287348560711486
2026-07-30,2303,1754,0.9611522198731501,1202,1035,39,0.07465355386678588,0.5373267769333929,876,821,7,0.03241013553329405,-6.457109372843491,-1.4693115804832493
2026-07-31,2309,1765,0.9621178750770857,988,1256,35,-0.11942959001782531,0.44028520499108736,715,972,12,-0.15234143449911083,-12.224151224879083,-10.000121906105933
2026-08-03,2316,1759,0.9630216587427364,1575,674,39,0.40062249888839485,0.7003112494441974,1214,475,12,0.43753700414446417,8.908753193065891,12.249957807195948
2026-08-04,2311,1784,0.9625593250131833,1500,747,43,0.33511348464619495,0.6675567423230975,1127,578,13,0.32199413489736073,23.657391992333523,25.435382710677914
2026-08-05,2315,1761,0.9641846480367882,953,1280,58,-0.1464397671294223,0.42678011643528885,719,978,21,-0.15262227460223923,12.07152861696481,12.850923614621596
2026-08-06,2310,1748,0.9638703950288504,965,1279,45,-0.13992869875222816,0.43003565062388593,712,975,16,-0.15589804386484885,2.4308112067994507,1.8631680062898628
2026-08-07,2313,1745,0.9645459392216101,1424,823,47,0.2674677347574544,0.6337338673787272,1024,649,17,0.22414823670053796,14.545665440558201,11.461635149404119
